patient_id,first_name,last_name,date_of_birth,age,gender,ssn,phone_number,email,address,city,state,zip_code,admission_date,discharge_date,length_of_stay_days,admission_type,department,attending_physician,primary_diagnosis,secondary_diagnosis,medication_1,medication_2,height_cm,weight_kg,bmi,blood_pressure,heart_rate_bpm,temperature_celsius,oxygen_saturation_pct,blood_glucose_mgdl,creatinine_mgdl,hba1c_pct,insurance_provider,insurance_claim_amount_usd,icu_days,readmission_30day_flag,smoker,alcohol_use,discharge_disposition
93810,Michelle,Mitchell,1961-12-20,58,M,532-53-5552,359-420-6514,michelle.mitchell14@gmail.com,5636 Hill Blvd,Fort Worth,FL,59797,2020-07-03,2020-07-08,5,Urgent,Orthopedics,Dr. Rivera,Type 2 Diabetes,Pneumonia,Amlodipine,Hydrochlorothiazide,151.4,53.0,23.1,167/61,,37.8,92,73,6.19,5.4,Humana,70584.69,0,1,No,None,Deceased
83000,Betty,Moore,1945-01-06,75 yrs,male,697-61-6930,424-341-9348,betty.moore64@gmail.com,2505 Maple Way,Phoenix,OK,,2020-07-27,2020-07-24,-3,Emergency,Neurology,Dr. Baker,Migraine,Asthma,Hydrochlorothiazide,,192.4,119.5,32.3,173/91,108,36.6 C,99,345,2.47,9.3,Anthem,21744.49,0,0,0,Moderate,Rehab Facility
24662,  Andrew  ,Garcia,1967-08-03,-999,M,873-98-4295,930-519-7537,andrew.garcia86@hotmail.com,7398 Oak Ave,Seattle,CT,67422,2020-09-07,2020-09-09,2,Elective,Cardiology,Dr. Perez,Hyperlipidemia,,Metformin,Albuterol,186.7,N/A,36.8,106/68,120,38.1,97,286,N/A,12.4,BlueCross BlueShield,6498.92,2,0,No,,Home
24322,SANDRA,THOMAS,1980-03-31,39,M,102-59-5345,665-492-7930,sandra.thomas90aol.com,2537 Cedar Blvd,San Francisco,SC,,2019-07-29,2019-08-12,14,Transfer,Cardiology,Dr. Allen,Atrial Fibrillation,UTI,Pantoprazole,,188.8,91.8,25.8,159/60,80,37.9,91,-999,7.27,5.5,BlueCross BlueShield,49863.01,2,0,No,Occasional,Discharged to SNF
PT-19508,Susan,Allen,09/23/1995,28,F,***-**-2697,3374702891,susan.allen14@aol.com,9910 Cedar Rd,Austin,NC,30374,2024-04-25,2024-04-29,4,Urgent,Pediatrics,Dr. Hernandez,Anxiety Disorder,,Gabapentin,Gabapentin,165.7,,18.5,126/70,119,,100,340,0.56,11.4,Medicaid,70579.91,0,0,1,,Discharged to SNF
63264,Anthony,Johnson,1961-03-28,58,M,458-49-4728,4282244164,anthony.johnson52@hotmail.com,4574 Elm Rd,Houston,OK,46517,2019-10-28,2019-11-23,26,Emergency,ICU,Dr. Thompson,Stroke,Pneumonia,Levothyroxine,Amlodipine,164.9,124.1,45.6,121/77,,36.2,95,183,2.0,12.3,Centene,81834.15,2,0,Y,Heavy,Deceased
50538,anthony,Nelson,2002-07-20,18,F,318758752,953-373-2389,anthony.nelson37@aol.com,5492 Oak Way,Oklahoma City,CO,,2021-04-26,2021-05-14,18,Transfer,General Medicine,Dr. Clark,Parkinson's Disease,,Sertraline,,190.6,97.3 kg,26.8,160/60,,38.3,98,234,3.99,8.0,BlueCross BlueShield,4405.06,1,0,Unknown,,Home
88047,Steven,Ramirez,1979-09-15,45,F,443-50-9849,282-341-3471,,1053 Washington Dr,San Diego,SC,30028,2024-11-14,2024-12-11,27,Transfer,General Medicine,Dr. Smith,Anxiety Disorder,Hypothyroidism,Lisinopril,,183.5,,25.3,121/100,116,37.0 C,95,-999,5.85,,Centene,-684.78,3,0,Y,Moderate,AMA
83975,Patricia,Taylor,1978-06-14,41,F,329-93-2124,999-867-1659,patricia.taylor97@gmail.com,334 Hill Ave,Baltimore,OH,42411,2019-07-10,2019-08-07,28,Emergency,Pediatrics,Dr. Miller,Hyperlipidemia,,Amlodipine,Losartan,170.5,73.7,25.4,125/108,103,36.3,,346,0.89,,Kaiser Permanente,14678.18,3,0,,None,Discharged to SNF
11658,Sandra,Rivera,1949-06-20,,M,561-41-8613,,sandra.rivera44@gmail.com,2980 Park Ave,Jacksonville,OK,74789,2022-11-11,2022-11-23,12,Routine,Surgery,Dr. Carter,Osteoarthritis,Anxiety Disorder,Gabapentin,Gabapentin,183.0,127.1,38.0,158/109,105,38.4,93,195,6.73,4.8,Anthem,80611.29,4,0,yes,N/A,AMA
34267,Charles,Miller,1964-10-21,59,M,391-70-8843,6515484020,charles.miller7@hotmail.com,1071 Washington Dr,Baltimore,FL,,2024-08-11,2024-09-05,25,Routine,Psychiatry,Dr. Flores,Asthma,Migraine,Lisinopril,,166.2,70.7,25.6,106-77,56,38.8,90 %,321,1.27,4.1,AETNA,84486.08,4,0,yes,,Deceased
47762,thomas,Green,1980-09-24,38,female,816-61-5460,712-752-9090,THOMAS.GREEN57@GMAIL.COM,7079 Elm Ln,Albuquerque,NY,88385,2018-10-19,2018-11-10,22,Elective,Surgery,Dr. Adams,Obesity,,Albuterol,Prednisone,174.5,100.0,32.8,108/64,89,,N/A,294,N/A,10.2,Humana,49192.87,4,0,1,Moderate,AMA
10150,Donna,Carter,1977-01-27,,F,114-80-7684,295-430-2858,donna.carter60@gmail.com,8166 Pine Ln,Philadelphia,OR,94896,2018-08-11,2018-08-18,7,Transfer,Oncology,Dr. Jones,Epilepsy,,Aspirin,Albuterol,184.2,62.3,18.4,126/88,112,39.9,97,192,5.82,6.8,United Health,32913.02,3,1,no,Heavy,Rehab Facility
PT-63841,Carol,martinez,1982-06-07,39,F,,8652826383,carol.martinez87@aol.com,7995 Lake St,El Paso,NJ,59808,2022-04-11,2022-04-24,13,Emergency,Emergency,Dr. Brown,Sepsis,,Sertraline,Atorvastatin,155.7,127.1,-999,102/88,-6,37.6,,149,1.06,11.0,UNKNOWN,37990.84,3,0,no,Moderate,Home
67898,Karen,Gonzalez,1966-11-02,55,F,952-46-4770,821-560-4588,karen.gonzalez82@yahoo.com,2241 Oak Rd,Boston,NC,91381,2022-10-04,2022-10-27,23,Routine,Orthopedics,Dr. Rodriguez,Appendicitis,,Insulin Glargine,,N/A,77.4,-999,127/104,100,38.3,98,95,7.33,10.7,Aetna,77363.55,2,0,0,Moderate,Discharged to SNF
11824,Kenneth,White,1973-01-24,,M,146-14-5986,704-318-2592,kenneth.white31@aol.com,6079 Lake Dr,Indianapolis,WA,,2020-12-09,2020-12-28,19,Routine,Orthopedics,Dr. White,UTI,Heart Failure,Warfarin,Aspirin,171.2,97.7,33.3,,58,37.9,99,224,5.37,5.1,Humana,3264.53,4,0,No,N/A,AMA
40539,,Rodriguez,1993-06-20,24,F,587-67-6931,725-807-2786,barbara.rodriguez58@aol.com,8544 Pine Dr,New York,WI,,2018-01-12,2018-01-21,9,Emergency,Psychiatry,Dr. Martinez,Appendicitis,Type 2 Diabetes,Aspirin,Warfarin,154.9,118.6,49.4,135/110,-2,36.2,99,285,4.45,10.7,Medicare,60697.91,5,0,No,Occasional,Transferred
22463,Donald,Jones,1962-11-13,,M,394-86-6119,560-306-9313,DONALD.JONES28@YAHOO.COM,1774 Elm Way,Dallas,TN,96079,2022-03-14,2022-03-19,5,Transfer,Pediatrics,Dr. Johnson,Pneumonia,Parkinson's Disease,Gabapentin,Warfarin,,53.2,22.4,106/95,92,37.6,98,286,7.01,N/A,CENTENE,57535.53,4,1,Former,Moderate,Rehab Facility
30632,Ashley,Hill,04/27/1947,,F,309-48-4460,985-340-5186,ashley.hill38@hotmail.com,7056 Maple Ave,San Francisco,CA,25726,2021-01-19,2021-02-03,15,Emergency,Psychiatry,Dr. Ramirez,Rheumatoid Arthritis,Hyperlipidemia,Clopidogrel,Furosemide,N/A,88.5,34.7,104/78,112,37.2,91,272,7.88,4.5 %,BlueCross BlueShield,37360.56,0,0,,Heavy,Transferred
24945,Carol,Martinez,1971-05-06,,M,758-91-6295,N/A,carol.martinez57@gmail.com,4962 Pine Ln,El Paso,MA,71462,2021-12-09,2022-01-02,24,Emergency,Psychiatry,Dr. Allen,Type 2 Diabetes,Asthma,Sertraline,,161.5,59.7,22.9,173/64,113,N/A,97,,5.61,11.9,Kaiser Permanente,70778.37,0,0,N,Heavy,Deceased
89928,  Michelle  ,hill,1965/05/18,57,,778-60-3112,809-925-2388,michelle.hill40@aol.com,5382 Maple Rd,Louisville,CO,593XX,2022-05-06,2022-05-20,14,Elective,Emergency,Dr. Roberts,Epilepsy,Alzheimer's Disease,Clopidogrel,,179.1,50.6,-999,176/84,69 bpm,38.3,90,249,2.83 ,9.9,Anthem,31074.47,5,0,1,Occasional,Discharged to SNF
98652,  Mark  ,Anderson,1994-10-11,,M,936-35-3267,456-253-8873,mark.anderson48@aol.com,8453 Oak Blvd,Milwaukee,SC,23446-0000,2021-03-13,2021-04-07,25,Emergency,Cardiology,Dr. Sanchez,Asthma,Obesity,Insulin Glargine,Omeprazole,186.4,84.9,24.4,N/A,106,37.1,,,4.46,12.7,Cigna,69511.43,3,0,0,Moderate,AMA
89807,Jessica,Clark,,54,F,784-20-9576,569-269-9618,jessica.clark70@aol.com,6398 Park St,Los Angeles,MO,765XX,2020-08-31,2020-09-10,10,Transfer,Emergency,Dr. Rodriguez,Appendicitis,Osteoarthritis,Gabapentin,Furosemide,187.7,87.5,24.8,,68,,93,193,4.78,5.7,Cigna,62433.52,0,0,Yes,Moderate,Rehab Facility
94790,Nancy,Ramirez,04/15/1944,77,F,284-79-5813,528-305-2311,nancy.ramirez42hotmail.com,6982 Maple Rd,Oklahoma City,MA,50173,2021-09-21,2021-09-30,9,Transfer,Oncology,Dr. Johnson,Anemia,Type 2 Diabetes,Furosemide,Warfarin,190.3,77.9,21.5,,-999,36.3,94,110,3.73,,Aetna,57215.04,2,0,Former,,Rehab Facility
77861,DONNA,Jackson,1963-06-26,57,F,261-99-3852,570-720-4673,donna.jackson16@yahoo.com,8095 Main Blvd,Louisville,GA,28202,2020-12-02,2020-12-25,23,Routine,ICU,Dr. Roberts,Pneumonia,Anemia,Pantoprazole,,156.1,51.3,21.1,146/65,,-999,96 %,347 mg/dL,2.68,6.7,Humana,34144.52,0,0,N,,Deceased
78012,Sarah,Rodriguez,1962-06-25,57,F,690-43-4453,(985) 785-7825,,8939 Pine Rd,El Paso,CT,75278-0000,2020-03-15,2020-04-05,21,Elective,Psychiatry,Dr. Martinez,Depression,Migraine,Hydrochlorothiazide,,154.2,-999,,164/69,93,38.3,88,111,0.84,9.8,United Health,37646.66,0,0,Y,N/A,Transferred
34881,Ashley,Johnson,1986-03-06,37,M,210-65-3194,470-944-6992,ashley.johnson98outlook.com,839 Hill Ln,Columbus,NY,57964-0000,2023-03-28,2023-04-13,16,Transfer,Oncology,Dr. Miller,Atrial Fibrillation,Depression,Atorvastatin,,172.7,127.2,42.6,135/63,113,39.4,98,310 mg/dL,2.64,4.1,Humana,70238.81,3,1,N,Moderate,Home
54089,Mary,White,1983-12-12,40,F,274-77-7229,351-897-4968,mary.white5@aol.com,7226 Elm Dr,Los Angeles,OH,24404,2024-04-24,2024-05-04,10,Routine,ICU,Dr. Lee,Heart Failure,Atrial Fibrillation,Warfarin,Amoxicillin,194.1,94.6,25.1,100/178,110,38.6,100,186,5.91,9.3,United Health,44328.73,3,0,Former,Heavy,Deceased
45842,Daniel,  Roberts  ,1988-09-24,33,Male,700-40-4972,251-885-9700,daniel.roberts29@yahoo.com,5412 Park St,Charlotte,FL,168XX,2022-04-05,2022-05-04,29,Urgent,Pediatrics,Dr. Adams,Migraine,Hypertension,Pantoprazole,Metoprolol,162.9,105.7,39.8,146/101,111,39.3,,209,1.53,9.5,Medicare,55470.52,3,0,Yes,None,Transferred
69552,Sarah,Gonzalez,1984-04-23,35,M,188-61-2562,389-343-8822,sarah.gonzalez42@yahoo.com,3859 Park Way,Columbus,NC,10895,2019-07-04,2019-08-01,28,Urgent,ICU,Dr. Baker,Obesity,Depression,Prednisone,Metformin,182.9,100.1,29.9,91/107,87,39.0,90,277,6.7,8.6,Cigna,5749.51,2,0,0,N/A,Discharged to SNF
78879,Dorothy,Allen,1947-01-03,77,M,567-82-1945,772-673-6049,dorothy.allen93@gmail.com,50 Cedar Ln,Baltimore,NC,61897,2024-04-29,2024-05-03,4,Elective,ICU,Dr. White,Asthma,,Furosemide,Pantoprazole,156.7,72.9,29.7,104/103,,,100,98,3.9,8.6,Medicare,3181.6,0,0,N,Heavy,Rehab Facility
42441,Anthony,Flores,1956-11-28,-999,M,157-27-9255,496-439-6224,anthony.flores74@aol.com,3882 Pine Ave,Jacksonville,OR,98150,2019-04-08,2019-04-10,2,Routine,Emergency,Dr. Adams,Migraine,Hypothyroidism,Sertraline,,153.0,95.5,40.8,176/105,81,37.6,-999,346,2.13,11.8,United Health,53396.42,2,1,Unknown,Heavy,Home
58637,Joshua,  Hill  ,,61,M,872-71-4974,912-818-4350,JOSHUA.HILL51@YAHOO.COM,4638 Washington Dr,Memphis,NJ,82362,2018-07-31,2018-08-09,9,Urgent,Emergency,Dr. Lee,Pneumonia,Depression,Gabapentin,,158.5,109.7,43.7,161/73,92,39.6,91,167,7.72,5.1,UNKNOWN,68338.0,3,0,N,None,Discharged to SNF
56160,CAROL,Brown,1983-10-23,36,M,753-95-8916,875-699-1257,carol.brown1aol.com,275 Lake Rd,Los Angeles,AZ,82305,2020-01-24,2020-02-23,30,Transfer,Pediatrics,Dr. Thompson,Obesity,Depression,Metformin,Warfarin,153.3,,48.7,90/86,79,36.6,91,N/A,3.92,4.5,Aetna,44810.57,1,0,no,Heavy,Deceased
22499,Andrew,Walker,1960-08-11,14,f,677-40-7375,,andrew.walker50yahoo.com,5667 Main St,Las Vegas,IN,20279,2020-05-15,2020-06-13,29,Urgent,General Medicine,Dr. Anderson,Hypothyroidism,,Atorvastatin,,180.8,68.8,21.0 ,174/62,-4,N/A,100,273,7.47,N/A,MEDICAID,82373.78,4,1,Y,,AMA
66489,Dorothy,Garcia,1976-08-09,42,F,271-65-5521,631-506-8933,dorothy.garcia10@hotmail.com,8124 Hill Ln,Las Vegas,GA,42990,2019-02-28,2019-03-01,1,Routine,ICU,Dr. Adams,Atrial Fibrillation,Heart Failure,Sertraline,,150.6,80.2,35.4,161/75,71,36.7,92,224,2.51,5.3 %,Centene,32600.7,1,0,,Occasional,Transferred
13527,Brian,Jones,2003-07-20,16,F,990-98-7853,756-237-6890,brian.jones90@aol.com,1393 Oak Way,Tucson,CO,87833,2020-05-08,2020-05-23,15,Emergency,Pediatrics,Dr. Anderson,Hyperlipidemia,Osteoarthritis,Metoprolol,Lisinopril,,N/A,28.9,109/105,N/A,40.0,-999,275,4.51,12.3,Kaiser Permanente,82103.07,4,0,0,N/A,Home
72411,Amanda,davis,1980-08-03,41,M,290-91-8080,605-229-4232,amanda.davis58@aol.com,3520 Cedar Blvd,Los Angeles,WA,66302,2021-07-30,2021-08-02,3,Routine,Emergency,Dr. Hill,Parkinson's Disease,Asthma,Prednisone,,179.2,102.6,32.0,121-93,70,-999,95,188,6.48,9.7,Kaiser Permanente,17152.78,1,0,N,,Deceased
80435,  William  ,Lopez,1955-07-17,68,F,960-66-9006,3712841505,william.lopez98@yahoo.com,3684 Lake Blvd,San Jose,NY,48284,2024-03-22,2024-03-28,6,Urgent,Cardiology,Dr. Carter,COPD,UTI,Aspirin,Amlodipine,N/A,118.6,N/A,152/68,99,38.0,95,279,5.64,7.7,Humana,65997.05,4,0,1,,Deceased
37082,Paul,Hernandez,1991/02/22,30,F,986-26-5090,N/A,paul.hernandez32@outlook.com,4403 Washington Dr,Nashville,IL,74154,2021-12-07,2021-12-25,18,Transfer,Neurology,Dr. Campbell,Anemia,,Atorvastatin,,163.2,93.7,35.2,155/103,67,39.1,,N/A,7.0,5.1,,38921.78,5,0,1,N/A,Home
00030707,Carol,Martin,1978/05/19,41,M,,688-279-3174,NA,153 Main Rd,Indianapolis,MN,78084,2020-04-08,2020-05-01,23,Urgent,Pediatrics,Dr. Rodriguez,Anxiety Disorder,Hypothyroidism,Omeprazole,,189.4,52.9,14.7,100/83,71,-999,-999,189,3.72,4.8,Aetna,62249.51,1,0,N,Occasional,Transferred
42477,Charles,Roberts,1989-08-24,N/A,M,611-91-2163,000-000-0000,charles.roberts41@yahoo.com,9313 Washington Blvd,Baltimore,OK,60703,2024-09-27,2024-10-17,20,Emergency,Surgery,Dr. Jackson,Pneumonia,Parkinson's Disease,Aspirin,Atorvastatin,179.6,70.6,21.9,155/72,87,39.1,100,,4.21,5.0,Aetna,1665.54,0,1,Unknown,N/A,AMA
17589,Karen,Nelson,,72,M,130-52-8034,478-736-2046,karen.nelson34@aol.com,7458 Lake Blvd,San Francisco,TX,92251,2023-02-01,2023-02-21,20,Transfer,Cardiology,Dr. Smith,Type 2 Diabetes,UTI,Metoprolol,,181.9,104.6,31.6,134/93,,36.5,100,207,6.0 ,5.1,Centene,57463.18,2,0,yes,None,Home
62550,SANDRA,smith,1965-04-29,,F,106-62-1391,438-754-6675,,6165 Pine St,Memphis,CA,53911,2021-06-26,2021-07-07,11,Transfer,Emergency,Dr. Robinson,Atrial Fibrillation,Hyperlipidemia,Warfarin,,175.4,70.8,23.0,149/83,113,39.1,,349,6.2,6.2,UNKNOWN,8360.75,0,0,No,,AMA
31544,Susan,lewis,1950-10-31,73,female,***-**-1802,893-506-5262,susan.lewis23gmail.com,9109 Lake Ave,Indianapolis,OK,63004,2024-01-05,2024-01-17,12,Emergency,Psychiatry,Dr. Taylor,Chronic Kidney Disease,Heart Failure,Amlodipine,,188.4,52.7,14.8,128/105,55,39.4,90,116,5.83,-999,Cigna,70100.4,1,0,No,None,Deceased
90868,sarah,Harris,1976-12-17,47,M,429595430,384-226-6224,sarah.harris77@yahoo.com,4603 Main Way,Louisville,CT,13840,2024-03-05,2024-03-21,16,Emergency,Psychiatry,Dr. Harris,Coronary Artery Disease,Parkinson's Disease,Prednisone,Metoprolol,178.9,112.8,35.2,110/159,98,37.4,96,N/A,3.08,9.1,Cigna,23021.53,0,0,Y,Occasional,Discharged to SNF
10089,  Christopher  ,Brown,1951-09-15,-999,M,261-65-8982,864-524-3854,CHRISTOPHER.BROWN91@AOL.COM,3658 Hill Way,Fort Worth,KY,90440,2021-10-27,2021-11-19,23,Transfer,Oncology,Dr. Hill,COPD,Alzheimer's Disease,Sertraline,,N/A,57.0,17.3,157/83,97,38.6,97,,3.02,N/A,CENTENE,33590.32,5,0,Y,,Home
60585,Daniel,WRIGHT,1954-12-03,67,F,450317151,3649492228,daniel.wright71gmail.com,7910 Main Dr,Oklahoma City,WI,54295,2022-08-23,2022-09-08,16,Transfer,Surgery,Dr. Taylor,Appendicitis,,Warfarin,,171.6,118.4,N/A,177/74,59,36.1,88,N/A,2.46,4.9,Cigna,82836.67,0,0,Unknown,Moderate,Rehab Facility
44734,Elizabeth,Lewis,1956-08-02,65,M,666-17-7342,000-000-0000,elizabeth.lewis88@outlook.com,7804 Pine St,Dallas,CT,85066,2022-02-28,2022-03-29,29,Elective,Orthopedics,Dr. Gonzalez,Rheumatoid Arthritis,Epilepsy,Lisinopril,Clopidogrel,,64.2,22.0,97/69,62,37.4,96,281,7.78,9.3,United Health,10663.82,4,1,Former,None,Discharged to SNF
64321,Deborah,Miller,1992-04-10,26,F,439984892,250-963-8785,deborah.miller35hotmail.com,4966 Pine Blvd,Baltimore,NJ,12651,2019-02-15,2019-03-17,30,Routine,Neurology,Dr. Gonzalez,Coronary Artery Disease,Migraine,Amlodipine,Albuterol,189.6,119.6,33.3,173/91,-2 bpm,37.6,97,,,,Medicare,65905.61,1,0,1,Occasional,Deceased
36097,Michelle,  Johnson  ,1985-04-25,37,M,266-83-4511,4268624688,michelle.johnson87@yahoo.com,8410 Main Way,Charlotte,CO,45269,2022-06-14,2022-07-05,21,Transfer,Pediatrics,Dr. Ramirez,Parkinson's Disease,Migraine,Metformin,,176.7,60.1,19.2,165/95,70,37.0,99,116,2.64,7.5,Centene,68173.08,1,0,N,Moderate,Transferred
95389,MICHELLE,Rodriguez,1945-02-03,79,M,787-55-9311,(507) 374-3967,michelle.rodriguez38@gmail.com,4238 Lake Way,Las Vegas,IL,71706,2024-09-23,2024-10-06,13,Urgent,Pediatrics,Dr. Robinson,COPD,Anxiety Disorder,Atorvastatin,,194.9,67.1,17.7 ,139/107,74,38.9,98,343,-999,8.3,Medicaid,67093.64,1,0,No,Heavy,Deceased
20592,Susan,Carter,1996-12-03,21,M,482-11-6279,975-743-4122,susan.carter3@gmail.com,3708 Elm Blvd,Dallas,AL,92141,2018-08-26,2018-08-27,1,Transfer,Surgery,Dr. Perez,Heart Failure,,Clopidogrel,Metoprolol,157.1,-999,45.3,106/99,104 bpm,39.9,94,,0.78,5.8,Humana,80645.16,0,0,N,N/A,Deceased
PT-16368,ANTHONY,Lewis,1949-09-12,68,F,623-89-2928,000-000-0000,anthony.lewis64yahoo.com,4309 Lake Ave,Memphis,OH,89823,2018-03-22,2018-03-24,2,Emergency,General Medicine,Dr. Martinez,Osteoarthritis,Depression,Metoprolol,,161.4,104.7,40.2,100/177,103,N/A,92,140,,-999,Medicare,-1709.0,1,0,No,,Deceased
53078,Elizabeth,Davis,2005-10-07,13,F,594-82-8178,385-825-7221,elizabeth.davis46@aol.com,2141 Park Dr,Boston,OK,13777-0000,2019-01-16,2019-01-28,12,Transfer,Psychiatry,Dr. Anderson,Chronic Kidney Disease,Anemia,Lisinopril,,170.5,116.0,39.9,,71,38.8,88,151,1.28 ,12.2,BlueCross BlueShield,60036.01,5,0,Unknown,Moderate,Rehab Facility
53371,Jennifer,Robinson,1997/09/18,24 yrs,Unknown,733-91-5990,720-775-4389,JENNIFER.ROBINSON84@OUTLOOK.COM,890 Cedar Way,Baltimore,VA,54676,2022-03-31,2022-04-13,13,Emergency,Emergency,Dr. Green,Anemia,Parkinson's Disease,Amoxicillin,Furosemide,170.2,117.8,40.7,105/91,52,37.6,N/A,70,6.69,11.1,Aetna,8733.43,5,0,no,,Transferred
69048,Dorothy,Ramirez,1984-10-01,33,F,723-98-5067,480-607-6617,dorothy.ramirez38@outlook.com,9872 Lake Blvd,Charlotte,IL,27481,2018-01-18,2018-02-04,17,Elective,Oncology,Dr. Allen,Epilepsy,Anxiety Disorder,Pantoprazole,Losartan,185.1,122.4,35.7,,N/A,38.4,,,7.11,7.8,Humana,58518.65,1,1,0,N/A,Rehab Facility
99573,Daniel,Lewis,1966-06-24,-999,M,907-97-6122,765-255-1212,daniel.lewis96@hotmail.com,7260 Cedar Rd,Milwaukee,WI,36619,2020-04-15,2020-05-10,25,Emergency,Oncology,Dr. Mitchell,Epilepsy,Osteoarthritis,Prednisone,Amoxicillin,180.4 cm,92.8,,172/95,115,39.2,92,94,7.45,7.5,Humana,38424.86,1,0,0,None,Discharged to SNF
38830,Jennifer,Thompson,1954-04-19,68,,428-58-2857,595-462-9851,jennifer.thompson93@hotmail.com,6144 Lake Way,Seattle,UT,13238,2022-08-31,2022-09-18,18,Transfer,Cardiology,Dr. Green,Stroke,Type 2 Diabetes,Sertraline,Losartan,179.9,73.1,22.6,169/93,51,37.4,N/A,,7.69,10.1,Aetna,80623.9,2,1,No,Occasional,Deceased
39837,Paul,smith,NULL,46,M,***-**-9740,425-339-7406,paul.smith70@hotmail.com,6114 Main Ln,Austin,IL,931XX,2022-11-09,2022-11-08,-1,Urgent,Emergency,Dr. Wilson,Pneumonia,,Lisinopril,,176.4,104.6,33.6,154/66,,37.1,95,265,3.46,9.9,Medicaid,45889.35,0,1,N,N/A,Discharged to SNF
97988,Donna,Nelson,1957-05-11,64,F,795-52-8863,673-656-6877,,9939 Oak Way,San Antonio,FL,82308,2021-07-25,2021-08-10,16,Emergency,Psychiatry,Dr. Sanchez,Obesity,Heart Failure,Pantoprazole,,156.9,93.2,37.9,70/144,81,38.8,98,293,2.58,7.2,UNKNOWN,75882.89,5,0,,Occasional,Deceased
77388,Daniel,williams,,28,M,820-76-5480,959-469-9918,daniel.williams73@yahoo.com,5986 Hill Rd,Columbus,CO,,2019-08-22,2019-09-15,24,Routine,Orthopedics,Dr. Jones,Asthma,Rheumatoid Arthritis,Albuterol,Furosemide,160.4,67.5,26.2,175/73,96,39.7,-999,90,-999,6.9,Medicare,-678.03,2,0,0,N/A,Discharged to SNF
29249,George,Campbell,1976/05/16,48,F,271-97-6614,664-810-2127,george.campbell30@outlook.com,272 Cedar Ln,Phoenix,IL,60523,2024-09-20,2024-10-09,19,Transfer,Neurology,Dr. Walker,Stroke,Heart Failure,Amoxicillin,,159.7,96.6,37.9,151/70,102,39.2,100,163,5.17,8.6,Centene,3798.59,3,1,Unknown,Occasional,Home
40475,Amanda,Mitchell,1988-10-11,,M,474-88-5514,896-606-4337,amanda.mitchell53@aol.com,6066 Lake Ln,San Antonio,TN,83080,2022-08-01,2022-08-10,9,Elective,Orthopedics,Dr. Allen,Coronary Artery Disease,,Sertraline,Hydrochlorothiazide,155.3,N/A,18.9,178/80,63,38.6,92,203,6.91,7.8,Aetna,63690.3,5,0,N,Moderate,Home
17531,Emily,jackson,1979-05-20,148,M,700-35-9482,000-000-0000,emily.jackson12@aol.com,9161 Hill Blvd,Baltimore,AL,47289,2018-02-13,2018-02-20,7,Transfer,Surgery,Dr. Jones,Osteoarthritis,Obesity,Albuterol,Losartan,173.0,104.4,34.9,176/62,50,36.3,92,274,3.15,7.6,Centene,893.05,3,0,0,Moderate,Home
38885,Jessica,Jackson,1971-09-05,52,M,853405348,411-434-4322,jessica.jackson32@aol.com,1748 Oak St,Memphis,IL,56665,2023-10-17,2023-10-14,-3,Urgent,Psychiatry,Dr. Moore,Migraine,Coronary Artery Disease,Amoxicillin,,183.7,74.1,22.0,112/90,77,37.1,99,167,,5.8,BlueCross BlueShield,72156.9,0,1,1,Occasional,AMA
52655,Donna,Perez,1963-08-01,57,F,923-40-8081,590-400-3389,donna.perez95@yahoo.com,2894 Washington Dr,Los Angeles,KY,719XX,2020-08-29,2020-09-07,9,Routine,Oncology,Dr. Brown,Heart Failure,Appendicitis,Clopidogrel,Levothyroxine,-999,80.6,28.2,136/85,73,39.9,98 %,187,6.61,10.5,Humana,48000.7,3,0,yes,Moderate,Home
68580,Lisa,Clark,1996-09-02,22,F,561-62-3741,(388) 223-3048,lisa.clark94@yahoo.com,1312 Cedar Ave,Las Vegas,NC,967XX,2019-08-17,2019-09-14,28,Emergency,Pediatrics,Dr. Flores,Rheumatoid Arthritis,,Atorvastatin,Aspirin,153.2,58.8,25.1,130/101,84,37.6,95,255,6.11,8.7,UNKNOWN,65643.9,4,0,Former,None,Home
88326,Karen,Thompson,1979-01-09,44,F,804-72-8816,506-209-8052,karen.thompson38@aol.com,8982 Elm Ave,Los Angeles,KY,40305,2023-11-15,2023-12-06,21,Elective,Psychiatry,Dr. Hall,Hypothyroidism,Hypothyroidism,Hydrochlorothiazide,,186.2,82.6,23.8,,,39.0,90,N/A,2.65,8.8,Medicaid,19140.06,5,0,Unknown,Moderate,Deceased
PT-40514,Ashley,  White  ,1959-06-26,,F,224-41-7304,989-653-5049,,1540 Lake Rd,Las Vegas,MA,36106,2021-11-01,2021-11-15,14,Urgent,Emergency,Dr. Brown,Atrial Fibrillation,Migraine,Sertraline,Metoprolol,151.4,51.8,22.6,108/63,100,37.9,91,198,6.63,11.5,Anthem,44518.27,5,0,Unknown,Occasional,Discharged to SNF
17871,DOROTHY,Adams,1949-08-20,69,F,291-79-6696,(531) 949-8674,dorothy.adams36@aol.com,8703 Maple Dr,Houston,PA,82682,2019-05-31,2019-06-16,16,Transfer,Psychiatry,Dr. Thomas,Depression,Pneumonia,Furosemide,,169.7,N/A,21.3,,55,37.8 C,,N/A,5.73,,Medicaid,62494.08,5,1,Y,N/A,Transferred
60934,Amanda,Jones,12/17/1962,55,M,731-44-9667,241-951-2153,amanda.jones39@gmail.com,1659 Cedar Ln,Phoenix,IN,38298,2018-07-21,2018-08-02,12,Emergency,Psychiatry,Dr. Thompson,Rheumatoid Arthritis,,Clopidogrel,Prednisone,159.4,86.8,34.2,100/89,57,39.0,94,258,6.46,4.5,Anthem,63806.92,5,0,Unknown,Heavy,Rehab Facility
59160,Charles,Hill,1980/08/02,,M,258-22-1618,671-564-3557,charles.hill18@hotmail.com,4094 Cedar Blvd,Nashville,CT,58114,2023-01-07,2023-01-06,-1,Transfer,Psychiatry,Dr. Adams,Depression,,Hydrochlorothiazide,Losartan,194.7,70.7,18.7,118/73,,39.8,92,331,,12.3,,67500.4,0,0,no,None,Home
75850,Steven,Garcia,1975-03-31,47,Unknown,238714245,699-604-4212,NA,1174 Pine Way,Dallas,GA,78714,2022-12-31,2023-01-25,25,Transfer,Cardiology,Dr. Roberts,Hypothyroidism,UTI,Atorvastatin,,185.4,57.6,N/A,,120,36.3,96,292,,5.2,,29932.01,3,0,no,Occasional,Rehab Facility
68990,Thomas,Scott,1959-01-03,,F,154-69-1136,268-597-5445,thomas.scott85@hotmail.com,6333 Cedar Dr,Austin,CA,24141,2020-04-14,2020-05-02,18,Routine,Cardiology,Dr. Williams,Stroke,Chronic Kidney Disease,Levothyroxine,,194.7,,27.5,138/97,117,36.7,92,172,6.42,9.6,Aetna,16252.27,4,1,yes,,Deceased
27991,Barbara,  Ramirez  ,1994-12-11,25,F,888-28-3589,525-269-9732,barbara.ramirez93@gmail.com,2385 Main Way,Baltimore,NJ,34134,2020-07-20,2020-08-03,14,Elective,Psychiatry,Dr. Flores,Anxiety Disorder,Hypothyroidism,Warfarin,,164.8,91.1,33.5,107/97,-999,37.2,,338,,7.9,United Health,66334.62,5,0,no,,Home
97993,sandra,Thomas,1979-05-30,45,F,946-15-5025,7317507481,sandra.thomas95@gmail.com,808 Cedar Blvd,Seattle,WA,83098,2024-12-02,2024-12-18,16,Elective,General Medicine,Dr. Garcia,Anemia,Depression,Sertraline,,151.9,107.5,N/A,130/85,118,39.5,100 %,89,N/A,8.1,Centene,78158.27,3,0,0,None,AMA
21181,matthew,Williams,1985/11/26,38,M,234-35-1057,837-983-5146,matthew.williams2@outlook.com,8905 Main Ln,San Francisco,OK,752XX,2024-11-12,2024-11-18,6,Urgent,Surgery,Dr. Wilson,Coronary Artery Disease,,Prednisone,Insulin Glargine,175.4,101.1 kg,32.9,108/71,56,37.2,100,298 mg/dL,2.67,5.6,Aetna,-677.38,3,0,Yes,Occasional,Deceased
22206,Charles,  Walker  ,1946-01-26,76,female,805-87-5705,637-823-6185,charles.walker34aol.com,2126 Hill Ln,Fort Worth,WI,85385,2022-10-17,2022-11-13,27,Emergency,Cardiology,Dr. Robinson,Coronary Artery Disease,Appendicitis,Aspirin,,188.7,73.0,20.5,116/104,57,,98,340,7.9,8.4,CIGNA,60375.61,1,1,Unknown,None,Home
33020,Donald,martinez,1982-12-25,40,F,439-55-2084,3524871510,donald.martinez44@outlook.com,2720 Hill Ln,Baltimore,MO,92118,2023-04-28,2023-04-26,-2,Elective,General Medicine,Dr. Martin,Rheumatoid Arthritis,,Amlodipine,Sertraline,174.2,73.5,24.2,142/107,116,-999,93,344,0.64,9.2,,23441.53,0,0,yes,,Transferred
14791,JOSHUA,Garcia,1940/05/14,81,MALE,,479-352-3580,joshua.garcia36@gmail.com,8423 Oak Ave,Denver,WI,11999,2021-06-27,2021-07-27,30,Transfer,Surgery,Dr. Lewis,Pneumonia,Anxiety Disorder,Gabapentin,,152.1,89.2,38.6,129/61,89,36.8,91,168,2.65,8.8,,21187.72,5,0,Yes,Occasional,Transferred
71377,Barbara,flores,1981-10-02,41,F,688-26-9322,(305) 615-2752,barbara.flores42@aol.com,4950 Lake Dr,Louisville,TX,95124,2023-04-12,2023-04-20,8,Transfer,ICU,Dr. Torres,Rheumatoid Arthritis,Hyperlipidemia,Amoxicillin,,N/A,104.5,37.2,131/89,58,37.4,95,157,2.62,7.1,MEDICAID,6082.06,1,0,Y,,AMA
38522,Barbara,Lewis,1997-01-25,20,F,726-75-7622,(330) 501-2022,barbara.lewis48aol.com,9176 Elm St,Portland,CA,16963,2018-01-01,2018-01-26,25,Elective,Oncology,Dr. Walker,Depression,Hyperlipidemia,Warfarin,Hydrochlorothiazide,-999,61.6,19.9,130/79,-999,-999,99,246,7.93,9.2,Medicaid,34809.76,5,0,Former,Occasional,Rehab Facility
91690,Margaret,Hill,1980-05-17,41,M,807203327,947-948-9624,margaret.hill97@hotmail.com,8575 Hill St,Houston,IN,70940,2022-04-25,2022-05-07,12,Emergency,General Medicine,Dr. Allen,Hyperlipidemia,Alzheimer's Disease,Atorvastatin,Pantoprazole,188.1,,18.4,142/94,,38.3,99,258,1.35,N/A,Centene,4959.43,4,0,1,,AMA
46418,,Nguyen,1963-01-19,55,M,957-73-7765,988-592-4898,elizabeth.nguyen85@outlook.com,9466 Elm St,San Diego,PA,93568,2018-02-28,2018-03-24,24,Transfer,ICU,Dr. Baker,Appendicitis,,Amlodipine,,N/A,59.9,21.6,120/91,117,37.4,89,144,4.97,11.4,Medicare,25965.52,3,0,N,Heavy,Discharged to SNF
70438,,Lopez,1992-10-25,,F,708-94-4552,000-000-0000,brian.lopez91@gmail.com,2129 Washington Rd,Oklahoma City,OK,21322,2020-03-09,2020-03-26,17,Routine,ICU,Dr. Hall,Parkinson's Disease,UTI,Metoprolol,Metoprolol,,115.7,5.3,103/103,78,N/A,88,82,5.15,N/A,Medicare,56310.38,2,0,Unknown,Moderate,Transferred
43947,Barbara,ADAMS,1962-06-25,60,Unknown,805-71-2985,780-748-6880,barbara.adams43@hotmail.com,1486 Elm Ln,El Paso,NY,62509,2023-01-01,2023-01-02,1,Elective,ICU,Dr. Miller,Anxiety Disorder,,Insulin Glargine,Sertraline,,67.6,20.9,96/140,112,37.6,99,,,4.0,ANTHEM,3823.48,0,0,Unknown,N/A,Transferred
25491,joseph,  Jones  ,2000-10-31,-999,M,705-18-2742,316-709-4613,JOSEPH.JONES9@YAHOO.COM,6587 Elm St,Louisville,NJ,65864,2024-01-07,2024-01-12,5,Elective,Oncology,Dr. Hall,Migraine,Heart Failure,Levothyroxine,Losartan,N/A,,15.8,169/62,10,36.2,92,119,3.92,-999,,28850.06,0,1,Y,,AMA
45513,ashley,Flores,1994-10-10,23,M,313-45-1869,398-315-3444,ashley.flores88@outlook.com,707 Main Rd,San Antonio,PA,75210,2018-06-04,2018-06-24,20,Transfer,Oncology,Dr. Johnson,Osteoarthritis,,Warfarin,,185.2,N/A,5.7,105/93,96,39.9,96,182,3.98,-999,BlueCross BlueShield,9323.58,4,0,1,,Discharged to SNF
69636,William,Williams,06/02/1957,64,M,335-21-7745,734-700-4546,NA,7015 Cedar Ave,Los Angeles,NC,70655,2022-01-08,2022-01-17,9,Transfer,ICU,Dr. King,Anxiety Disorder,Hyperlipidemia,Prednisone,Prednisone,155.0,84.6,,133/74,70 bpm,38.6,97,157,4.84,9.0,,3884.96,0,0,N,Heavy,Home
63131,Matthew,HALL,2003-02-24,14,F,472-16-2818,592-574-8624,matthew.hall80@gmail.com,9156 Oak Ln,San Antonio,VA,57916,2018-01-06,2018-02-03,28,Elective,Emergency,Dr. Moore,Epilepsy,Heart Failure,Levothyroxine,,163.3,109.0,40.9,168/94,76,36.3,93,98,4.36,N/A,Centene,74110.6,0,0,0,N/A,Transferred
33437,Barbara,Wilson,1964-10-03,54,M,443-62-6616,(871) 861-6346,,8987 Park Dr,Seattle,SC,972XX,2019-04-04,2019-04-27,23,Urgent,General Medicine,Dr. Hernandez,Depression,Depression,Metoprolol,Albuterol,193.6,-999,24.3,134/86,52,,100,188,6.76,8.7,UNKNOWN,65543.85,3,0,,Occasional,Transferred
PT-49526,Barbara,Smith,1984-10-20,34,Unknown,415-13-7580,832-425-8306,barbara.smith46@gmail.com,3198 Hill Ln,Oklahoma City,NY,52777,2019-08-19,2019-09-03,15,Transfer,Orthopedics,Dr. Young,Hyperlipidemia,Parkinson's Disease,Gabapentin,,163.3,121.2,45.4,163-102,106,36.4,95,90,1.55,9.0,Medicare,57711.86,0,1,Y,,AMA
65552,Donald,KING,1993-08-23,25,F,396-80-9037,243-509-5979,donald.king64@aol.com,41 Maple Blvd,Los Angeles,GA,70745,2018-12-19,2018-12-24,5,Elective,Neurology,Dr. Carter,Depression,Appendicitis,Aspirin,,N/A,109.3,29.3,142/100,103 bpm,,97,140,-999,11.5 %,Medicaid,15656.96,5,0,no,Heavy,Home
64986,Steven,gonzalez,1966-03-02,57,M,113-27-9489,(488) 581-8944,steven.gonzalez53@hotmail.com,2533 Lake Ave,San Diego,FL,31368,2023-12-10,2023-12-31,21,Emergency,Cardiology,Dr. Walker,Atrial Fibrillation,Pneumonia,Amoxicillin,Clopidogrel,N/A,-999,18.9,130/103,84,38.8,89,343,4.85,N/A,AETNA,35765.76,4,1,Y,Moderate,Discharged to SNF
PT-73472,Kimberly,Brown,NULL,68,F,864-45-6698,,KIMBERLY.BROWN94@AOL.COM,1120 Oak Way,Nashville,IN,41696,2018-05-15,2018-06-10,26,Elective,General Medicine,Dr. White,UTI,Stroke,Losartan,Sertraline,-999,N/A,-999,102/110,76,36.8,,249,N/A,5.3,BlueCross BlueShield,82767.5,1,1,,Occasional,Deceased
50895,robert,,1976-07-15,44,Unknown,272186959,4035464281,robert.walker77outlook.com,6959 Park Blvd,Baltimore,GA,26090,2021-04-05,2021-05-03,28,Routine,Surgery,Dr. Moore,Parkinson's Disease,UTI,Prednisone,,194.9,86.8,22.9,146/93,60,N/A,,122,6.06,12.0,Kaiser Permanente,40707.32,5,0,Former,Heavy,AMA
96781,John,Ramirez,1988-06-29,35,M,882-24-9037,8757679837,,2561 Lake St,Milwaukee,MO,72378,2024-02-17,2024-02-18,1,Elective,Emergency,Dr. Mitchell,Rheumatoid Arthritis,,Prednisone,Amoxicillin,164.2,N/A,28.6,94/71,N/A,36.7 C,94,,2.84,7.5,Kaiser Permanente,5690.33,1,0,,None,Transferred
65203,Andrew,Miller,1968-05-24,53,F,394-43-1778,504-787-7586,andrew.miller29@aol.com,9474 Oak Ln,Milwaukee,SC,22053,2022-03-28,2022-04-16,19,Urgent,Pediatrics,Dr. Ramirez,Anxiety Disorder,,Prednisone,Aspirin,180.4,73.6,22.6,175/81,88,37.7,95,108,6.8,8.8,Kaiser Permanente,67732.57,3,0,Unknown,,Deceased
92150,Karen,Ramirez,1961-07-25,58,F,351-49-8604,(697) 773-8145,karen.ramirez55@gmail.com,2236 Main Blvd,San Jose,PA,36475,2019-09-09,2019-10-03,24,Emergency,Emergency,Dr. Nelson,Obesity,COPD,Lisinopril,Aspirin,187.4,50.5,14.4,142-77,70,38.4,94,192,1.35,5.7,Aetna,27024.95,0,0,Unknown,None,AMA
65426,Kimberly,Brown,1964-08-18,58,F,121921570,957-878-1895,kimberly.brown89@yahoo.com,5068 Elm Way,Columbus,MO,43158,2022-12-06,2022-12-20,14,Elective,Orthopedics,Dr. Hernandez,Migraine,,Albuterol,Hydrochlorothiazide,181.5,54.6,16.6,150/103,N/A,39.7 C,93,,5.87,11.4,Humana,25925.05,0,0,1,N/A,Transferred
PT-52830,,RODRIGUEZ,1944-09-03,75,,236-43-3842,903-807-6367,carol.rodriguez37@yahoo.com,2981 Washington Dr,Fort Worth,AZ,21062,2020-01-23,2020-02-13,21,Elective,ICU,Dr. Flores,UTI,,Metformin,Amoxicillin,178.3,N/A,22.6,110/75,66,38.7,100,233,-999,11.9,Aetna,82813.78,5,0,N,,Home
47089,Jessica,Flores,1953-02-03,N/A,F,362-19-2561,000-000-0000,jessica.flores43@yahoo.com,9935 Hill Rd,Fort Worth,UT,71726,2018-04-28,2018-05-08,10,Emergency,Oncology,Dr. Taylor,Alzheimer's Disease,Hypertension,Gabapentin,Hydrochlorothiazide,166.6,103.2,37.2,91/90,91,37.6,91,266,5.81,10.6,Kaiser Permanente,11674.13,2,0,Former,,Deceased
31624,KENNETH,Lewis,1953-07-27,70,,596-68-9077,315-937-3425,KENNETH.LEWIS16@HOTMAIL.COM,4655 Maple Way,Milwaukee,OH,22265,2024-03-26,2024-04-23,28,Routine,Orthopedics,Dr. Roberts,COPD,Obesity,Prednisone,Prednisone,,60.6,26.1,110/105,64,39.7,88,296,,10.4,BlueCross BlueShield,44948.3,1,1,1,N/A,Home
84600,robert,Scott,1965-05-20,56,F,542-49-3151,567-881-2574,robert.scott48@aol.com,6359 Park Blvd,Indianapolis,TN,36197-0000,2021-08-16,2021-09-11,26,Routine,Orthopedics,Dr. Adams,UTI,Asthma,Warfarin,Amoxicillin,-999,65.4,25.1,65/141,76,,,,N/A,8.4,MEDICAID,8354.06,1,0,Unknown,N/A,Rehab Facility
96619,linda,mitchell,1992-07-13,26,F,929334458,389-280-5248,LINDA.MITCHELL87@GMAIL.COM,96 Washington St,Los Angeles,MO,66858,2018-12-01,2018-12-26,25,Transfer,ICU,Dr. Martin,Hypertension,,Aspirin,,158.2,78.4,31.3,180-79,108,-999,100,N/A,3.06,12.3,Medicare,26086.6,3,1,No,Occasional,Transferred
73576,Betty,Brown,1958-01-23,156,F,794-72-4799,931-262-9655,betty.brown3@outlook.com,1041 Pine Rd,Denver,NJ,85550,2021-04-22,2021-05-11,19,Routine,General Medicine,Dr. Anderson,Hypothyroidism,Chronic Kidney Disease,Aspirin,Furosemide,188.1,81.7,23.1,153/107,120,36.1,94 %,318,4.35,N/A,BlueCross BlueShield,14132.68,3,0,0,Occasional,Transferred
32713,Dorothy,Brown,1977-04-26,N/A,M,903-55-1764,(988) 770-5382,dorothy.brown20@aol.com,827 Park Way,Phoenix,MN,89205,2023-07-16,2023-07-26,10,Emergency,Emergency,Dr. Hernandez,Anemia,Parkinson's Disease,Amlodipine,Amoxicillin,161.7,102.5,39.2,154/62,93,38.5,N/A,184,4.15,12.9,Anthem,4046.42,4,0,no,N/A,Discharged to SNF
29871,Sandra,King,1952-05-18,70,F,756291947,846-930-9516,sandra.king38@outlook.com,9071 Pine Rd,Boston,CT,62691,2022-10-23,2022-11-06,14,Transfer,Psychiatry,Dr. Adams,Alzheimer's Disease,Osteoarthritis,Metformin,Clopidogrel,169.9,110.5,38.3,156/64,90,39.1,94,101,,4.3,Medicaid,38202.97,4,0,1,N/A,Deceased
43907,Nancy,Taylor,1985-04-30,33,F,406-46-3293,931-586-9514,nancy.taylor95@yahoo.com,9542 Cedar Way,Seattle,NJ,23792,2019-03-29,2019-04-22,24,Elective,Neurology,Dr. White,Parkinson's Disease,Chronic Kidney Disease,Omeprazole,Warfarin,184.0,125.0,36.9 ,107/163,93,39.2,97,343,6.83,6.1,BlueCross BlueShield,36402.93,0,0,Unknown,,AMA
14273,Linda,White,1950-08-27,34,FEMALE,938-72-1034,325-760-6712,linda.white9@gmail.com,5075 Hill Dr,Nashville,TN,64732,2024-09-30,2024-10-28,28,Elective,Emergency,Dr. Garcia,Anxiety Disorder,Coronary Artery Disease,Amoxicillin,,155.3,70.9,29.4,91/127,-999,38.4,88,226,7.17,,Medicare,64861.86,1,1,,N/A,Rehab Facility
00034824,,Wilson,1999-01-20,,M,640-50-7258,,sarah.wilson13@aol.com,2993 Pine Way,Philadelphia,MI,32040,2023-12-19,2023-12-25,6,Routine,Emergency,Dr. Martinez,Asthma,,Warfarin,Lisinopril,187.8,94.3,26.7,158/98,,,93,293,,4.2,United Health,2795.97,4,0,N,Moderate,Home
23305,Kenneth,Allen,1967-04-30,57,M,161-71-5477,812-456-7228,NA,4610 Main Ave,Seattle,OR,86697,2024-05-16,2024-05-30,14,Routine,Psychiatry,Dr. Allen,Alzheimer's Disease,Asthma,Sertraline,,156.4,90.9,-999,121/94,107,,,218 mg/dL,5.4,5.5,United Health,61768.73,5,0,Y,N/A,Discharged to SNF
61483,Kevin,LEWIS,12/15/1946,,M,876-45-6862,,kevin.lewis92@yahoo.com,603 Pine Dr,Fort Worth,TN,40704,2024-01-16,2024-01-17,1,Transfer,Psychiatry,Dr. Baker,Epilepsy,Atrial Fibrillation,Metformin,,186.6,115.3,33.1,112/109,51,37.5,91,297,0.57,10.7,Humana,48589.14,1,0,Unknown,,Discharged to SNF
16797,Sandra,YOUNG,1976-07-02,-999,F,806-64-2219,455-401-3694,sandra.young43@hotmail.com,1585 Main Dr,El Paso,CO,18237,2021-01-27,2021-01-31,4,Urgent,Orthopedics,Dr. Jones,Hypothyroidism,UTI,Levothyroxine,Albuterol,152.0,,46.0,,50,37.3,N/A,,,6.0,Cigna,81518.82,0,0,,,Deceased
90911,sandra,  Ramirez  ,1999-03-09,25,female,621-42-6822,N/A,sandra.ramirez24@yahoo.com,992 Maple Blvd,New York,KY,28045,2024-12-30,2024-12-31,1,Urgent,Surgery,Dr. Nguyen,UTI,Appendicitis,Furosemide,,192.2,111.5,30.2,132/97,12,36.3,100,169,7.28,5.1,UNKNOWN,26582.99,0,0,Unknown,N/A,Home
69546,Donna,Wilson,,80,M,746-84-6896,244-230-4262,donna.wilson26@hotmail.com,4293 Maple Blvd,Albuquerque,GA,,2020-07-02,2020-07-25,23,Emergency,Orthopedics,Dr. Martin,Pneumonia,,Losartan,,184.6,-999,33.5,138/73,50,36.3,88,128,1.57,8.0,BlueCross BlueShield,70757.16,2,0,1,Occasional,Transferred
80184,Steven,Nguyen,1996-06-21,24,F,594-73-8762,474-795-7569,steven.nguyen82@aol.com,3597 Cedar Dr,San Diego,NY,95162,2021-02-21,2021-03-21,28,Emergency,General Medicine,Dr. King,Hyperlipidemia,Depression,Warfarin,Prednisone,153.7 cm,85.0,36.0,98/70,N/A,38.1,90,234,5.84,8.7,HUMANA,47021.64,1,0,Y,Occasional,Transferred
19351,Deborah,Baker,07/25/2000,21,female,112-70-9399,979-352-7512,deborah.baker30@yahoo.com,8452 Hill Way,Dallas,TN,37508,2021-09-10,2021-09-19,9,Routine,General Medicine,Dr. Lewis,Pneumonia,Alzheimer's Disease,Insulin Glargine,,177.2,56.7,18.1,,88,37.4,94 %,277,6.66,10.8,Cigna,36733.01,0,0,0,None,Discharged to SNF
89670,donald,Miller,1975-01-17,43,F,495-46-4373,N/A,donald.miller9@outlook.com,181 Maple Blvd,Seattle,VA,17530,2018-09-18,2018-10-06,18,Elective,Pediatrics,Dr. Ramirez,Hypothyroidism,Chronic Kidney Disease,Omeprazole,Aspirin,170.3,121.1,41.8,103/103,54,38.4,88,,N/A,12.2,Medicaid,81205.68,5,0,Unknown,Heavy,Discharged to SNF
55453,Donna,campbell,1994-12-30,24,F,814379085,621-980-2986,donna.campbell48@gmail.com,5342 Washington Dr,Memphis,IN,23791,2019-12-19,2020-01-02,14,Elective,Cardiology,Dr. Smith,COPD,,Clopidogrel,,191.0,60.6,16.6 ,140/104,80,36.6 C,-999,345,2.69 ,12.2,MEDICARE,32707.65,0,0,no,None,AMA
45815,Patricia,Green,1943/02/02,80,M,785-18-4613,2988803750,NA,1765 Elm Blvd,Seattle,AZ,15768,2023-12-21,2023-12-28,7,Elective,ICU,Dr. Adams,Pneumonia,Sepsis,Losartan,Hydrochlorothiazide,163.9,49.5,N/A,115/75,80,36.1,88 %,77,3.03,5.7,Cigna,18564.41,3,0,Y,None,Home
98853,  Robert  ,Perez,1955-09-24,65,M,349-89-2300,261-340-7136,robert.perez64@hotmail.com,3349 Main Ave,Columbus,IL,36478,2021-07-26,2021-08-23,28,Urgent,Orthopedics,Dr. Campbell,Alzheimer's Disease,Anemia,Levothyroxine,,176.3,77.5,,119/92,,38.5,89,-999,2.27,N/A,Anthem,67405.39,2,0,Y,Moderate,Home
36787,MARGARET,Lopez,1967-12-11,51,M,878-29-8897,220-980-7249,margaret.lopez55@gmail.com,2504 Lake Rd,Denver,WI,49351,2019-11-04,2019-11-28,24,Elective,General Medicine,Dr. Gonzalez,COPD,,Insulin Glargine,,175.9,127.3,,151/65,96,-999,95,286 mg/dL,4.29,10.6,Anthem,51709.14,2,0,Former,Occasional,Rehab Facility
55688,Margaret,Mitchell,2002-06-25,-999,M,778-30-1202,319-989-2512,margaret.mitchell83@outlook.com,1317 Lake Ave,Nashville,SC,62122,2018-08-25,2018-09-15,21,Urgent,ICU,Dr. Carter,Hypothyroidism,,Warfarin,,151.6,,,176/61,68,37.8,98,145 mg/dL,2.41,9.4,Anthem,56142.07,2,1,No,None,Rehab Facility
33853,Elizabeth,CARTER,1959-01-26,61,,340-71-8949,888-978-2651,elizabeth.carter2@gmail.com,9543 Main St,Los Angeles,LA,44875,2020-01-31,2020-02-07,7,Urgent,Orthopedics,Dr. White,Atrial Fibrillation,Hypertension,Hydrochlorothiazide,Gabapentin,-999,79.7,21.9,169/66,71,36.3,89,211,0.98,4.3,Kaiser Permanente,51569.4,3,0,Unknown,Heavy,Transferred
71377,Melissa,Lee,1941-06-28,80,F,246-76-9267,232-330-9158,melissa.lee12@hotmail.com,7649 Maple Dr,Milwaukee,MO,98219,2022-01-15,2022-02-12,28,Elective,ICU,Dr. Roberts,Chronic Kidney Disease,Pneumonia,Albuterol,,171.8,107.8,36.5,134/87,,39.4,89,267,2.7,5.8,Aetna,37248.49,1,0,no,Occasional,Transferred
67273,Kimberly,Gonzalez,1947-11-13,71,M,915-26-9515,N/A,kimberly.gonzalez14@outlook.com,7547 Elm Ave,Milwaukee,MO,11204,2019-04-02,2019-04-05,3,Emergency,Psychiatry,Dr. Walker,Depression,Coronary Artery Disease,Insulin Glargine,,155.7,,29.5,90/79,118,37.6,94,233,6.28,11.2,BlueCross BlueShield,51105.39,2,0,Unknown,Occasional,Transferred
54225,Charles,JACKSON,1975-02-10,47,M,248-36-4573,966-400-1149,charles.jackson47@aol.com,2419 Washington Dr,Louisville,MN,23362,2022-05-21,2022-05-24,3,Urgent,ICU,Dr. Martinez,Migraine,Type 2 Diabetes,Amlodipine,,174.7,53.3,17.5,164/63,88,36.7,90,296,-999,N/A,BlueCross BlueShield,10415.81,3,0,Unknown,N/A,Deceased
97659,Michael,Nguyen,1991-05-16,32,M,931-77-9004,2657319830,michael.nguyen92@gmail.com,1923 Maple Way,Albuquerque,MN,37192,2023-05-19,2023-05-28,9,Elective,Surgery,Dr. Taylor,Sepsis,Hypertension,Pantoprazole,,195.0,104.7,27.5,106/66,118,39.3,88,271,4.67,8.8,BlueCross BlueShield,11384.95,2,0,Yes,None,Home
PT-22977,Susan,Rodriguez,1943-04-18,76,M,308195413,848-913-4156,susan.rodriguez92@hotmail.com,8380 Hill Ave,El Paso,MN,83877,2020-02-10,2020-02-15,5,Transfer,Neurology,Dr. Perez,Hypothyroidism,Anxiety Disorder,Warfarin,,N/A,107.0,40.5 ,160/76,70,36.3,92,287,7.55,5.3,Aetna,23325.58,4,0,Unknown,None,AMA
PT-89621,Melissa,Baker,1968/07/12,53,F,723-63-8500,(387) 649-6799,melissa.baker60@aol.com,8530 Cedar Blvd,Charlotte,NC,47594,2022-05-15,2022-05-21,6,Elective,Cardiology,Dr. Garcia,Appendicitis,Depression,Warfarin,Atorvastatin,155.7,45.8,-999,,98,37.1,,259,5.81,6.2,Aetna,62181.03,5,0,no,,Deceased
96661,david,Baker,05/19/1987,37,m,978-25-5752,506-694-5809,david.baker34@yahoo.com,9320 Washington Ave,El Paso,AL,102XX,2024-10-31,2024-11-02,2,Urgent,Neurology,Dr. Smith,Depression,Appendicitis,Clopidogrel,Lisinopril,166.5,56.3,20.3,96/87,71,36.5,98,197,6.74,11.7,Medicare,-2744.27,1,1,Y,N/A,Transferred
28333,  John  ,Rodriguez,2003-08-17,16,F,509-74-7370,N/A,john.rodriguez3@yahoo.com,224 Cedar St,Seattle,VA,30387,2020-03-23,2020-03-27,4,Elective,Oncology,Dr. Campbell,Migraine,Hypothyroidism,Amoxicillin,Warfarin,164.9,47.7,17.5,151/102,65,38.2,100,-999,,10.9,Humana,41561.02,3,0,0,Occasional,Deceased
95389,Joseph,ANDERSON,07/16/1976,47,F,862514473,492-683-5590,joseph.anderson78@gmail.com,8050 Elm Blvd,San Jose,PA,66479,2023-11-21,2023-12-01,10,Transfer,Orthopedics,Dr. Adams,Depression,,Metformin,Omeprazole,152.8,81.3,N/A,104/77,94,37.0,88,163,0.81,4.5 %,,63277.76,2,0,no,Occasional,Transferred
64815,Kenneth,  Rivera  ,1990-04-09,31,M,858609110,,kenneth.rivera10yahoo.com,6294 Lake Way,Seattle,LA,67376-0000,2021-11-23,2021-12-22,29,Transfer,Surgery,Dr. Rivera,Rheumatoid Arthritis,Obesity,Losartan,,153.0,80.6,34.4,110/154,85,36.5,88,101,,10.2,Cigna,-449.73,1,1,0,Moderate,AMA
58380,Charles,Lee,1963-09-09,55,M,769-42-4377,(652) 425-6312,charles.lee35@yahoo.com,6480 Maple Dr,Louisville,CO,86239,2019-07-02,2019-07-16,14,Elective,Psychiatry,Dr. Young,Hyperlipidemia,Hypothyroidism,Furosemide,,150.5,75.2,33.2,N/A,52,,N/A,124,N/A,,Medicare,15837.89,3,0,Former,N/A,Discharged to SNF
15733,james,Miller,1996-04-14,28,F,,757-503-2680,james.miller66@outlook.com,3676 Main Ave,Tucson,CA,28590,2024-09-22,2024-09-23,1,Emergency,Emergency,Dr. Jones,Hypothyroidism,Osteoarthritis,Sertraline,,153.8 cm,56.8,24.0,146/70,111,N/A,99,206,5.21,5.1,Medicare,14827.74,1,0,,Moderate,Transferred
20009,Mark,Campbell,1998/11/03,20,F,523-87-6463,341-869-5028,mark.campbell50@outlook.com,8746 Park Ln,Denver,TN,82002-0000,2019-08-24,2019-09-04,11,Emergency,Cardiology,Dr. White,Pneumonia,Rheumatoid Arthritis,Atorvastatin,Warfarin,155.1,81.3,33.8,108/65,66,,-999,323,3.68,10.2,CIGNA,59911.38,4,1,0,Heavy,Discharged to SNF
65667,David,Johnson,1946/08/14,76,M,554-92-1216,493-313-3554,david.johnson8gmail.com,8246 Maple St,San Antonio,LA,89190,2023-05-08,2023-06-04,27,Elective,Neurology,Dr. King,Rheumatoid Arthritis,Migraine,Insulin Glargine,Gabapentin,153.6,51.6,21.9,143/69,,39.0,99,223,N/A,10.5,Humana,60440.31,4,1,N,Occasional,Transferred
59160,Karen,Gonzalez,1959-01-04,65 yrs,M,507-74-4192,522-969-7400,karen.gonzalez93@hotmail.com,1596 Elm Dr,Boston,SC,26976,2024-09-11,2024-09-12,1,Routine,Neurology,Dr. Rivera,Alzheimer's Disease,Stroke,Omeprazole,,151.5,67.9,29.6,162/62,111,37.3,92,74,7.85,10.8,Centene,-4210.01,1,0,yes,Occasional,Home
19830,Karen,SCOTT,1948-09-26,69,M,362-66-3301,3267828999,karen.scott6@hotmail.com,2114 Park Blvd,Charlotte,WA,47568,2018-03-03,2018-03-08,5,Emergency,Cardiology,Dr. Mitchell,Stroke,Anxiety Disorder,Furosemide,,N/A,59.4,20.4,98/77,95,N/A,100,305,2.43,8.3,Medicare,22708.92,3,1,yes,N/A,Deceased
53086,John,Wright,1959-01-28,64,M,876-97-7929,476-458-3885,john.wright11@yahoo.com,1339 Pine Way,Columbus,NC,19077,2023-05-05,2023-05-09,4,Urgent,Oncology,Dr. Gonzalez,Epilepsy,Hypothyroidism,Clopidogrel,,156.5,63.1,25.8,166/109,-999,39.9,91,97,2.09,4.2,BLUECROSS BLUESHIELD,8311.29,2,0,Y,Heavy,Transferred
70117,James,Lewis,2000-06-17,22,M,114-57-6960,216-509-6029,james.lewis65@gmail.com,6784 Washington Blvd,Indianapolis,CO,75422,2022-07-23,2022-08-01,9,Transfer,Surgery,Dr. Ramirez,Osteoarthritis,Hypothyroidism,Clopidogrel,Levothyroxine,N/A,94.2,7.2,114/86,71,36.9,91,N/A,7.79,9.2,MEDICARE,36698.42,0,0,N,Moderate,Discharged to SNF
47998,Donald,davis,1989-06-26,32,F,414634957,204-624-1535,donald.davis2@gmail.com,8503 Hill Blvd,Fort Worth,KY,30103,2022-04-10,2022-04-14,4,Emergency,ICU,Dr. Rodriguez,Anxiety Disorder,,Prednisone,Albuterol,191.1,80.1,21.9,180/110,50,39.1,96,N/A,2.51,9.9,Cigna,52574.64,4,0,Unknown,Heavy,Deceased
13646,William,Robinson,,,F,753-84-2694,313-670-3010,william.robinson14yahoo.com,2960 Oak St,Albuquerque,NC,47022,2022-04-16,2022-04-17,1,Elective,ICU,Dr. Harris,Coronary Artery Disease,Atrial Fibrillation,Hydrochlorothiazide,,179.4,63.8,19.8,121/106,98 bpm,38.6,92,112,,,Aetna,41610.71,0,0,Y,N/A,Rehab Facility
29968,George,Hall,1942-08-24,79,M,834-45-7436,3057976105,GEORGE.HALL22@YAHOO.COM,7310 Washington Ln,Albuquerque,AZ,73941,2021-09-03,2021-09-08,5,Emergency,Oncology,Dr. Williams,Alzheimer's Disease,,Levothyroxine,Amoxicillin,171.7,126.0,,160/101,113,39.8,-999,198,,10.2,Cigna,48423.5,3,0,0,Moderate,AMA
52147,Dorothy,Moore,1993-12-27,26,M,434-85-7272,442-790-1348,dorothy.moore37@gmail.com,9434 Main Dr,Milwaukee,KY,94366,2020-05-19,2020-06-05,17,Routine,Pediatrics,Dr. Moore,Depression,,Hydrochlorothiazide,,-999,103.0,32.1,,,,N/A,131,1.43,5.5,UNKNOWN,-2697.52,4,1,Y,Moderate,Rehab Facility
35055,  Patricia  ,Taylor,1988-03-23,29,M,251-84-7771,852-657-3004,patricia.taylor67@aol.com,8030 Pine Blvd,San Francisco,MD,41525,2018-01-21,2018-02-20,30,Elective,Neurology,Dr. Jones,Parkinson's Disease,Hyperlipidemia,Atorvastatin,,192.6,51.4,13.9,168/110,84,N/A,-999,305,1.4,6.9,Kaiser Permanente,47694.54,2,0,1,None,Rehab Facility
36610,Michael,  Martinez  ,1954-09-24,66,F,506-74-8059,720-541-1870,michael.martinez57@hotmail.com,6268 Washington Ave,New York,FL,58467,2021-06-12,2021-07-10,28,Elective,Orthopedics,Dr. Davis,Depression,,Metoprolol,Clopidogrel,183.5,65.4,19.4,77/113,117,37.1,96,113,,5.9,Anthem,37136.27,4,0,Yes,None,Home
91542,DAVID,Lopez,1961-05-29,58,F,697-10-9000,453-683-2792,david.lopez6@gmail.com,3741 Lake Ln,Austin,MN,,2019-11-29,2019-12-10,11,Transfer,General Medicine,Dr. Taylor,COPD,Parkinson's Disease,Amlodipine,,156.4,46.1,,132/61,83,36.7,-999,74,4.96,12.7,Medicare,41960.93,5,0,Y,Heavy,Transferred
57109,MICHELLE,Wright,1973-11-22,45,male,***-**-3014,643-665-6685,michelle.wright37@gmail.com,2411 Park Rd,Tucson,TN,11092,2019-03-19,2019-03-28,9,Routine,Orthopedics,Dr. Jackson,Heart Failure,Depression,Amoxicillin,Metoprolol,189.4,59.9,16.7,134/81,-999,37.1,91,91,4.85,,Humana,5960.09,2,0,,None,Home
42601,Karen,Lopez,1948-10-20,,F,***-**-2573,341-739-8240,karen.lopez89@hotmail.com,5859 Park Blvd,Boston,UT,76036,2020-12-06,2021-01-05,30,Urgent,Psychiatry,Dr. Allen,Hypothyroidism,Hypothyroidism,Insulin Glargine,,164.5,94.1,N/A,115/76,120,N/A,92,306,4.59,7.4,Medicaid,7972.25,4,0,Y,Occasional,Discharged to SNF
25917,Melissa,young,1944-10-03,75,M,223-76-2587,453-409-2697,melissa.young61@gmail.com,912 Oak Blvd,Columbus,MA,76296,2020-04-19,2020-05-06,17,Routine,Cardiology,Dr. Lopez,Rheumatoid Arthritis,COPD,Albuterol,Pantoprazole,180.4,117.4,36.1,129-106,50,38.5,,128,1.0,,Medicare,73112.02,2,1,Former,N/A,Discharged to SNF
94555,sandra,Moore,1971-10-28,47,M,243-45-5963,603-269-8925,,9438 Lake Way,San Antonio,MN,89408,2019-07-25,2019-08-09,15,Emergency,Oncology,Dr. Anderson,Migraine,Heart Failure,Levothyroxine,Prednisone,166.1 cm,117.7,42.7,134/105,,38.6,N/A,243,,11.7,Centene,70625.39,2,1,No,N/A,Rehab Facility
13861,Richard,gonzalez,1973-11-17,45,F,105-56-7685,781-759-2179,richard.gonzalez44@yahoo.com,8654 Park Ave,Tucson,AL,99438,2019-06-30,2019-07-21,21,Routine,Psychiatry,Dr. Garcia,Atrial Fibrillation,Coronary Artery Disease,Clopidogrel,,180.5,,19.7,145/93,,36.1,98,119,2.03,11.3,UNITED HEALTH,68234.85,4,1,Former,,Home
24532,Thomas,Gonzalez,1998-08-09,-999,F,526-86-2320,764-690-3121,thomas.gonzalez35@gmail.com,8317 Cedar Rd,San Francisco,NY,23639,2018-05-03,2018-05-05,2,Emergency,General Medicine,Dr. Brown,Osteoarthritis,Depression,Albuterol,,152.7,,26.8,132/108,57,36.3,97,88,3.09,4.6,CIGNA,45638.71,0,0,N,Heavy,Deceased
42757,Joshua,Adams,1956-03-14,,M,475-80-5795,869-450-9631,joshua.adams35@hotmail.com,885 Elm Dr,Phoenix,IN,80964,2021-03-03,2021-03-05,2,Emergency,Oncology,Dr. Williams,Epilepsy,Coronary Artery Disease,Gabapentin,,,78.8,32.5,,119,38.8,93,182,3.83,6.7,Cigna,26267.36,0,1,yes,N/A,Transferred
00014103,Thomas,,,27,M,574-64-9501,466-366-7247,thomas.carter60@yahoo.com,4599 Pine St,Los Angeles,UT,27284,2021-10-09,2021-11-08,30,Transfer,Neurology,Dr. Martin,Hyperlipidemia,Depression,Levothyroxine,Lisinopril,165.3,,42.3,144/110,57,38.2,,217 mg/dL,6.94,12.4,Kaiser Permanente,23209.15,4,0,,N/A,Home
26675,  John  ,Lopez,1998-11-07,19,F,215-75-2268,442-408-6337,john.lopez74@hotmail.com,6988 Pine Ave,Houston,AZ,99262,2018-07-23,2018-07-31,8,Urgent,Psychiatry,Dr. Johnson,Hypertension,Osteoarthritis,Levothyroxine,Furosemide,151.9,106.0 kg,45.9,76/123,95,36.2,91,249,1.32,8.6,Centene,3132.8,3,0,No,,Discharged to SNF
80643,Emily,lewis,1944-08-12,80,F,,560-773-9284,EMILY.LEWIS10@HOTMAIL.COM,3775 Park Way,Oklahoma City,TN,95633,2024-10-22,2024-11-07,16,Urgent,Neurology,Dr. Garcia,Hypothyroidism,,Omeprazole,Albuterol,187.6,69.9,19.9,121-109,79,39.0,,193 mg/dL,,12.6,United Health,51668.61,3,1,N,Heavy,Transferred
60870,Lisa,perez,,30,M,939-75-2372,N/A,lisa.perez87@outlook.com,2896 Lake Rd,Indianapolis,NJ,59725,2020-09-15,2020-10-08,23,Transfer,ICU,Dr. Jackson,UTI,,Amlodipine,,152.0,N/A,46.7,147-86,105,37.9,90,163,5.93,9.3,BlueCross BlueShield,48169.1,3,0,Y,Heavy,Deceased
40366,JOHN,Wright,1985/08/21,-999,M,369-21-3241,485-949-2908,john.wright46@gmail.com,5360 Maple Ln,Houston,AL,39155,2019-11-23,2019-11-24,1,Transfer,Orthopedics,Dr. Scott,Anxiety Disorder,,Clopidogrel,Atorvastatin,166.6,69.0,24.9,144/106,66,37.2,89,131,,,Medicaid,8987.08,1,0,Unknown,N/A,Transferred
PT-37334,Kimberly,Thomas,2001-09-20,19,F,215467874,657-533-5053,NA,5225 Oak Blvd,Indianapolis,PA,25180,2020-12-13,2021-01-02,20,Elective,Cardiology,Dr. Scott,Epilepsy,Heart Failure,Aspirin,Aspirin,,60.3,18.7,119/78,112,37.6,N/A,348,4.11,-999,Cigna,2947.34,4,0,Y,Moderate,AMA
12767,Emily,WILSON,1971-08-23,52,F,120-77-2679,713-607-8944,emily.wilson6@yahoo.com,3769 Cedar St,Los Angeles,MI,47105,2024-03-14,2024-03-17,3,Routine,Cardiology,Dr. Mitchell,Obesity,Rheumatoid Arthritis,Hydrochlorothiazide,,194.3,116.2,N/A,119/78,97,36.9,99,197,7.55,4.3,Aetna,6743.73,2,0,0,,Home
79888,Amanda,Miller,2005-04-09,17,F,601-85-5095,285-344-7605,amanda.miller79@outlook.com,9284 Cedar St,Baltimore,AL,,2022-06-01,2022-06-13,12,Urgent,Orthopedics,Dr. Carter,Parkinson's Disease,Hypothyroidism,Sertraline,Omeprazole,N/A,78.8,21.0,137/90,89 bpm,39.2,89 %,118,4.71,,Centene,51092.69,0,0,0,Heavy,Rehab Facility
32376,MARGARET,jackson,1989-01-29,33,F,315-52-3217,368-736-8763,margaret.jackson2@hotmail.com,7709 Oak St,Philadelphia,PA,64565,2022-09-09,2022-09-08,-1,Emergency,Surgery,Dr. Anderson,Depression,Atrial Fibrillation,Amlodipine,Levothyroxine,177.7,76.6,24.3,108/78,N/A,39.8,93 %,335,-999,8.2,BlueCross BlueShield,53310.2,0,0,Y,N/A,Transferred
60193,Susan,Hernandez,1964-11-14,60,M,780706359,509-712-2921,susan.hernandez31@aol.com,6317 Park Blvd,Memphis,WA,61543,2024-11-27,2024-12-19,22,Elective,Surgery,Dr. Lewis,Depression,Anxiety Disorder,Clopidogrel,,194.5,52.8,14.0,108/69,50,39.6,88 %,140,,8.0,United Health,80393.9,4,0,1,N/A,AMA
10735,John,Adams,1962-10-07,60,F,995-92-9938,306-239-7054,john.adams4@aol.com,2899 Maple St,Las Vegas,SC,30079,2023-08-22,2023-08-19,-3,Elective,Psychiatry,Dr. Mitchell,Hypothyroidism,Chronic Kidney Disease,Lisinopril,,167.9,129.6,46.0,,53,39.7,97,N/A,4.18,8.3,Kaiser Permanente,8736.68,0,0,Yes,Moderate,Rehab Facility
76252,Linda,Perez,1940-04-15,81,F,,941-452-6042,linda.perez88@yahoo.com,6215 Pine Ave,New York,MI,27397,2021-06-28,2021-07-07,9,Routine,Neurology,Dr. Young,Obesity,,Levothyroxine,,181.3,93.1,28.3,104/65,61,38.4,88,156,6.42,6.0,Cigna,15465.97,1,0,Y,,Transferred
77275,Elizabeth,Walker,1942-10-27,76,m,,513-366-8648,elizabeth.walker70@yahoo.com,7479 Hill Ln,Louisville,MA,12850,2019-04-18,2019-05-05,17,Urgent,Orthopedics,Dr. Carter,Epilepsy,Rheumatoid Arthritis,Aspirin,Gabapentin,164.5,92.9,34.3,N/A,95,36.0,,N/A,3.01,-999,Centene,29050.71,5,0,0,None,Home
PT-61903,Karen,Garcia,1953/03/25,67,M,784588593,,karen.garcia50@yahoo.com,2188 Washington Way,Tucson,LA,517XX,2020-03-31,2020-04-29,29,Emergency,Psychiatry,Dr. Lopez,Anxiety Disorder,Migraine,Warfarin,Pantoprazole,159.1,N/A,20.8,177/95,-5 bpm,37.4,95,271,5.74,12.2,UNKNOWN,57104.58,0,0,yes,Moderate,Discharged to SNF
62194,carol,Sanchez,1947-05-31,74,M,926-67-9225,581-999-8758,carol.sanchez92@hotmail.com,2931 Washington Ln,Phoenix,VA,80126,2021-11-19,2021-12-11,22,Routine,Cardiology,Dr. Robinson,Parkinson's Disease,Migraine,Atorvastatin,,155.8,88.1 kg,36.3,,101,36.2,94,202,,5.0,Humana,17198.3,2,1,no,None,AMA
21016,SANDRA,Hall,NULL,38,Female,180535947,632-610-1366,SANDRA.HALL24@HOTMAIL.COM,1299 Washington St,Albuquerque,AL,95576,2022-11-01,2022-11-30,29,Routine,Oncology,Dr. Moore,Atrial Fibrillation,Depression,Amoxicillin,Albuterol,190.7,124.2,34.2,162/89,,36.6,,121,3.36,12.8,Kaiser Permanente,48946.89,5,0,0,N/A,Transferred
93200,  Daniel  ,lewis,1990-01-11,28,M,312-77-7048,511-498-6166,daniel.lewis58@outlook.com,9584 Maple Ln,Oklahoma City,IL,13875,2018-02-21,2018-03-04,11,Routine,Neurology,Dr. Miller,Osteoarthritis,Hypothyroidism,Metformin,Sertraline,183.4,62.9,18.7,176/84,54,38.3,89,319,4.71,7.1,Cigna,32211.53,4,0,N,Occasional,Deceased
39504,Betty,Jackson,1980-04-27,39,M,734-74-2319,,betty.jackson3@hotmail.com,9328 Park Rd,San Antonio,GA,89929,2019-10-05,2019-11-04,30,Urgent,Orthopedics,Dr. Lopez,Asthma,Hypertension,Amoxicillin,Hydrochlorothiazide,165.0,84.4,31.0,102-84,103,37.6,98,84 mg/dL,5.14,5.2,CIGNA,72351.11,4,1,1,N/A,Rehab Facility
14236,Thomas,Rivera,1982-03-08,40,M,623-90-8209,(638) 327-2697,thomas.rivera19@hotmail.com,1832 Maple Blvd,Louisville,LA,85997,2022-04-28,2022-05-01,3,Routine,Pediatrics,Dr. Perez,Hypothyroidism,Heart Failure,Albuterol,Losartan,177.3,129.1,41.1,146/90,57 bpm,37.6,99,90,3.23,10.4,Kaiser Permanente,54752.01,2,0,no,N/A,Discharged to SNF
29205,Karen,Martinez,06/12/1960,57,m,986-72-3770,737-693-3873,karen.martinez62@outlook.com,5610 Cedar Blvd,Houston,MN,118XX,2018-04-25,2018-05-23,28,Emergency,Surgery,Dr. Anderson,Atrial Fibrillation,,Gabapentin,Amlodipine,182.5,108.4,32.5,141/90,71,38.6,97,326,2.86,7.4,UNKNOWN,42647.78,5,0,yes,Moderate,Rehab Facility
89840,Emily,Martin,2005-10-15,12,M,302-22-9886,803-420-8982,emily.martin39@aol.com,1828 Park Way,Charlotte,MD,11258,2018-09-18,2018-10-17,29,Urgent,General Medicine,Dr. Allen,Appendicitis,,Amoxicillin,Metformin,161.0,109.7,42.3,102/94,56 bpm,,91,314,1.37,4.8,Centene,23377.8,2,0,no,N/A,Deceased
80594,Christopher,ROBERTS,1960-10-17,59,F,585-93-7830,998-943-5413,christopher.roberts30@hotmail.com,4975 Elm Ave,Milwaukee,UT,71863,2020-05-23,2020-06-02,10,Emergency,Emergency,Dr. Adams,Depression,Osteoarthritis,Levothyroxine,,163.5,96.8,36.2,109/80,100,39.4,N/A,150,2.94,8.6,Medicaid,-394.06,3,1,Former,Heavy,AMA
71587,,Nguyen,1974-12-29,-999,F,703-48-4276,775-290-8180,joshua.nguyen32@hotmail.com,4272 Lake Ln,Memphis,MO,85069,2023-06-18,2023-06-26,8,Routine,Emergency,Dr. Gonzalez,Depression,Heart Failure,Atorvastatin,Levothyroxine,,74.1,31.9,146/78,67,36.3,100,281,6.68,11.9,Cigna,16059.83,2,0,Unknown,N/A,Transferred
18796,  Jennifer  ,torres,1950/01/28,73,F,857-65-1351,611-788-5813,jennifer.torres1@aol.com,3691 Elm Dr,Los Angeles,CA,61111,2023-12-19,2023-12-25,6,Urgent,Psychiatry,Dr. Martinez,Heart Failure,,Albuterol,Levothyroxine,194.7,108.9,28.7,145/77,69,36.3,98,243,3.91,-999,Cigna,65558.9,4,0,yes,Occasional,Rehab Facility
00067624,Betty,GONZALEZ,1958-09-17,63,M,295362487,719-568-8831,BETTY.GONZALEZ33@AOL.COM,119 Washington Way,Los Angeles,MA,246XX,2022-04-08,2022-04-10,2,Elective,Neurology,Dr. Adams,Hypothyroidism,Chronic Kidney Disease,Furosemide,,176.6,-999,17.8,,65,36.8,95,253,6.12,6.9,Medicaid,80431.98,1,0,Unknown,Heavy,Rehab Facility
32890,Linda,Hernandez,12/27/1999,20,M,486-86-9604,(373) 361-2640,linda.hernandez2@hotmail.com,1087 Oak Dr,Charlotte,TX,39189,2020-01-14,2020-01-26,12,Urgent,Emergency,Dr. Nelson,Anemia,Pneumonia,Insulin Glargine,,-999,98.2,36.6,123/99,53,39.6,88,143,7.35,4.4,Humana,40742.57,4,0,0,Moderate,Discharged to SNF
70574,,Martinez,1963-12-06,,M,978544076,843-791-7646,kevin.martinez58@yahoo.com,8944 Park St,San Jose,WI,69400-0000,2019-06-24,2019-07-05,11,Transfer,Neurology,Dr. Nelson,Alzheimer's Disease,,Clopidogrel,Levothyroxine,186.0,-999,28.5,113/60,54,37.0,94,235,0.59,8.3,Kaiser Permanente,68690.53,1,0,Y,,AMA
76965,emily,Hill,1941-07-01,78,M,331-29-9860,824-634-4312,emily.hill36@gmail.com,8549 Washington Dr,Columbus,MI,62543,2020-03-24,2020-04-17,24,Transfer,Cardiology,Dr. Carter,Anemia,Alzheimer's Disease,Sertraline,,173.9,49.0,,159/74,117,36.6,-999,154,5.26,11.7 %,Humana,18139.78,2,1,N,Occasional,Home
98111,Kenneth,Hill,09/15/1986,N/A,F,741-69-7978,799-372-8983,kenneth.hill98@hotmail.com,1452 Hill Ln,Phoenix,IN,39443,2021-06-28,2021-07-15,17,Urgent,Surgery,Dr. Perez,Osteoarthritis,,Aspirin,Warfarin,N/A,114.9,39.9,168/89,93,39.8,88,265,6.78,6.3,Aetna,73606.63,3,0,N,N/A,Transferred
94237,Joshua,Clark,1961-05-28,60,F,680-33-1395,845-536-2618,joshua.clark38@outlook.com,4154 Elm Way,Indianapolis,AL,13719,2022-01-17,2022-02-05,19,Elective,Surgery,Dr. Roberts,Migraine,Hyperlipidemia,Gabapentin,,151.8,100.0,43.4,148-96,54,39.3,98,291,5.52,4.2,Medicare,59574.32,0,0,0,N/A,Discharged to SNF
73627,Kimberly,Martin,1954-04-14,65,F,494-23-5815,N/A,kimberly.martin42@yahoo.com,4029 Lake Ave,New York,OR,68004,2019-11-22,2019-11-20,-2,Elective,Cardiology,Dr. Jackson,Migraine,Hypertension,Aspirin,,174.2,78.8,26.0,115/65,101,36.6,93,342,3.15,5.2,Cigna,74448.99,0,0,yes,None,Discharged to SNF
80827,William,Miller,2003-01-07,17,F,705-65-2059,(375) 222-8347,william.miller72@gmail.com,2423 Oak Rd,Milwaukee,TN,55561,2020-10-08,2020-11-03,26,Elective,Orthopedics,Dr. Nelson,Osteoarthritis,,Gabapentin,Metformin,154.7,,48.1,134/105,120,N/A,92,97,3.95,7.9,Medicare,36905.14,5,1,1,Moderate,AMA
42610,George,DAVIS,1956-04-04,62,F,358-73-2486,N/A,george.davis26@yahoo.com,1337 Elm Dr,El Paso,CO,56032,2018-05-01,2018-05-22,21,Elective,Surgery,Dr. Smith,Parkinson's Disease,,Gabapentin,,192.6,93.8,25.3,139/86,110,37.4,89,229,3.16,10.4 %,,5497.85,4,0,Yes,Moderate,Home
PT-68340,  Charles  ,Miller,1988-03-24,31,F,784-80-2072,546-452-6991,charles.miller19yahoo.com,6624 Main Blvd,Louisville,OH,743XX,2019-05-08,2019-06-03,26,Transfer,ICU,Dr. Carter,Type 2 Diabetes,Coronary Artery Disease,Prednisone,,N/A,59.2,19.0,114/98,93,39.7,96,269,6.38,,Kaiser Permanente,77552.76,4,0,0,N/A,Deceased
50254,  Mary  ,Brown,1955-07-21,66,F,290-38-6247,274-931-4335,NA,256 Main Dr,Oklahoma City,CO,84861,2021-07-08,2021-08-01,24,Urgent,Cardiology,Dr. Martinez,Atrial Fibrillation,Chronic Kidney Disease,Sertraline,,165.8,90.7,33.0,177/87,117,38.0,98,92,7.33,4.9,United Health,83908.72,1,0,Former,,AMA
61834,Linda,Hernandez,2001/11/09,,F,942-35-2417,000-000-0000,LINDA.HERNANDEZ17@AOL.COM,1792 Oak Ave,San Francisco,TN,14678,2020-07-02,2020-07-05,3,Routine,Cardiology,Dr. Nelson,Type 2 Diabetes,COPD,Atorvastatin,Atorvastatin,174.2,,19.5,177/105,100,37.1,97,203,1.31,,Centene,31841.21,1,0,0,Occasional,Deceased
42214,Robert,Clark,1989-01-31,32,M,136-82-9938,275-220-8805,robert.clark74@outlook.com,6337 Park Rd,Oklahoma City,MN,470XX,2021-07-24,2021-07-26,2,Transfer,Orthopedics,Dr. Martinez,Hyperlipidemia,Sepsis,Gabapentin,,157.6,124.3,50.0,108/66,-999,38.3,94,131,6.93,10.9,Medicare,78191.54,2,0,no,N/A,Transferred
60913,Amanda,Gonzalez,1951-12-10,-999,M,563-48-7752,252-404-4558,amanda.gonzalez44@aol.com,8479 Washington Ave,Columbus,MN,30541,2023-12-11,2023-12-18,7,Elective,ICU,Dr. Torres,Anemia,,Losartan,,182.8,111.7,33.4,149-95,,37.2,,142,4.03,8.9,Humana,83616.95,5,0,yes,Occasional,Rehab Facility
29739,mark,Walker,1995-11-30,25,,968-41-2857,879-350-8289,NA,7747 Washington Dr,Columbus,CT,27773,2021-07-16,2021-08-04,19,Transfer,Emergency,Dr. Garcia,COPD,UTI,Furosemide,Prednisone,163.0,53.6,20.2,109/70,118,37.6,96,310,5.75,6.5,Medicare,76041.99,4,0,Y,None,Transferred
77295,Carol,Thomas,12/04/1983,,F,,589-597-1589,carol.thomas89@hotmail.com,8399 Washington Dr,Fort Worth,NJ,59170,2021-07-28,2021-08-26,29,Emergency,Emergency,Dr. Allen,Epilepsy,Osteoarthritis,Gabapentin,Aspirin,,,19.4,174/89,92,36.5 C,97,75,6.01,4.2,Aetna,77678.7,2,0,No,None,Rehab Facility
23871,  Jennifer  ,,1947-04-13,72,male,706-17-8250,(389) 719-1103,jennifer.smith11yahoo.com,8881 Hill Ave,Philadelphia,NC,35915,2020-01-31,2020-02-03,3,Urgent,ICU,Dr. Allen,Epilepsy,,Atorvastatin,,160.5,,19.1,131/100,110,38.8,95,165,4.02,10.6,United Health,33849.44,2,0,Unknown,Moderate,Deceased
57379,Mark,THOMPSON,1991-01-24,29,F,512-69-8608,,mark.thompson95@outlook.com,2285 Elm Dr,Milwaukee,CA,64997,2020-12-10,2021-01-03,24,Emergency,ICU,Dr. Walker,Appendicitis,,Furosemide,,163.5,86.6,32.4 ,114/74,,37.6,,236,7.43,11.6,United Health,50603.19,5,0,Former,Moderate,Home
00074779,Michelle,Flores,1967-08-19,52,F,434-98-4824,5208498801,michelle.flores36@aol.com,5425 Cedar Ave,Louisville,MD,54663,2019-10-12,2019-10-23,11,Urgent,Neurology,Dr. Harris,Anxiety Disorder,UTI,Albuterol,Amoxicillin,177.0,90.0,28.7,137/104,97,37.9,,298,3.28,6.2,Medicare,48098.68,1,0,Former,,Deceased
51947,Linda,Jackson,1957/12/12,62,M,,676-994-3418,linda.jackson58@outlook.com,7277 Elm St,Oklahoma City,PA,82779,2020-02-10,2020-03-11,30,Urgent,General Medicine,Dr. White,Obesity,Atrial Fibrillation,Amoxicillin,,158.8,112.9,,138/87,51,36.8,92,82,-999,N/A,UNKNOWN,-4743.12,1,1,Former,Moderate,Deceased
40803,  Ashley  ,Sanchez,1947/04/13,75,M,124-16-4694,690-243-1691,ASHLEY.SANCHEZ29@YAHOO.COM,8202 Elm Blvd,Philadelphia,OK,30005,2022-08-18,2022-08-29,11,Transfer,Cardiology,Dr. Gonzalez,Rheumatoid Arthritis,Migraine,Hydrochlorothiazide,,178.9,78.7,24.6,101/73,64,39.5,91 %,192,0.92,10.2,BlueCross BlueShield,57084.76,2,0,,None,Home
44123,Deborah,Sanchez,1979-12-21,44,M,741-39-5134,422-723-1390,DEBORAH.SANCHEZ40@GMAIL.COM,5472 Cedar Dr,San Antonio,OR,383XX,2024-10-07,2024-10-28,21,Elective,Psychiatry,Dr. Miller,Alzheimer's Disease,Anxiety Disorder,Insulin Glargine,Amoxicillin,151.9,113.4,49.1,116/72,,38.7,,225,3.21,4.5,Medicare,47890.12,1,0,Yes,None,Home
36825,George,Thomas,1942-09-22,N/A,F,576-62-3867,213-790-1721,george.thomas85@gmail.com,7851 Cedar Way,Austin,SC,46808,2023-05-06,2023-05-05,-1,Emergency,ICU,Dr. Scott,Obesity,,Gabapentin,Losartan,176.1,92.4,29.8,179/96,69,37.6,94,85,0.78,-999,Medicare,68974.91,0,0,1,Occasional,Deceased
74816,Lisa,Thompson,1947-10-03,77,F,935-36-7493,(283) 629-2833,lisa.thompson65@aol.com,9429 Main Blvd,Phoenix,IN,15502,2024-10-02,2024-10-11,9,Transfer,Surgery,Dr. Nelson,Pneumonia,COPD,Albuterol,Levothyroxine,174.3,102.8,33.8,133/92,68,38.2,99,151,6.88,9.2,Kaiser Permanente,62341.72,3,0,N,Occasional,AMA
00093656,  Deborah  ,Baker,1942-10-16,N/A,M,750-88-1686,895-703-1516,deborah.baker64@hotmail.com,7760 Washington Way,San Jose,CA,56071,2021-04-26,2021-04-30,4,Emergency,Pediatrics,Dr. Wright,Pneumonia,Hypothyroidism,Prednisone,Furosemide,170.4,55.1,19.0,85/174,N/A,37.5,92,289,,12.3,MEDICAID,3767.75,3,0,No,None,AMA
33754,BRIAN,King,1988-01-21,,female,280-58-1718,509-387-4660,,7286 Oak St,Portland,GA,74664,2018-07-19,2018-07-28,9,Urgent,Surgery,Dr. Miller,COPD,,Amoxicillin,Insulin Glargine,-999,,N/A,144/67,59,37.9,88,268,6.32,11.3,Medicaid,2235.43,3,0,N,Heavy,Rehab Facility
86299,BETTY,Smith,1953-03-22,68,F,590-37-2622,376-597-9870,betty.smith10@yahoo.com,8354 Maple Way,Milwaukee,IL,97435,2021-05-15,2021-05-20,5,Urgent,Pediatrics,Dr. Clark,Parkinson's Disease,,Clopidogrel,Atorvastatin,185.5,54.6,15.9,93/164,67,37.0,95,179,1.92,8.3,CIGNA,53476.51,4,0,Yes,Heavy,Discharged to SNF
88619,Sarah,Robinson,1953-01-21,65,F,,477-495-9413,sarah.robinson30@hotmail.com,9274 Cedar Blvd,Dallas,UT,52488,2018-06-13,2018-06-25,12,Transfer,Pediatrics,Dr. Gonzalez,Depression,,Levothyroxine,Warfarin,174.1,72.8,24.0,150/92,67,36.4,95,245,4.5,9.5,Centene,36315.17,2,0,Unknown,N/A,Discharged to SNF
29181,  Thomas  ,Young,1973-10-13,50,F,243-33-3013,(570) 978-1892,thomas.young6@gmail.com,8770 Pine Ave,Denver,FL,46353,2024-03-05,2024-03-03,-2,Transfer,Pediatrics,Dr. Jackson,Chronic Kidney Disease,Migraine,Warfarin,,174.8,114.8,37.6,143/72,104,38.0,N/A,313,3.78,6.8,BlueCross BlueShield,1332.84,0,1,N,Occasional,Rehab Facility
22541,Joseph,,1994-09-09,166,M,971-88-7228,223-754-5451,joseph.moore27@outlook.com,8585 Elm Blvd,Albuquerque,KY,67232,2019-11-10,2019-12-09,29,Routine,ICU,Dr. Wilson,Hypertension,Sepsis,Hydrochlorothiazide,Amoxicillin,163.9,,35.1,,62,37.6,,296,1.63,12.0,United Health,59942.06,1,0,yes,Moderate,Discharged to SNF
55643,Kimberly,adams,12/06/1982,36,M,252-47-3320,(646) 485-4047,kimberly.adams30@outlook.com,1095 Cedar Way,Seattle,PA,50841,2019-10-10,2019-10-16,6,Elective,Neurology,Dr. Jones,Asthma,UTI,Metoprolol,,,76.0,20.2,101/105,,38.2,,-999,,6.3 %,,20462.72,3,0,No,Moderate,Deceased
89818,Amanda,Thomas,1962-01-19,61,M,762-76-6798,820-791-7638,amanda.thomas97@hotmail.com,2735 Lake Way,Charlotte,UT,78612-0000,2023-02-07,2023-02-13,6,Routine,Pediatrics,Dr. White,Coronary Artery Disease,,Lisinopril,,184.0,50.7,-999,90/78,112,37.6,96,276,7.17,8.2,,10262.81,4,0,Yes,Moderate,AMA
16730,Sandra,Harris,1949/01/31,72,F,828-81-5417,261-225-9347,sandra.harris28@aol.com,6610 Elm Way,Indianapolis,CA,58662,2021-04-25,2021-05-07,12,Routine,Surgery,Dr. Williams,Sepsis,Sepsis,Levothyroxine,,163.2,-999,43.1,95-90,92,39.7,,75,7.94,5.3,Centene,10918.66,0,1,Unknown,,AMA
64734,Robert,,1990-12-22,29,M,364-83-9977,959-538-6349,robert.hernandez68@yahoo.com,9663 Lake Rd,Baltimore,MN,97523,2020-11-11,2020-12-11,30,Urgent,ICU,Dr. Brown,Obesity,Parkinson's Disease,Albuterol,,N/A,50.6,17.2,111/103,60,39.2,N/A,260 mg/dL,6.88,12.6,MEDICARE,23499.93,0,0,,Moderate,AMA
51150,Mary,Perez,1978/10/09,40,F,707-58-2357,303-284-2348,NA,8072 Oak Way,Charlotte,MO,29666,2019-09-23,2019-10-07,14,Urgent,Psychiatry,Dr. Garcia,Epilepsy,Type 2 Diabetes,Metformin,,160.6,119.7,N/A,140/97,105,37.1,97,154,,9.4,Humana,83622.74,0,0,Yes,Occasional,Rehab Facility
94340,Lisa,Nelson,1960-01-29,61,male,572-29-3543,237-281-1962,lisa.nelson76@gmail.com,2067 Maple Rd,Indianapolis,FL,29356,2021-03-08,2021-03-10,2,Transfer,Psychiatry,Dr. Martin,Asthma,,Levothyroxine,Prednisone,186.5,75.5,21.7,127/101,101,39.7,100,228,5.5,5.9,Medicaid,35134.91,0,0,yes,Heavy,Rehab Facility
31519,Jessica,Allen,1970/01/05,49,F,613-35-4458,351-540-9273,jessica.allen36@aol.com,9675 Hill Ln,Seattle,CT,61208,2019-08-30,2019-09-01,2,Routine,Pediatrics,Dr. Perez,Atrial Fibrillation,Alzheimer's Disease,Lisinopril,,190.8,106.3,29.2,91/100,93,37.5,88,123,4.12,,Anthem,25021.33,2,1,Yes,Heavy,Home
39071,Sarah,Wright,1978-07-30,,F,***-**-6383,381-758-4281,sarah.wright2@outlook.com,4024 Park St,El Paso,NJ,204XX,2018-07-15,2018-07-18,3,Elective,Neurology,Dr. Carter,Chronic Kidney Disease,,Gabapentin,,185.8,99.4,28.8,166/102,77,38.2,100,129,6.91,12.3,Medicaid,14177.29,2,0,no,Moderate,Transferred
90526,PAUL,Taylor,1971-09-09,48,M,459-13-6573,598-974-8084,paul.taylor14@aol.com,3116 Hill Rd,San Antonio,OH,62751,2019-12-24,2020-01-06,13,Urgent,Cardiology,Dr. Williams,Coronary Artery Disease,Alzheimer's Disease,Atorvastatin,Albuterol,N/A,127.4,40.3,98/70,N/A,-999,91,315,7.93,10.8,Anthem,65635.9,5,0,1,Occasional,Discharged to SNF
14257,Patricia,Martin,03/08/1988,34,M,435-33-2524,340-737-2640,patricia.martin47gmail.com,5469 Elm St,Memphis,NC,22472,2022-10-10,2022-10-09,-1,Transfer,Surgery,Dr. Torres,COPD,UTI,Atorvastatin,,186.7,-999,N/A,142/64,,37.2,,278,0.67,N/A,UNKNOWN,71603.98,0,0,0,Moderate,Home
83556,kenneth,Johnson,08/10/1956,67,Unknown,540377364,397-740-5795,kenneth.johnson45@yahoo.com,9476 Pine Blvd,Charlotte,MD,63021,2024-05-19,2024-06-11,23,Elective,Pediatrics,Dr. Hall,Hyperlipidemia,Chronic Kidney Disease,Warfarin,,181.9,-999,18.0,177/92,6,39.5,97,166,,N/A,BlueCross BlueShield,83125.44,4,0,Former,,Rehab Facility
28924,Emily,,1973-01-30,48,Unknown,262-17-1976,966-669-9589,emily.baker38@yahoo.com,4706 Maple Blvd,Albuquerque,FL,64185,2021-08-24,2021-09-07,14,Elective,Orthopedics,Dr. Hall,Obesity,,Metformin,,159.1,99.0,-999,135/72,81,39.8,N/A,95,2.39,7.9,Centene,38899.26,4,0,no,Heavy,AMA
18253,Kevin,scott,1965-05-16,55,M,838-64-5115,912-478-4268,kevin.scott81@outlook.com,9261 Hill Blvd,Oklahoma City,OR,977XX,2020-10-29,2020-11-24,26,Urgent,Orthopedics,Dr. Ramirez,Chronic Kidney Disease,Sepsis,Losartan,Levothyroxine,194.0,45.3,12.0,N/A,120,37.4,N/A,169,1.91,10.6,Kaiser Permanente,40331.93,0,0,0,None,AMA
94281,Thomas,  Hill  ,07/29/1970,N/A,M,689-45-1001,637-913-6717,thomas.hill46@outlook.com,441 Oak Rd,San Antonio,SC,82913,2020-08-27,2020-09-16,20,Elective,Oncology,Dr. Jackson,UTI,,Gabapentin,,162.5,59.2 kg,,90/91,77,,89,115,4.28,6.1,,62391.2,1,0,1,None,Discharged to SNF
30648,Amanda,  Scott  ,07/26/1960,59,F,851-12-4215,615-502-7152,,9526 Oak Way,Houston,UT,70931,2019-11-12,2019-11-21,9,Transfer,Oncology,Dr. Brown,Epilepsy,,Lisinopril,,157.1,129.8,52.6,162/73,-999,39.3 C,95,212,2.87,9.5,Aetna,47825.48,5,1,0,Occasional,Rehab Facility
93394,Christopher,Robinson,1977-11-14,46,M,752-84-2328,2849044119,CHRISTOPHER.ROBINSON62@GMAIL.COM,8832 Elm St,Albuquerque,KY,67537,2024-02-18,2024-02-21,3,Urgent,Pediatrics,Dr. Hernandez,Appendicitis,Sepsis,Metformin,Furosemide,194.7,73.7,5.0,93/109,53,38.9,,,1.74,10.7,Aetna,67651.27,2,0,No,,Transferred
93449,Linda,Thomas,1987-07-21,32,F,312-40-7720,816-828-8537,linda.thomas80hotmail.com,8616 Maple Ave,Oklahoma City,LA,12227,2019-09-07,2019-09-20,13,Emergency,Pediatrics,Dr. Adams,Asthma,,Lisinopril,Hydrochlorothiazide,162.1 cm,,24.5,174/63,71,37.5 C,88,90,5.19,4.5,UNKNOWN,75722.32,2,1,Former,,Transferred
41813,Karen,Roberts,2004-10-17,19,female,791576569,756-899-4063,karen.roberts38yahoo.com,7698 Washington Blvd,Houston,MN,13049,2023-12-05,2023-12-19,14,Transfer,Surgery,Dr. King,Hypothyroidism,Depression,Clopidogrel,Clopidogrel,189.3,114.9,32.1,170/84,97,39.5,88,165,3.52,6.1,Cigna,62250.92,4,0,Former,Moderate,Rehab Facility
28535,  Linda  ,Wright,1980-10-18,43,M,185-88-9272,708-976-6364,LINDA.WRIGHT50@GMAIL.COM,6672 Lake Rd,Milwaukee,IN,70517,2023-11-26,2023-12-11,15,Emergency,Oncology,Dr. Hill,Stroke,Hypertension,Metoprolol,,158.9,,37.8,115/91,101,40.0,-999,,6.91,,,9520.02,0,0,0,None,Deceased
78938,Donald,Perez,1966-03-21,54,M,361-14-5816,3337329783,donald.perez53@gmail.com,5530 Cedar Dr,Los Angeles,CO,58081,2020-07-14,2020-07-22,8,Elective,Surgery,Dr. Wilson,Rheumatoid Arthritis,Alzheimer's Disease,Lisinopril,Amlodipine,184.0,79.6,23.5,110/73,,37.0,92,241,N/A,4.7,Medicaid,-4793.42,0,0,Y,Heavy,Home
83580,John,Davis,1987-01-20,33,M,339-92-7132,829-941-3033,john.davis7@gmail.com,296 Hill Way,Indianapolis,VA,97428,2020-12-16,2020-12-26,10,Routine,Psychiatry,Dr. Hernandez,Type 2 Diabetes,UTI,Prednisone,Sertraline,175.0,112.5,36.7,114/81,111,39.7,99,340,1.52,4.4,United Health,79504.25,2,1,N,,Transferred
84548,Donna,Gonzalez,1941-11-28,81,,***-**-3539,607-855-2928,donna.gonzalez59@outlook.com,2850 Cedar Blvd,Indianapolis,CO,14000,2023-08-12,2023-09-10,29,Transfer,Surgery,Dr. Carter,Pneumonia,Alzheimer's Disease,Albuterol,Albuterol,154.9,116.3,-999,118/78,105,38.2,88,278,5.17,4.2,Kaiser Permanente,55441.02,2,1,Yes,Moderate,Discharged to SNF
63336,Michelle,Baker,1990-05-26,33,M,141-13-3690,689-970-4665,michelle.baker1@gmail.com,7115 Hill Dr,Seattle,OK,97518,2023-05-28,2023-06-23,26,Transfer,Cardiology,Dr. Brown,Rheumatoid Arthritis,,Lisinopril,,186.3,71.7,20.7,105/76,84,36.6,,229,6.87,6.4,Cigna,6842.29,3,1,No,Heavy,Transferred
67756,BETTY,carter,2004-01-31,18,F,506-77-9741,(469) 268-4199,betty.carter26@yahoo.com,2174 Elm Blvd,Houston,GA,69489,2023-01-14,2023-02-12,29,Elective,Neurology,Dr. Garcia,Epilepsy,Atrial Fibrillation,Furosemide,Hydrochlorothiazide,176.8,-999,23.8,,110,39.7,90,,6.27,6.4,Anthem,78845.6,0,0,,Occasional,Discharged to SNF
28461,PATRICIA,  Thomas  ,1948-06-24,74,f,194-72-9785,386-304-4168,patricia.thomas34@aol.com,8948 Elm Rd,Nashville,PA,65032,2022-11-02,2022-11-11,9,Transfer,Surgery,Dr. Baker,Coronary Artery Disease,Migraine,Amoxicillin,,N/A,53.6,,103/69,113,36.7,90,108,0.61,,Anthem,21035.98,3,0,Y,Heavy,Discharged to SNF
59298,Michelle,Hernandez,1956-03-09,-999,M,435-82-7519,667-973-1646,michelle.hernandez72@aol.com,4400 Cedar Dr,Boston,LA,80026,2020-07-06,2020-07-27,21,Elective,Surgery,Dr. Ramirez,Sepsis,Depression,Pantoprazole,Metoprolol,180.5,101.1,6.0,147/66,101,38.9,96,159,1.05,9.1,UNKNOWN,67963.54,1,0,,N/A,Rehab Facility
81299,Mark,moore,1998-12-01,21 yrs,F,257-26-6244,000-000-0000,NA,8592 Main Dr,Jacksonville,MO,94319,2020-02-04,2020-02-05,1,Transfer,General Medicine,Dr. Torres,Appendicitis,,Albuterol,,193.4,50.4,-999,149/91,113,36.6,97,293,4.29,10.5,Kaiser Permanente,64345.42,1,0,Yes,None,Transferred
61299,betty,Hernandez,12/31/1988,35,F,703-38-4641,551-742-7062,BETTY.HERNANDEZ14@YAHOO.COM,6410 Elm Blvd,Denver,FL,76123,2024-06-03,2024-07-03,30,Routine,Pediatrics,Dr. Taylor,Hypertension,Coronary Artery Disease,Clopidogrel,,180.6,,22.4,133/106,111,39.8,,155,7.76,5.5,Kaiser Permanente,1820.94,3,1,yes,None,Rehab Facility
69464,Susan,Clark,1959-06-07,,F,189-14-6797,381-667-7273,susan.clark79@aol.com,8581 Park Ln,Nashville,SC,25992,2019-12-12,2019-12-24,12,Urgent,Oncology,Dr. Rodriguez,Type 2 Diabetes,Heart Failure,Aspirin,,192.8,53.3,14.3 ,147/80,84,36.6,98,125,2.63,10.9,Cigna,71877.33,2,0,Y,,AMA
57672,Karen,Flores,1995-01-20,26,M,174-40-3148,858-318-6340,karen.flores41@gmail.com,5570 Park St,Jacksonville,CA,37308,2021-03-25,2021-03-31,6,Transfer,ICU,Dr. Harris,Stroke,,Warfarin,Metoprolol,186.6,81.4,-999,,55,37.2,98,187 mg/dL,4.9,11.9,Humana,26125.68,5,0,,,Deceased
78921,William,Gonzalez,1949-06-30,70,M,453-13-9724,(369) 985-8727,william.gonzalez52aol.com,2900 Maple Blvd,Indianapolis,MN,21415,2019-07-02,2019-07-09,7,Emergency,Oncology,Dr. Flores,Coronary Artery Disease,Obesity,Furosemide,Gabapentin,179.0,98.3,30.7,97/84,61,37.7,95,151,2.03,9.0,Medicaid,13576.79,3,0,No,,Transferred
34398,Donna,Wilson,1955-06-24,64,F,350839850,4085276047,,7587 Park Ave,Las Vegas,TN,26011,2019-09-28,2019-10-17,19,Routine,Neurology,Dr. Lopez,COPD,Depression,Albuterol,Prednisone,193.0,107.3,28.8,174-97,88,38.2,91,155,2.94,7.3,Humana,49307.95,2,0,1,,Deceased
62194,Patricia,scott,1972-09-06,49,M,839-57-9426,5653894879,NA,663 Cedar St,New York,UT,61687,2022-06-15,2022-07-09,24,Elective,Psychiatry,Dr. Garcia,Obesity,Hyperlipidemia,Hydrochlorothiazide,Prednisone,189.8,67.6,,167/103,116,39.5,95,N/A,5.63,10.2,Aetna,39388.15,4,0,Yes,Occasional,Discharged to SNF
PT-25095,linda,Baker,1953-07-16,66,F,***-**-6618,877-960-9669,linda.baker98outlook.com,3508 Main Blvd,Tucson,OH,42594,2019-09-14,2019-09-18,4,Urgent,Neurology,Dr. Martinez,UTI,,Hydrochlorothiazide,,183.9,56.9 kg,16.8,N/A,98,36.5,90,91,1.41,10.5,United Health,38976.5,4,0,no,Occasional,Deceased
00018653,  Deborah  ,hall,1959-04-03,65,F,966-13-5249,000-000-0000,deborah.hall4@yahoo.com,6922 Oak Blvd,New York,UT,73157,2024-05-19,2024-06-08,20,Emergency,ICU,Dr. Nguyen,Sepsis,,Albuterol,Gabapentin,184.9,64.5,18.9,108/77,95,38.2,-999,227,6.22,5.2,Centene,52841.39,0,0,Yes,Heavy,AMA
93864,Michelle,Roberts,11/19/1995,,F,626-25-1634,412-227-7759,michelle.roberts71@yahoo.com,4525 Oak Dr,Columbus,MA,23156,2018-09-23,2018-10-05,12,Emergency,Cardiology,Dr. Robinson,COPD,Type 2 Diabetes,Pantoprazole,,169.1,59.7,20.9,151/66,82,N/A,88,,6.27,11.2,Medicare,9575.48,0,0,No,Occasional,Transferred
98652,Dorothy,Smith,1962-10-07,60,f,699-18-9595,446-341-8782,dorothy.smith3@gmail.com,6797 Washington St,Columbus,NC,17547,2023-07-26,2023-07-27,1,Routine,Pediatrics,Dr. Williams,Depression,Appendicitis,Prednisone,,,119.1,36.7,,106,,94,293,6.67,4.7,BlueCross BlueShield,38265.7,0,0,Yes,N/A,Home
75130,Sandra,Nguyen,1984-03-18,N/A,F,684-44-5067,438-378-6280,sandra.nguyen56@yahoo.com,8445 Hill Ln,Portland,AL,37647,2020-07-05,2020-07-26,21,Elective,Orthopedics,Dr. Robinson,Depression,Chronic Kidney Disease,Amoxicillin,,186.6,77.5,22.3,127/66,98,36.6,N/A,216,7.64,8.4,Humana,14454.56,0,0,Yes,,Home
76120,MARY,campbell,1953-02-24,66,F,634-75-4819,784-650-9304,mary.campbell48@outlook.com,1012 Main Blvd,San Antonio,MO,11511,2019-04-04,2019-04-07,3,Transfer,Neurology,Dr. Carter,Pneumonia,,Aspirin,,172.9 cm,114.3,38.2,159/85,88,36.6,89,,,12.0,Cigna,32631.12,0,0,Unknown,N/A,AMA
43901,Dorothy,adams,1950-02-03,71,M,719-63-5637,824-585-7287,dorothy.adams70@yahoo.com,7034 Main Blvd,Oklahoma City,UT,44711,2021-12-23,2022-01-06,14,Urgent,Orthopedics,Dr. Green,Anemia,Heart Failure,Atorvastatin,,162.8,121.0,-999,161/74,98,39.1,95,273,1.86,9.8,Kaiser Permanente,9136.72,1,1,N,Moderate,Deceased
18311,George,Thomas,1950-02-18,74,,360-51-9372,296-610-6446,george.thomas90@gmail.com,4562 Pine Dr,Tucson,VA,31702,2024-07-30,2024-08-28,29,Transfer,ICU,Dr. Jones,Heart Failure,,Amoxicillin,,194.4,99.4,26.3,116/105,79,38.9,N/A,,1.9,6.2,Cigna,59397.73,2,0,1,N/A,AMA
39684,  Donna  ,Nelson,1996-03-19,26,,922-94-1807,000-000-0000,donna.nelson93@aol.com,7828 Elm Ave,New York,PA,990XX,2022-03-23,2022-04-01,9,Elective,Surgery,Dr. Carter,Epilepsy,Epilepsy,Lisinopril,,176.2,,33.6,129/92,89,-999,93,244,4.91 ,12.8,Aetna,36199.74,0,0,0,Heavy,Deceased
59157,Anthony,Brown,,34,F,415-50-4616,396-718-1473,anthony.brown55@yahoo.com,6055 Pine Way,Louisville,OK,41787,2024-11-17,2024-12-01,14,Transfer,Emergency,Dr. Anderson,Rheumatoid Arthritis,Heart Failure,Metoprolol,Levothyroxine,161.8,46.2,17.6,129/80,96,37.8,96,N/A,4.78 ,11.0,BLUECROSS BLUESHIELD,9659.69,5,0,Yes,None,Deceased
58825,Matthew,Brown,1962/07/15,61,M,466-66-1223,479-656-3210,matthew.brown92@outlook.com,6964 Oak Ave,San Antonio,OK,44487,2023-12-25,2024-01-20,26,Urgent,ICU,Dr. Thompson,Alzheimer's Disease,,Metoprolol,,194.1,-999,12.3,156/85,113,36.5,89,158,4.83,,Cigna,62642.63,4,0,,N/A,Discharged to SNF
66260,Richard,jones,1981-11-30,39,M,882-36-4979,880-500-3725,richard.jones63@yahoo.com,9095 Lake Dr,Milwaukee,OH,14024,2021-10-18,2021-11-11,24,Transfer,Orthopedics,Dr. Williams,Migraine,,Atorvastatin,Furosemide,158.7,124.4,49.4,126/109,,38.5,89,300,N/A,,Anthem,5635.76,5,0,no,Moderate,AMA
67742,Thomas,Nelson,02/15/1978,43,F,873-95-6251,,thomas.nelson19@aol.com,4186 Lake Rd,Seattle,IN,69833,2021-11-15,2021-11-21,6,Transfer,Pediatrics,Dr. Lee,Rheumatoid Arthritis,UTI,Prednisone,,169.2,115.2,40.2,158/83,110 bpm,-999,99,124,0.62,10.2,Anthem,66106.75,4,1,1,,Home
41230,Andrew,Wilson,1997-12-17,26,M,808-76-7323,672-644-7216,andrew.wilson15@gmail.com,9780 Lake Way,Baltimore,IN,13906,2024-03-01,2024-02-28,-2,Emergency,Cardiology,Dr. Campbell,Migraine,Rheumatoid Arthritis,Amlodipine,,173.2,49.2,-999,117/70,55,36.1,91,159,N/A,,Humana,16500.15,0,0,yes,,Transferred
12215,Lisa,mitchell,1940-04-24,81,F,188-21-4683,488-201-8323,lisa.mitchell70@hotmail.com,9691 Pine Way,Oklahoma City,WA,23182,2022-02-24,2022-03-23,27,Transfer,ICU,Dr. Wright,Sepsis,Stroke,Amoxicillin,,N/A,46.7,19.8,145/87,99,,,271,7.37,6.7,Medicaid,35963.84,4,0,,,Discharged to SNF
84625,William,Ramirez,1961-03-28,,male,902-69-6918,543-722-6150,william.ramirez16@outlook.com,1479 Maple Dr,Austin,MA,,2019-06-03,2019-06-04,1,Elective,Pediatrics,Dr. Lopez,Depression,COPD,Atorvastatin,,193.4,89.4,23.9,84/113,,36.0,97,,7.51,-999,Aetna,51922.62,0,0,Former,Occasional,AMA
00075135,Joseph,RIVERA,,12,F,386-10-1957,291-697-9522,joseph.rivera84@aol.com,4290 Park Ave,Portland,PA,33955,2018-07-23,2018-07-26,3,Transfer,Cardiology,Dr. Garcia,Asthma,,Warfarin,,192.8,,22.6,107/77,110,38.0,96,-999,,12.0,Medicare,6069.49,2,0,No,,Rehab Facility
PT-87810,  Carol  ,Garcia,1983-05-30,37,F,583-24-7773,950-290-9432,carol.garcia19@outlook.com,8822 Oak Ave,Austin,KY,36500,2020-11-16,2020-12-15,29,Routine,Oncology,Dr. Jones,Parkinson's Disease,Asthma,Lisinopril,,164.7,,25.8,108/96,102,38.3,94,246,1.49,6.3,Kaiser Permanente,65960.73,0,0,1,Moderate,Discharged to SNF
49265,Kenneth,Martin,1955-11-13,65,F,310-82-3994,946-209-1557,kenneth.martin70@hotmail.com,8084 Pine Rd,New York,FL,52539,2021-07-26,2021-08-21,26,Emergency,Cardiology,Dr. Martinez,Hypertension,Sepsis,Amlodipine,Amlodipine,174.3,73.1,24.1,146/77,100,38.5,93,110,3.23,7.6,Medicare,66317.83,0,0,Y,Moderate,Deceased
00084172,Lisa,Wilson,1977-06-21,41,M,964268597,809-763-1811,lisa.wilson46@aol.com,460 Cedar Rd,El Paso,VA,98351,2018-07-27,2018-07-30,3,Emergency,Pediatrics,Dr. Thompson,Parkinson's Disease,Type 2 Diabetes,Metformin,Sertraline,165.6,112.8,41.1,165/76,-1,36.2,95,121,6.24,10.3,BlueCross BlueShield,17675.76,1,0,Former,None,Home
29203,,Adams,NULL,N/A,M,811-97-3053,9334234175,NA,6144 Cedar St,Portland,MD,50207,2023-06-18,2023-07-07,19,Emergency,General Medicine,Dr. Wilson,Hypertension,Anemia,Hydrochlorothiazide,Metoprolol,169.3,-999,42.8,97/64,106,,99,,,8.5,BlueCross BlueShield,18918.14,2,0,N,Moderate,Home
98705,Thomas,thomas,1988-07-14,N/A,M,669-79-8391,,thomas.thomas12@yahoo.com,6939 Pine Ave,Nashville,AL,877XX,2024-03-26,2024-04-25,30,Elective,Pediatrics,Dr. Robinson,Rheumatoid Arthritis,,Albuterol,,190.6,52.5,14.5 ,118/110,50,38.7,,241,6.16,-999,United Health,39164.93,1,0,1,None,Home
74072,  Margaret  ,Wilson,11/29/1978,40,F,***-**-4872,690-747-4538,margaret.wilson9aol.com,8332 Hill Dr,Philadelphia,WI,,2019-03-12,2019-04-06,25,Routine,Cardiology,Dr. Brown,COPD,Obesity,Levothyroxine,Sertraline,174.8,107.1,35.1,162/107,110,38.8,94,,0.83,4.5,Anthem,12169.63,0,0,Former,,Discharged to SNF
35727,Patricia,Moore,2005-12-02,,M,148-62-5152,6054011047,patricia.moore88@gmail.com,9747 Cedar Way,Louisville,SC,55145,2018-02-23,2018-02-21,-2,Emergency,Oncology,Dr. Hill,Anemia,Osteoarthritis,Hydrochlorothiazide,Amlodipine,155.9,105.9,43.6,,81,36.8,100,136,4.28,7.8,UNKNOWN,19448.7,0,1,No,Heavy,Rehab Facility
20637,Betty,scott,1983-09-05,34,Unknown,695-46-5173,507-871-1592,betty.scott57@outlook.com,5017 Hill Way,Boston,OH,61316,2018-02-27,2018-03-16,17,Elective,Oncology,Dr. Ramirez,Atrial Fibrillation,UTI,Warfarin,,168.8,127.4 kg,44.7,95/84,100,36.3,96,271,3.22,4.5,Medicaid,14634.72,2,1,No,None,AMA
91628,Michelle,Harris,1967-11-30,51,F,307-14-4946,279-280-6993,michelle.harris86@aol.com,6126 Pine Blvd,Los Angeles,WA,75471,2018-12-13,2019-01-04,22,Urgent,Emergency,Dr. Gonzalez,Anemia,Rheumatoid Arthritis,Prednisone,Aspirin,175.2,113.4,-999,126/89,73,,93,,2.27,6.2,Medicaid,50086.84,2,0,Y,Occasional,Rehab Facility
50153,Nancy,Torres,10/21/1975,48,F,933-46-1862,(883) 471-9920,NANCY.TORRES75@YAHOO.COM,2580 Washington Way,Albuquerque,KY,42481,2024-09-06,2024-09-11,5,Routine,Neurology,Dr. Baker,Chronic Kidney Disease,Anxiety Disorder,Sertraline,,188.0,N/A,17.1,120/60,85 bpm,37.5,99,130,2.49,7.5,Centene,35368.86,0,0,Yes,None,Discharged to SNF
70378,richard,Adams,2000-11-21,22,M,***-**-4085,3996791055,richard.adams15@hotmail.com,765 Elm Way,Baltimore,CO,18119,2023-08-03,2023-08-05,2,Emergency,General Medicine,Dr. Baker,Heart Failure,Pneumonia,Atorvastatin,,192.0,-999,27.8,142/110,68,37.8,N/A,137,4.83,7.6,Anthem,56125.11,1,0,Former,N/A,Discharged to SNF
91583,Joshua,ADAMS,NULL,44,M,***-**-8253,432-916-4114,JOSHUA.ADAMS67@AOL.COM,4708 Elm Way,Los Angeles,PA,89681,2019-12-22,2020-01-21,30,Emergency,ICU,Dr. Garcia,Coronary Artery Disease,Hyperlipidemia,Furosemide,,178.4,N/A,27.1,106/106,N/A,39.4,98,179,7.32,5.3,Medicaid,7860.59,1,0,Yes,,AMA
92853,thomas,WRIGHT,1984-03-24,38,F,749-23-5784,4593576670,thomas.wright72@aol.com,3017 Maple Rd,Baltimore,SC,30222,2022-11-16,2022-12-16,30,Elective,General Medicine,Dr. Thomas,Osteoarthritis,Rheumatoid Arthritis,Metoprolol,Amoxicillin,171.5,72.6,-999,106/69,-999,39.9,,152,7.4 ,8.6,Kaiser Permanente,55939.58,2,0,No,N/A,Rehab Facility
47594,George,moore,1982-06-25,-999,Female,450-52-8016,478-217-2496,george.moore74@outlook.com,5260 Park Ln,Nashville,OH,87650,2022-02-05,2022-02-18,13,Elective,Cardiology,Dr. Jones,Coronary Artery Disease,COPD,Lisinopril,,161.3,51.2,19.7,170/102,61,38.9,89,109 mg/dL,4.75,12.3,BLUECROSS BLUESHIELD,21930.97,0,0,,N/A,Rehab Facility
88897,Brian,Torres,1974-12-07,43,F,624-96-6486,386-438-3042,brian.torres19@gmail.com,1135 Elm Way,Nashville,FL,30780,2018-04-26,2018-05-11,15,Emergency,Cardiology,Dr. Smith,Hypertension,Coronary Artery Disease,Hydrochlorothiazide,,168.9,65.2,22.9,116/100,89,38.4,98,265,2.97,,Medicare,68061.21,2,1,Former,Heavy,Rehab Facility
51252,Elizabeth,Robinson,1974-08-22,,F,458-24-3646,741-364-8580,elizabeth.robinson53@yahoo.com,1284 Elm Ln,Dallas,MI,65910,2021-01-20,2021-02-08,19,Routine,Pediatrics,Dr. Perez,Depression,Sepsis,Pantoprazole,Levothyroxine,189.7,93.1,25.9,162/104,91,38.8,97,308,5.89,5.6,Kaiser Permanente,78459.97,4,0,no,Moderate,Discharged to SNF
98607,Anthony,Rodriguez,,58,F,***-**-1710,(690) 534-5937,anthony.rodriguez67@hotmail.com,6764 Elm Blvd,El Paso,MI,35259,2018-07-15,2018-08-03,19,Urgent,Neurology,Dr. Martinez,Coronary Artery Disease,Heart Failure,Omeprazole,,159.8,93.9,36.8,172/109,84,36.6,88,298,1.47,10.2,Humana,24002.63,0,0,,Occasional,AMA
20339,Thomas,Hall,,58,FEMALE,134-41-4193,517-668-5796,thomas.hall24@hotmail.com,1766 Main Blvd,El Paso,OH,63290,2022-01-16,2022-02-03,18,Urgent,Oncology,Dr. Torres,Hyperlipidemia,Epilepsy,Prednisone,,,51.2,20.0,160/83,76,36.7,94,,7.5 ,10.7,Anthem,-1121.8,5,0,no,Heavy,Rehab Facility
65328,  Emily  ,Martinez,2005-06-23,-999,,786-64-8475,5732108168,emily.martinez55@yahoo.com,5692 Elm Ave,Oklahoma City,WI,72703,2019-10-16,2019-10-23,7,Transfer,General Medicine,Dr. Hernandez,Alzheimer's Disease,,Gabapentin,Losartan,156.0,79.1,32.5,117-73,-4,37.0,95,-999,,10.2,United Health,77414.87,0,0,yes,None,Transferred
64209,Carol,Green,1981/07/01,37,,907968686,8443516562,carol.green65@gmail.com,9811 Main Way,Jacksonville,IL,33577,2019-02-21,2019-03-20,27,Elective,General Medicine,Dr. Thomas,UTI,Anxiety Disorder,Hydrochlorothiazide,,,54.0,20.7,166/71,56,38.6,,344,7.04,,Humana,77805.51,4,0,Unknown,Occasional,Discharged to SNF
PT-73534,Michael,Nguyen,1996-06-15,,F,286-30-1351,5694963451,michael.nguyen19@gmail.com,5252 Pine Ln,Columbus,PA,59241,2020-07-12,2020-08-01,20,Urgent,Cardiology,Dr. Martin,Appendicitis,Atrial Fibrillation,Losartan,Metformin,158.0,72.1,,104/91,72,38.0,94,200,2.37,9.0,Cigna,17599.14,5,1,0,,AMA
96236,Mark,young,1968-05-25,,F,842-30-3472,8064922917,mark.young10@hotmail.com,2485 Hill Blvd,New York,OH,63806,2022-08-24,2022-09-01,8,Routine,Psychiatry,Dr. Campbell,Anxiety Disorder,Epilepsy,Prednisone,,157.7,122.5,49.3,92/86,101,,100,138,0.71,7.3,MEDICARE,56977.69,3,0,no,N/A,Discharged to SNF
94196,steven,Nelson,07/06/1955,63,M,650-17-7380,516-512-3188,steven.nelson87@gmail.com,2911 Hill Ln,Columbus,KY,15581-0000,2018-11-09,2018-11-21,12,Routine,ICU,Dr. Mitchell,Coronary Artery Disease,Stroke,Aspirin,,,118.9,39.2,,88,36.4,97,126,N/A,6.4,Kaiser Permanente,66066.79,2,1,no,N/A,Transferred
84495,timothy,Clark,1982-04-05,42 yrs,F,272-10-2022,2055564222,timothy.clark96@yahoo.com,8913 Washington Ave,San Diego,NJ,80679,2024-11-24,2024-12-09,15,Transfer,Cardiology,Dr. Thompson,Chronic Kidney Disease,,Lisinopril,,173.7,100.4,33.3,115/67,52,39.5 C,94,279,0.66,10.2,Cigna,75392.01,1,0,0,N/A,Rehab Facility
98234,Steven,Perez,1983-05-23,39,M,258949287,360-405-4696,steven.perez92@aol.com,8857 Lake Rd,Boston,FL,,2022-07-28,2022-08-26,29,Emergency,General Medicine,Dr. Young,Hyperlipidemia,COPD,Insulin Glargine,Atorvastatin,193.4,122.6,32.8,141/71,63,38.2,100,125,0.51,N/A,Kaiser Permanente,60346.88,4,0,N,None,AMA
64919,Elizabeth,Mitchell,2002-02-24,19,M,431674344,5158319310,elizabeth.mitchell76@aol.com,3663 Hill Blvd,Jacksonville,NJ,31300,2021-05-09,2021-05-21,12,Routine,Psychiatry,Dr. Clark,Migraine,Appendicitis,Metformin,Sertraline,187.0,57.8,16.5,137/104,101,39.1,97,251,4.81,4.8,Centene,2399.12,1,1,N,,Discharged to SNF
49618,Betty,Campbell,1981-02-12,42,M,132-30-7528,342-669-1640,betty.campbell51@outlook.com,1003 Main Way,Oklahoma City,MO,,2023-10-27,2023-11-17,21,Transfer,Orthopedics,Dr. Nelson,Pneumonia,,Pantoprazole,Furosemide,163.2,94.7,5.9,N/A,115,39.5,93,,1.39,12.0,Cigna,546.03,4,0,Yes,Moderate,Deceased
98974,Daniel,Harris,1993-07-05,28,F,769-25-9696,6833657790,DANIEL.HARRIS83@GMAIL.COM,3344 Washington Blvd,El Paso,FL,14093,2021-12-28,2022-01-18,21,Emergency,General Medicine,Dr. Moore,Epilepsy,,Albuterol,,N/A,93.1,35.6,159/102,87,38.3,96,315 mg/dL,7.35,12.2,Humana,11614.01,2,0,Unknown,Moderate,AMA
53487,Karen,Walker,1966-06-16,56,F,950-20-3247,494-541-6696,karen.walker28@gmail.com,9764 Main St,Baltimore,SC,31787,2022-12-06,2022-12-02,-4,Elective,General Medicine,Dr. Young,Alzheimer's Disease,,Omeprazole,Atorvastatin,163.0,111.8,42.1,118/98,71,39.3,91,343,2.19,4.1,MEDICARE,20512.01,0,0,Former,Heavy,Rehab Facility
18724,Jennifer,Taylor,1997-02-14,,F,572-25-6839,(794) 507-8527,jennifer.taylor26@hotmail.com,9881 Cedar St,Albuquerque,OK,479XX,2018-07-13,2018-07-25,12,Emergency,Orthopedics,Dr. Thomas,Anxiety Disorder,,Clopidogrel,Albuterol,162.1,64.6,24.6,,88,38.1,99,,1.34,11.1,Anthem,18901.84,1,0,Unknown,,Rehab Facility
52823,Steven,Brown,1960-04-24,63,M,507-85-2069,(517) 429-4439,steven.brown51@yahoo.com,4210 Washington Rd,Nashville,WI,87025,2023-05-31,2023-06-26,26,Emergency,Surgery,Dr. Hill,Hypothyroidism,,Levothyroxine,,188.9,75.3,21.1,114/78,98,38.9,95,263,7.5,9.3,Centene,67280.06,4,1,0,Moderate,Home
97817,DEBORAH,Young,1955-04-25,69,F,778-90-2212,340-506-9664,DEBORAH.YOUNG70@YAHOO.COM,7404 Oak Dr,Tucson,WI,,2024-04-17,2024-05-17,30,Routine,Surgery,Dr. Sanchez,Hypertension,Parkinson's Disease,Prednisone,Gabapentin,175.7,109.1,35.3,156/107,56,36.3,99,306,,9.5,Humana,67661.03,2,0,0,None,Discharged to SNF
85085,Barbara,Scott,1981-12-26,42,female,956956216,(399) 329-7464,NA,9577 Oak St,Dallas,MD,25972,2024-06-21,2024-06-23,2,Routine,Psychiatry,Dr. Brown,Hyperlipidemia,Pneumonia,Omeprazole,Aspirin,176.3,63.8,20.5,101/100,90,38.2,88,-999,7.71,4.1,Kaiser Permanente,30037.97,1,0,0,Moderate,Home
88588,Paul,Lee,1995-07-03,,F,218-22-7223,4974527437,PAUL.LEE87@AOL.COM,8325 Cedar Dr,Philadelphia,MN,15582,2018-09-05,2018-09-02,-3,Routine,Emergency,Dr. Thomas,Coronary Artery Disease,,Metformin,Pantoprazole,178.5,69.8,21.9,101/101,99,37.0,95,165,3.18,11.1,Medicaid,84726.94,0,1,no,Occasional,Home
00014911,Ashley,clark,1983-12-30,36,M,689-62-1735,628-707-7588,ashley.clark34@aol.com,59 Hill Ave,Tucson,SC,,2020-05-26,2020-05-27,1,Elective,Surgery,Dr. Mitchell,COPD,Parkinson's Disease,Gabapentin,Clopidogrel,N/A,88.3,24.0,171/76,108,39.0,91,232,6.46,12.3,Kaiser Permanente,64246.7,1,0,1,Occasional,Transferred
76487,,Sanchez,,51,F,230-60-3183,557-470-3733,susan.sanchez6hotmail.com,2792 Cedar St,Milwaukee,CO,18889,2023-09-29,2023-10-07,8,Emergency,General Medicine,Dr. Hall,Sepsis,,Furosemide,,170.2,N/A,39.9,N/A,64,37.4,96,284,7.77,5.7,Humana,64547.78,1,0,,N/A,Rehab Facility
43522,KAREN,Martinez,1955-12-02,,Female,***-**-7250,420-251-8780,karen.martinez2@yahoo.com,2783 Main Ave,Indianapolis,WA,815XX,2022-03-09,2022-03-12,3,Urgent,ICU,Dr. Wright,Parkinson's Disease,,Amoxicillin,,161.9,120.7,46.0,117/71,63,38.5,88 %,N/A,2.79,8.7,Medicaid,61461.82,1,0,,None,Discharged to SNF
76757,Christopher,Rivera,1952/10/14,67,F,248-38-5940,500-334-4009,,253 Maple Blvd,Columbus,CO,22169-0000,2020-01-31,2020-01-28,-3,Emergency,Pediatrics,Dr. Martin,COPD,,Prednisone,,185.7,129.9,37.7,111/95,58,36.0,92,226,2.34,4.5,United Health,81142.56,0,0,1,Heavy,Deceased
PT-55974,CHRISTOPHER,Wright,1949/06/27,69,M,626-96-7902,329-419-8595,christopher.wright49@gmail.com,4412 Pine Dr,Seattle,IN,11267,2019-03-12,2019-03-31,19,Emergency,Pediatrics,Dr. Flores,Obesity,,Albuterol,,169.3,119.9,41.8,179/78,118,37.0,96,289,6.43,12.2,Aetna,83032.9,5,1,,Occasional,AMA
76082,Barbara,rivera,1976-10-20,44,M,661-76-7175,454-498-7607,barbara.rivera59@yahoo.com,80 Main Ln,Oklahoma City,FL,87823,2021-07-28,2021-08-06,9,Emergency,Psychiatry,Dr. Carter,Stroke,Parkinson's Disease,Prednisone,Amlodipine,194.9,61.9,16.3,177/107,51,37.3,91,181,0.51,4.2,Medicaid,-320.77,2,0,Unknown,Occasional,AMA
72918,Kimberly,allen,1942/01/25,,Unknown,244-83-6063,353-218-4098,kimberly.allen82@hotmail.com,5948 Cedar Blvd,Houston,CA,97127,2024-09-10,2024-10-07,27,Urgent,Psychiatry,Dr. Rivera,Parkinson's Disease,,Warfarin,,161.2,N/A,21.2,121/88,62,36.3,89,259,5.71,-999,Medicaid,80221.49,3,0,no,Heavy,Transferred
28446,william,  Robinson  ,,N/A,Male,242-80-6439,309-762-2903,william.robinson88@outlook.com,5364 Elm Ln,San Antonio,CO,19102,2020-12-09,2021-01-01,23,Urgent,ICU,Dr. Johnson,Hypertension,,Hydrochlorothiazide,,166.1,,N/A,,-1,36.3,97,,7.94,9.0,Medicare,51336.47,0,0,Yes,None,AMA
43888,Mark,Clark,1967-05-28,52,M,340-54-7911,285-702-7714,mark.clark69@yahoo.com,1664 Maple Way,Memphis,NJ,31388,2019-12-29,2020-01-27,29,Routine,ICU,Dr. Martinez,Anemia,COPD,Hydrochlorothiazide,,163.5,115.1,6.9,75/132,113,39.2,91,,4.19,N/A,Medicaid,72097.19,0,1,Former,Moderate,Transferred
75614,SUSAN,Martin,1951-04-07,69,MALE,904-32-1281,609-875-5528,susan.martin37gmail.com,8079 Cedar Ln,Boston,FL,26216,2020-08-21,2020-09-01,11,Transfer,Surgery,Dr. Allen,Pneumonia,,Omeprazole,,168.9,107.8,37.8,109/67,93,37.7,92,252,1.73,6.3,Cigna,26418.09,0,0,Former,N/A,Transferred
25527,Jessica,Young,1987-05-11,35,M,133114438,(504) 686-2913,NA,9662 Park Way,Phoenix,AL,75061,2022-10-03,2022-10-04,1,Transfer,Neurology,Dr. Nguyen,Appendicitis,Type 2 Diabetes,Amlodipine,Hydrochlorothiazide,182.8,119.1,35.6,,75,37.8,97,95,1.1,,,83121.51,0,0,Unknown,Moderate,Transferred
71339,DOROTHY,Hall,1950-01-16,72,M,332-15-8330,000-000-0000,dorothy.hall1@yahoo.com,8996 Elm Way,Los Angeles,MO,475XX,2022-08-29,2022-09-02,4,Routine,Oncology,Dr. Davis,Osteoarthritis,Stroke,Lisinopril,,171.1,116.0,39.6,115/103,99,38.0,89,344,1.98,7.0,Cigna,67965.02,2,0,N,,Discharged to SNF
28617,Robert,Smith,1976-06-22,44,F,691275727,754-499-9247,robert.smith9@yahoo.com,1756 Washington Ln,Austin,CA,13091,2021-05-06,2021-06-02,27,Transfer,Pediatrics,Dr. Sanchez,Asthma,Anxiety Disorder,Albuterol,,159.8,75.9,29.7,173/93,70,36.8,99,127,5.15,11.8,Aetna,32361.32,0,0,yes,Occasional,AMA
54166,Mark,Young,1952-04-10,71,F,572-30-4720,N/A,mark.young20@hotmail.com,6059 Pine Dr,Memphis,AZ,48367,2024-02-15,2024-03-11,25,Transfer,Neurology,Dr. White,Parkinson's Disease,Heart Failure,Lisinopril,,156.0,,39.2,153/92,96,37.5,98,93,6.22,11.3,BLUECROSS BLUESHIELD,39428.52,3,0,N,Moderate,AMA
83744,Mark,Lopez,2001-06-23,,F,661-61-8796,627-908-3266,mark.lopez46@aol.com,8668 Washington Rd,Albuquerque,OH,26433-0000,2023-12-04,2023-12-17,13,Routine,Orthopedics,Dr. Lopez,Stroke,Sepsis,Lisinopril,,170.2,81.4,N/A,147/101,76,39.8,99,175,7.57,5.9,Humana,44187.55,5,0,Yes,N/A,Deceased
63935,Thomas,  Hernandez  ,1981-07-27,42,F,161-32-3874,8583508899,thomas.hernandez14@gmail.com,6079 Park Dr,Indianapolis,OR,19831,2023-08-10,2023-09-02,23,Urgent,Pediatrics,Dr. Moore,Sepsis,,Aspirin,,176.4,118.3,38.0,157/76,73,39.4,,136,3.92,5.9,Humana,13818.44,1,0,0,Heavy,Home
74940,Timothy,  Johnson  ,1946-05-30,76 yrs,M,386-58-4667,315-651-3619,TIMOTHY.JOHNSON73@HOTMAIL.COM,9097 Main Ln,Dallas,AZ,68143,2023-01-20,2023-02-04,15,Transfer,Emergency,Dr. Miller,Hyperlipidemia,Type 2 Diabetes,Hydrochlorothiazide,Levothyroxine,153.6,123.5,52.3,95/81,54,36.8,,281,6.76,5.7,United Health,74942.51,2,0,,Occasional,Deceased
32497,  Donna  ,MITCHELL,,180,F,832-23-3814,809-247-3718,donna.mitchell24gmail.com,4904 Cedar Ln,Baltimore,LA,58680,2020-04-21,2020-05-10,19,Elective,Orthopedics,Dr. Lopez,Type 2 Diabetes,,Pantoprazole,Lisinopril,150.0,118.0,52.4,90/86,96,,88,156,0.83,4.1,United Health,76444.57,4,0,Yes,Occasional,Discharged to SNF
37282,DAVID,  Nguyen  ,1954-07-21,66,F,158-66-6461,N/A,david.nguyen41@aol.com,925 Oak Ave,Philadelphia,WI,88793,2021-04-21,2021-05-19,28,Emergency,Oncology,Dr. Hill,Hyperlipidemia,Rheumatoid Arthritis,Losartan,,N/A,47.3,13.6,N/A,66,39.2,100,208 mg/dL,1.18,11.9,Centene,31908.25,3,0,no,N/A,AMA
60213,Deborah,  Anderson  ,1995-09-11,146,M,439-55-1162,525-296-5438,DEBORAH.ANDERSON27@YAHOO.COM,1722 Pine Ave,El Paso,MD,23155,2022-10-10,2022-10-14,4,Elective,Pediatrics,Dr. Rodriguez,Migraine,Stroke,Insulin Glargine,,157.1,,43.8,124/80,,36.7,89,102,3.15,6.1,United Health,22548.44,4,0,Former,None,Transferred
87189,Sandra,Rivera,1972-02-11,52 yrs,F,547-71-3211,(614) 376-1294,sandra.rivera95@aol.com,2054 Hill Way,San Francisco,WA,44881,2024-12-04,2024-12-06,2,Urgent,Neurology,Dr. Wright,COPD,Atrial Fibrillation,Levothyroxine,Atorvastatin,162.4,120.1,,154/110,117 bpm,39.3 C,96,N/A,7.79,6.9 %,UNITED HEALTH,47435.45,2,0,Former,Moderate,Home
11762,Betty,Smith,2002-03-24,20,F,176162382,788-424-5024,betty.smith48@yahoo.com,2204 Maple Blvd,San Antonio,WI,80614,2022-12-22,2022-12-24,2,Elective,General Medicine,Dr. Nelson,Anemia,,Prednisone,,190.1,115.4,31.9,,73,39.3,98 %,90,N/A,6.1,Medicaid,82050.15,0,0,Yes,Moderate,AMA
39220,thomas,Jackson,1957/10/13,64 yrs,M,497-76-6931,000-000-0000,thomas.jackson55@yahoo.com,2951 Hill St,Austin,WI,42900,2022-08-08,2022-08-03,-5,Emergency,Psychiatry,Dr. Flores,Obesity,Asthma,Aspirin,,163.5 cm,124.8,46.7,139/82,86,39.0,95,161,3.98,,Aetna,43729.95,0,0,,Occasional,AMA
48459,Sarah,Hall,1952-04-10,70,F,278-21-7403,943-485-4841,sarah.hall42@aol.com,533 Hill Way,Baltimore,CA,89089,2022-09-09,2022-09-27,18,Routine,Surgery,Dr. Taylor,Hyperlipidemia,Asthma,Gabapentin,Lisinopril,173.2,107.4,35.8,173/60,50,36.9,93,230,,12.5,Medicaid,62779.81,2,0,no,Occasional,Deceased
21420,DONALD,Hall,1991-04-01,27,M,333-41-8277,473-635-9342,donald.hall32@yahoo.com,7210 Cedar St,San Francisco,WA,13545,2018-05-18,2018-05-20,2,Transfer,Pediatrics,Dr. Roberts,Rheumatoid Arthritis,Chronic Kidney Disease,Pantoprazole,Metoprolol,154.9,111.1,46.3,95/104,-3,37.5 C,100,289,0.75,12.1,Medicaid,35171.42,2,0,No,,Rehab Facility
13154,Karen,Torres,1968-12-11,49,M,291-17-2142,611-981-3668,karen.torres74@gmail.com,9507 Hill Ave,Louisville,OH,722XX,2018-03-31,2018-04-28,28,Urgent,Orthopedics,Dr. Robinson,Parkinson's Disease,Sepsis,Atorvastatin,Prednisone,155.3,83.7,34.7,161/87,59,N/A,99,296,0.72,7.5,Medicare,10639.83,4,0,No,Heavy,Discharged to SNF
12526,Joshua,Lopez,1977-07-19,45,M,155-99-3403,910-894-2234,joshua.lopez60aol.com,8225 Main Dr,San Francisco,AZ,24633,2023-01-16,2023-01-17,1,Emergency,ICU,Dr. Adams,Appendicitis,Appendicitis,Gabapentin,Amlodipine,186.9,82.3,5.8,167/93,84,,,212,,6.2,Centene,73482.43,1,1,no,,Home
18597,Deborah,Jackson,1993-11-19,28,F,382-21-2233,629-752-1035,NA,9828 Washington Way,Las Vegas,FL,99839,2022-08-26,2022-09-13,18,Emergency,Psychiatry,Dr. Davis,Chronic Kidney Disease,,Aspirin,,164.7,125.5,46.3,92/89,114,39.9,97,,5.31 ,8.2,Anthem,3296.41,1,0,1,None,Discharged to SNF
96759,Kimberly,Garcia,1973-07-19,46,M,400-41-7151,525-336-6051,KIMBERLY.GARCIA6@HOTMAIL.COM,6962 Pine Ln,Portland,GA,56512,2020-05-30,2020-06-13,14,Urgent,Surgery,Dr. Martinez,Parkinson's Disease,,Pantoprazole,Furosemide,-999,66.1,22.7,124/96,57,37.5,100,299,,12.3,Cigna,74327.98,2,0,No,Moderate,Deceased
73517,THOMAS,  Lopez  ,1955-08-17,63,F,724853528,802-954-9981,thomas.lopez32@yahoo.com,7823 Washington Ln,Denver,LA,520XX,2019-07-07,2019-07-31,24,Elective,Surgery,Dr. Taylor,Stroke,Coronary Artery Disease,Insulin Glargine,Furosemide,193.3,92.9,,139/86,108,38.3,-999,160,1.92,,Humana,10759.82,3,0,,Occasional,Home
95467,Linda,johnson,2005/08/03,18,M,783-99-3218,5032116398,linda.johnson80@yahoo.com,3827 Elm Way,San Antonio,IN,17289,2024-04-29,2024-05-02,3,Elective,Surgery,Dr. Williams,Hyperlipidemia,,Aspirin,Warfarin,175.9,72.3,23.4,159/90,119,37.3,98,266,2.73,10.7,Humana,47710.09,0,1,Unknown,Moderate,Deceased
50285,Kevin,FLORES,1960-03-26,58,F,779-32-1737,350-911-6464,kevin.flores80aol.com,9680 Cedar Ln,Houston,AL,88331,2018-10-25,2018-11-16,22,Routine,Surgery,Dr. Hill,Coronary Artery Disease,,Insulin Glargine,,,49.4,20.7,,113,,91,,1.15,9.2,Humana,72475.76,2,0,Yes,Moderate,Transferred
56829,sarah,Thompson,1954/12/07,69,F,366-44-7429,885-574-5077,sarah.thompson78@gmail.com,8060 Park St,El Paso,NY,622XX,2024-01-14,2024-02-02,19,Urgent,Orthopedics,Dr. Hill,Type 2 Diabetes,,Prednisone,,161.5,96.4,37.0,92/135,94,36.3,99,,2.91,11.5,UNKNOWN,75940.62,0,0,0,Occasional,Home
52165,Joshua,Wilson,1974-04-13,46,M,***-**-9283,937-819-8912,joshua.wilson6aol.com,1925 Hill Rd,Boston,NY,32044,2021-03-03,2021-03-26,23,Emergency,Surgery,Dr. Moore,Sepsis,,Sertraline,Atorvastatin,165.4,80.5,29.4 ,,88,36.1,96,97,6.22,11.6,United Health,69008.96,0,0,0,Moderate,Transferred
72947,RICHARD,Garcia,1987-09-17,,m,517-33-5066,5349197159,richard.garcia1@hotmail.com,6298 Oak Rd,Philadelphia,CA,40420,2019-07-18,2019-08-17,30,Routine,Emergency,Dr. Brown,Pneumonia,Heart Failure,Furosemide,,,108.4,-999,163/81,84,39.2,100,,7.98,5.2,,18758.91,4,0,N,Occasional,Home
95389,Joshua,White,1981-04-10,40,M,402-94-6270,463-479-3245,joshua.white6@hotmail.com,9912 Pine Rd,Denver,AL,47464-0000,2022-02-28,2022-03-19,19,Routine,Emergency,Dr. King,Depression,Hyperlipidemia,Clopidogrel,,175.9,115.1,37.2,95/63,,36.5,95,248,7.38,12.5,Anthem,10705.54,4,0,yes,Moderate,Transferred
41813,Daniel,Jones,1977-10-27,44,F,685-17-7118,332-383-5188,daniel.jones39@gmail.com,5348 Pine Dr,Nashville,GA,37418,2022-07-22,2022-07-23,1,Routine,Cardiology,Dr. Lee,UTI,,Hydrochlorothiazide,Furosemide,151.2,76.8,33.6,90/64,-999,39.2,93,286,0.9,8.7,Kaiser Permanente,59176.51,0,0,1,None,Deceased
PT-61902,Jessica,mitchell,2001-08-08,21,F,936288848,,NA,655 Maple Way,San Jose,MI,63067,2023-04-04,2023-04-06,2,Urgent,General Medicine,Dr. Walker,Pneumonia,Anxiety Disorder,Albuterol,Hydrochlorothiazide,186.1,52.5,,90/101,73,38.4,94,320,2.31,5.7,Centene,73124.9,1,0,yes,,Discharged to SNF
89252,  Jennifer  ,Perez,2000-05-06,23,F,907-46-5028,418-889-3535,jennifer.perez24@outlook.com,2467 Maple Dr,Memphis,AL,91974-0000,2023-06-03,2023-06-14,11,Urgent,General Medicine,Dr. Johnson,Anemia,Atrial Fibrillation,Losartan,Warfarin,155.7,78.1,,146/80,58,39.8,-999,85,,11.5,BlueCross BlueShield,81192.57,5,1,1,None,Rehab Facility
58080,David,SMITH,1973-04-22,51,M,***-**-8957,861-800-4422,david.smith14@aol.com,9351 Park Rd,Portland,MD,38519,2024-05-20,2024-05-16,-4,Routine,Psychiatry,Dr. Mitchell,UTI,Epilepsy,Gabapentin,Amoxicillin,-999,113.4,40.1,135/100,101,-999,94 %,106,2.62,8.0,Humana,51093.71,0,0,,Moderate,Home
19781,Thomas,Johnson,NULL,58,M,752-30-6587,607-932-8554,thomas.johnson96@aol.com,8412 Lake Ln,Milwaukee,TX,74447,2024-04-22,2024-05-22,30,Urgent,ICU,Dr. King,Heart Failure,Heart Failure,Losartan,,158.2,83.3,33.3,,117,37.2,95,223,1.79,12.0,Medicare,5384.82,5,1,Yes,Heavy,Home
98902,LINDA,Brown,1979-11-26,N/A,M,611-95-9564,608-530-6370,linda.brown97hotmail.com,2821 Pine Dr,Phoenix,VA,74688,2019-09-24,2019-10-01,7,Transfer,Pediatrics,Dr. Baker,Hypothyroidism,,Metformin,,156.3,52.1,,90/66,95,38.9,98,329,3.55,6.5,Kaiser Permanente,44526.15,4,0,Yes,Moderate,Discharged to SNF
51717,John,Flores,1980-08-09,37,F,895-45-2133,417-475-1198,john.flores75@outlook.com,9952 Park Ln,Baltimore,TX,93620,2018-03-23,2018-03-31,8,Urgent,Psychiatry,Dr. Moore,Coronary Artery Disease,UTI,Aspirin,,,122.9,46.8,142/63,92,38.2,99,343,2.18,12.8,,47417.67,2,0,0,None,AMA
60213,Emily,Hill,1943-12-22,76,M,,316-872-6058,emily.hill9@aol.com,8564 Maple Ave,San Jose,AL,65752,2020-08-13,2020-08-16,3,Elective,Orthopedics,Dr. Hernandez,Hypertension,Parkinson's Disease,Omeprazole,Levothyroxine,162.6,116.5,5.6,129/69,62,37.8,95,311,2.64,7.9,Humana,9458.79,3,1,N,None,Rehab Facility
79419,Barbara,Harris,1988-07-10,35,F,693-13-3482,375-433-8725,barbara.harris87@aol.com,7020 Elm Way,Portland,NY,174XX,2023-08-13,2023-08-18,5,Transfer,Pediatrics,Dr. Jones,Obesity,Epilepsy,Pantoprazole,Insulin Glargine,175.3,80.2,26.1,92/86,,38.9,,312,1.39,9.6,Humana,68938.22,0,1,Unknown,Heavy,Transferred
92206,Anthony,wilson,1985-05-09,35,M,190-80-9959,302-358-9847,anthony.wilson67@outlook.com,1611 Lake Way,Memphis,KY,95939,2020-12-15,2021-01-02,18,Routine,Oncology,Dr. Anderson,Heart Failure,Hypertension,Aspirin,,193.2,103.2,27.6,109/75,63,39.7,100,84,5.24,7.0,Centene,3596.75,3,0,1,Occasional,Deceased
39528,Jessica,Mitchell,1980-01-08,38,M,637-71-4647,728-480-5590,jessica.mitchell34@gmail.com,8805 Cedar St,Seattle,VA,50786,2018-02-24,2018-03-22,26,Transfer,Neurology,Dr. Lee,Asthma,Depression,Aspirin,Amlodipine,187.8,-999,28.6,102/80,55,39.1,95,86,3.18,9.8,Kaiser Permanente,72395.28,1,0,Unknown,Heavy,AMA
13242,Robert,Ramirez,1977-12-21,44,M,820-95-3413,878-649-4826,robert.ramirez14@aol.com,3415 Main Ave,Memphis,MO,61577,2022-10-17,2022-10-27,10,Elective,Neurology,Dr. Harris,UTI,Anxiety Disorder,Pantoprazole,,177.6,85.8,27.2,154/102,65,39.8,93,301,5.8,N/A,United Health,84656.07,5,0,Y,None,Transferred
45092,David,hernandez,1978-02-06,40,M,675-36-8976,660-494-1423,david.hernandez95@yahoo.com,2055 Lake Dr,Las Vegas,KY,875XX,2018-09-18,2018-09-17,-1,Emergency,Psychiatry,Dr. Harris,Depression,Hyperlipidemia,Losartan,Metformin,-999,93.0,39.1,126/66,88 bpm,38.7,,99,5.79,-999,Medicaid,81767.3,0,0,Former,None,Deceased
38859,Anthony,Young,1958-09-23,64,F,351542026,668-511-7479,anthony.young47outlook.com,6176 Main St,Milwaukee,IL,50261,2022-11-28,2022-12-12,14,Routine,Emergency,Dr. Thompson,Pneumonia,Coronary Artery Disease,Omeprazole,,150.7,85.3,37.6,,88 bpm,37.6,92,220,0.7,5.5,Centene,66603.91,0,1,,Occasional,Deceased
45531,paul,Wright,1989-04-13,33,m,949-35-3438,,paul.wright34@aol.com,7645 Hill Way,Seattle,IN,70029,2022-06-24,2022-07-10,16,Routine,ICU,Dr. Ramirez,Anxiety Disorder,,Omeprazole,Metformin,163.5,109.2,40.8,98/76,85,39.0 C,N/A,261,5.65,6.6,Centene,27728.49,2,0,No,,Rehab Facility
22755,Timothy,Robinson,1968/09/18,54,M,112-61-1544,N/A,timothy.robinson7@yahoo.com,5493 Elm Rd,Milwaukee,AZ,75824-0000,2022-09-30,2022-10-10,10,Emergency,Emergency,Dr. Jones,Hypertension,Heart Failure,Metoprolol,,-999,-999,,144/97,81,38.9,-999,204,,10.7,Humana,-2996.6,0,0,no,Moderate,Home
22531,Paul,Martin,1946-10-10,72,M,795-46-6460,329-421-5985,PAUL.MARTIN24@AOL.COM,4882 Hill Dr,Memphis,MI,62393,2019-04-12,2019-05-07,25,Transfer,Orthopedics,Dr. Ramirez,Hypothyroidism,COPD,Gabapentin,Warfarin,154.5,64.4,27.0,113/93,64 bpm,36.6,99,200,3.02,11.7,Humana,15191.82,3,0,1,N/A,Transferred
61129,Anthony,Clark,1997-05-18,26,F,338-53-4414,774-794-7680,anthony.clark17@aol.com,4094 Maple Blvd,Jacksonville,CT,82278,2023-09-24,2023-09-26,2,Elective,General Medicine,Dr. Adams,Atrial Fibrillation,Epilepsy,Hydrochlorothiazide,,171.3,,44.1,141/97,70,37.8,92,271,3.76,6.9,Humana,9225.28,2,0,N,Occasional,Rehab Facility
96150,Steven,Adams,2000-06-13,23,M,728-64-8896,767-928-1312,steven.adams72@yahoo.com,9402 Cedar St,San Jose,AL,60672,2023-08-11,2023-08-14,3,Elective,Psychiatry,Dr. Green,Heart Failure,Depression,Hydrochlorothiazide,Prednisone,154.0,65.8,27.7,116/90,57,36.7,100,,7.57,6.5,Medicaid,16043.23,2,0,Former,Heavy,Rehab Facility
60235,Joseph,WILSON,1976-10-12,46,MALE,872204189,431-437-5459,joseph.wilson35@yahoo.com,6870 Park Rd,Boston,UT,72421,2023-01-24,2023-01-19,-5,Emergency,Cardiology,Dr. Jones,Atrial Fibrillation,Obesity,Pantoprazole,Sertraline,155.0,53.9,,111/82,53,39.1 C,91,209 mg/dL,5.99,4.3,Centene,46594.35,0,0,N,Heavy,Rehab Facility
25606,Barbara,Davis,1946-06-28,N/A,Male,597-85-2633,410-756-7261,barbara.davis8@gmail.com,1621 Oak Way,San Francisco,KY,52457,2024-12-17,2024-12-14,-3,Elective,General Medicine,Dr. Nelson,Coronary Artery Disease,,Omeprazole,Amlodipine,190.3,124.4,,123/69,76,36.3,88,314,4.74,10.0,Humana,78765.83,0,1,Yes,Occasional,Transferred
19404,Linda,Nelson,1997-02-28,26,F,779-65-4039,597-268-7660,,5295 Maple Way,San Antonio,NJ,551XX,2023-08-08,2023-08-18,10,Routine,Surgery,Dr. Hill,Appendicitis,Depression,Atorvastatin,,176.0,69.3,22.4,109/67,56,36.9,93,181,2.99,7.7,Humana,41614.22,5,0,,Moderate,Deceased
29089,William,Carter,,75,F,981-33-5270,241-917-9387,william.carter57@gmail.com,6748 Washington Ln,El Paso,CA,10674,2023-02-10,2023-02-15,5,Elective,Surgery,Dr. Campbell,Sepsis,,Gabapentin,Amlodipine,151.2,77.5,5.1,95/65,85,36.9,,330,,12.6,Anthem,12390.72,3,0,No,None,Discharged to SNF
89343,Kevin,Johnson,1949-02-17,70,F,780-56-9017,(769) 241-8608,kevin.johnson68@yahoo.com,8855 Main Way,Tucson,IL,13828,2019-04-18,2019-05-18,30,Elective,Neurology,Dr. Adams,Asthma,,Sertraline,,193.5,125.2,33.4,111/109,66,36.0,94,218,1.38,10.3,Cigna,25958.35,2,0,no,Moderate,Deceased
25126,Jessica,Campbell,09/03/1995,27,F,100638043,780-852-1800,jessica.campbell89@hotmail.com,8517 Hill Way,Philadelphia,CT,57092-0000,2022-12-27,2023-01-05,9,Urgent,General Medicine,Dr. Williams,Pneumonia,Rheumatoid Arthritis,Atorvastatin,Hydrochlorothiazide,150.6,,50.4,134/91,89,36.1,100,212,1.9,12.1,Medicare,20830.09,2,0,No,Heavy,Transferred
75391,Jessica,Mitchell,1940-10-26,83,M,446-50-8512,488-798-1471,JESSICA.MITCHELL50@YAHOO.COM,6207 Main Ave,Louisville,MD,75403,2023-12-18,2023-12-28,10,Transfer,Emergency,Dr. Lopez,Obesity,,Insulin Glargine,,157.8,70.6,5.1,100-89,89 bpm,37.3,91,273,5.0,,UNITED HEALTH,52939.23,1,0,yes,None,Transferred
70818,BETTY,harris,1972-03-22,48,M,941-55-1124,389-354-1738,betty.harris54@gmail.com,1741 Hill Ave,New York,MD,98004,2020-09-13,2020-10-02,19,Elective,Psychiatry,Dr. Adams,Appendicitis,,Furosemide,Aspirin,194.6,45.4,12.0,106/82,77,36.9,90,326,0.84,8.8,Aetna,-1833.97,4,0,Y,Heavy,Rehab Facility
27919,  Paul  ,Roberts,1996-04-18,26,M,206-20-8395,710-638-7893,paul.roberts92@outlook.com,2897 Park Rd,Fort Worth,NY,54562,2023-04-04,2023-04-19,15,Emergency,Psychiatry,Dr. Brown,Parkinson's Disease,Heart Failure,Metformin,Metoprolol,167.0,82.5,29.6 ,88/121,-999,39.8,93 %,170,5.58,10.3,Kaiser Permanente,40788.76,4,0,Former,Occasional,Rehab Facility
94819,Joshua,Martin,1947-07-08,2 yrs,M,713-94-9228,589-589-4419,joshua.martin17@outlook.com,1693 Park Rd,San Jose,SC,80172,2018-12-07,2018-12-17,10,Elective,Neurology,Dr. Miller,Pneumonia,,Aspirin,,192.3,65.8,17.8,121/96,69,38.8,89,176,1.57,7.9,Kaiser Permanente,76171.17,4,0,no,N/A,Home
98164,Steven,jackson,1982-02-05,40,F,492-78-6469,312-346-1888,steven.jackson54@yahoo.com,8065 Maple Ln,Charlotte,CT,68629,2022-08-10,2022-08-19,9,Transfer,Pediatrics,Dr. Ramirez,Hyperlipidemia,Epilepsy,Metformin,Prednisone,162.5,,42.9,67/137,102,37.3,94,136,7.78,7.8,Humana,73716.95,1,0,Unknown,Moderate,Home
80184,Barbara,Roberts,1948-05-25,72,M,504-35-7668,845-424-3303,barbara.roberts67@outlook.com,1104 Maple Way,Phoenix,CA,36274,2021-04-13,2021-04-28,15,Transfer,Orthopedics,Dr. Carter,Heart Failure,,Lisinopril,Clopidogrel,179.0,N/A,37.4,,90,39.7,95,274,6.24,8.0,,11189.27,2,1,yes,Heavy,Discharged to SNF
83700,Barbara,taylor,2004-02-29,14,F,643-98-1983,753-249-4551,NA,586 Pine Blvd,Memphis,CO,85638,2018-08-01,2018-08-05,4,Urgent,Orthopedics,Dr. Perez,Appendicitis,,Sertraline,,,92.9,39.1,96/101,50,N/A,92,270,1.32,N/A,Kaiser Permanente,34778.85,1,0,yes,,Home
14876,Brian,  Scott  ,1949-03-19,73,M,464-84-9541,406-879-4263,brian.scott21@outlook.com,683 Elm Way,Milwaukee,TN,18607,2022-07-17,2022-08-15,29,Urgent,Oncology,Dr. Wright,Hypertension,Pneumonia,Losartan,,N/A,52.9,22.1,139/87,,36.5,97,310,6.7,7.5,Anthem,6159.29,2,0,Y,Occasional,AMA
PT-31624,sandra,Lopez,1986-03-29,35,F,407-64-2744,4442049918,sandra.lopez60@yahoo.com,9246 Park Ave,Tucson,MO,,2021-10-28,2021-11-04,7,Emergency,Surgery,Dr. Jackson,Alzheimer's Disease,Appendicitis,Insulin Glargine,Albuterol,,92.6,32.3,122/80,97,38.8,90,233,1.44,8.7,Medicare,67538.76,4,0,Former,Moderate,Home
96797,Kimberly,Nguyen,2003-11-10,,,394-44-1263,217-829-7007,KIMBERLY.NGUYEN20@YAHOO.COM,6224 Elm Ave,Boston,IL,46903,2022-10-16,2022-11-15,30,Transfer,Cardiology,Dr. Robinson,Parkinson's Disease,Atrial Fibrillation,Metoprolol,,166.4,96.8,N/A,,102,38.4,99,,,6.1,Aetna,64740.2,0,1,Yes,Moderate,Rehab Facility
37385,susan,ANDERSON,1993-08-21,29,F,827-74-7769,8485965647,susan.anderson87@yahoo.com,3403 Oak Dr,Albuquerque,CA,304XX,2023-02-10,2023-03-10,28,Urgent,Oncology,Dr. Campbell,Epilepsy,,Warfarin,,172.5,62.6,21.0,101/98,86,37.9,89,199,-999,12.7,United Health,26726.94,1,1,1,N/A,Deceased
95419,Anthony,ADAMS,2005-01-31,N/A,M,216-10-6074,744-245-3842,anthony.adams68yahoo.com,1057 Elm Ln,San Jose,SC,54030,2020-03-22,2020-03-30,8,Emergency,ICU,Dr. Sanchez,Sepsis,Sepsis,Lisinopril,Albuterol,182.1,115.8,34.9,91/65,57,38.4,96,190,0.99,8.0,Cigna,54018.69,0,0,Former,,Discharged to SNF
21570,Margaret,Young,,61,M,,975-945-2701,margaret.young52@outlook.com,1611 Lake Dr,Portland,TN,65986,2020-09-28,2020-09-29,1,Urgent,Neurology,Dr. Campbell,Coronary Artery Disease,Heart Failure,Clopidogrel,Losartan,177.8,,22.0,161/97,89,N/A,91,312,7.99 ,10.6,Medicaid,46531.12,1,0,Unknown,Heavy,Home
98601,Christopher,TORRES,1981-08-10,39,f,424-13-2186,000-000-0000,christopher.torres99@outlook.com,6350 Elm Dr,Memphis,CT,24334,2021-04-08,2021-04-27,19,Transfer,Neurology,Dr. Adams,Pneumonia,UTI,Atorvastatin,Omeprazole,165.4,85.5,31.3,145/80,113,,91,,-999,8.8,,30152.64,4,0,No,Moderate,AMA
PT-29651,John,Young,1997-10-02,25,F,116-59-3754,242-213-9167,john.young82@yahoo.com,4288 Maple Dr,Louisville,IL,125XX,2023-09-09,2023-09-22,13,Urgent,Emergency,Dr. Young,Appendicitis,Heart Failure,Gabapentin,Prednisone,183.9,47.0,13.9,166/82,73,39.4,94,177,,9.7,Cigna,40178.96,3,0,No,N/A,Home
81954,SARAH,ALLEN,1986-02-14,34,M,406-76-6131,446-357-1480,sarah.allen85@outlook.com,7717 Main Ln,Seattle,VA,71965,2020-03-24,2020-04-15,22,Urgent,ICU,Dr. Hill,Sepsis,,Metoprolol,Warfarin,175.3,117.8 kg,38.3,,104,39.4 C,95,180,3.76,,Cigna,56006.97,4,1,Y,,Discharged to SNF
39789,Daniel,,1992-12-15,28,M,773-33-2543,000-000-0000,daniel.nelson30@gmail.com,9776 Pine Way,Indianapolis,UT,28254,2021-07-13,2021-07-22,9,Emergency,Oncology,Dr. Thomas,Migraine,Migraine,Albuterol,Aspirin,191.6,50.4,13.7,161-82,,38.8,98,72,2.75,7.1,Cigna,7147.56,4,0,Unknown,Moderate,Home
20518,Michael,Garcia,1994-02-25,24,F,566-35-5054,6524567312,michael.garcia13@yahoo.com,7793 Elm Dr,Jacksonville,MN,21386,2018-11-28,2018-12-17,19,Emergency,General Medicine,Dr. Sanchez,Alzheimer's Disease,Alzheimer's Disease,Metoprolol,Gabapentin,191.5,74.2,20.2,177/74,,37.7,95,165,4.58,5.0,Medicaid,2929.15,0,0,Former,None,Deceased
26389,Susan,Moore,1960-05-31,58,M,510-48-7000,247-895-3371,susan.moore71@yahoo.com,4184 Maple Dr,Dallas,FL,,2019-02-14,2019-02-20,6,Transfer,Pediatrics,Dr. Green,Osteoarthritis,Anemia,Hydrochlorothiazide,,,92.3,30.5 ,129/92,61,N/A,88,144,3.27,11.3,,9811.83,4,1,no,Occasional,Home
98230,DAVID,Allen,1970-06-24,48,M,429-66-4568,895-671-8129,david.allen62@gmail.com,9255 Lake Rd,Philadelphia,VA,13526,2018-09-21,2018-10-21,30,Urgent,Emergency,Dr. Brown,Anemia,Anemia,Sertraline,,156.4,97.2,,154/91,69,38.4,91,273,4.75,4.7,Aetna,32032.03,4,1,Yes,Occasional,Transferred
36963,Amanda,Campbell,03/21/1971,50,M,484-17-2647,758-517-3616,amanda.campbell20gmail.com,8961 Maple Blvd,Denver,GA,22915,2021-05-03,2021-05-24,21,Routine,ICU,Dr. Smith,Hyperlipidemia,,Pantoprazole,Atorvastatin,169.1,87.9,30.7,121/95,,,-999,230,1.25,6.2,Anthem,10771.69,5,0,yes,,Discharged to SNF
11158,paul,Hill,1972-10-05,45,F,720-70-3322,8316046638,paul.hill44@outlook.com,7431 Washington Dr,San Antonio,WI,25058,2018-04-23,2018-05-19,26,Routine,Psychiatry,Dr. Thompson,Asthma,,Insulin Glargine,Amlodipine,N/A,45.5,17.8,104/109,60,39.2,92 %,-999,2.45,7.3,Anthem,35590.63,5,1,N,None,Discharged to SNF
47839,Susan,Campbell,1975/01/28,169,M,854-63-4394,(625) 468-8851,susan.campbell4@hotmail.com,8826 Hill Dr,Columbus,NJ,60895,2022-04-11,2022-04-17,6,Elective,Psychiatry,Dr. Adams,UTI,Coronary Artery Disease,Metformin,,155.0,113.5,47.2 ,102/103,63,37.2,91,,5.01,12.9,Cigna,752.65,4,1,yes,Heavy,AMA
29025,Linda,King,1951-07-05,132,M,588468353,839-814-1931,linda.king41@yahoo.com,2036 Oak Blvd,San Francisco,FL,27671,2023-10-05,2023-10-11,6,Emergency,Neurology,Dr. Young,Pneumonia,Anxiety Disorder,Warfarin,,155.1,104.2,43.3,141/101,111 bpm,37.8,97,336,5.42,11.5,Anthem,52874.03,5,0,yes,N/A,AMA
83472,Kimberly,Adams,1958-12-14,64,M,217-59-4634,907-399-7907,kimberly.adams16@yahoo.com,8633 Elm Blvd,Oklahoma City,TN,20077,2023-11-23,2023-12-21,28,Urgent,Pediatrics,Dr. White,UTI,,Lisinopril,,194.0 cm,59.2,15.7,116/101,113,-999,93,166,6.47,10.3,Cigna,40740.73,4,0,0,Moderate,Rehab Facility
88669,,Lopez,1945-12-27,74,M,,(525) 439-2537,anthony.lopez41@outlook.com,9882 Cedar St,New York,LA,38524,2020-11-06,2020-12-03,27,Urgent,Surgery,Dr. Robinson,Parkinson's Disease,Sepsis,Hydrochlorothiazide,Levothyroxine,194.6,105.1,27.8,94-67,100,,93,202,1.23,5.9,Centene,36720.84,4,0,Former,N/A,Deceased
13772,Elizabeth,Martin,1960-04-22,61,M,420-49-1236,296-757-2636,elizabeth.martin84@hotmail.com,4859 Lake Way,San Antonio,NC,,2021-04-18,2021-04-19,1,Routine,Emergency,Dr. Hall,Obesity,,Metformin,,179.1,107.5,33.5,102/104,79,36.2,98,195,-999,6.1,Kaiser Permanente,1118.78,1,0,No,None,AMA
99702,deborah,Jones,1956-01-25,66,M,779-64-3838,993-371-6684,,9318 Pine St,Houston,WA,80419,2022-04-29,2022-05-27,28,Elective,Cardiology,Dr. Harris,Asthma,Pneumonia,Losartan,Metformin,164.3,72.2,26.7,163/97,54,36.7,95,,5.83,7.9,Humana,11216.0,4,0,N,N/A,Transferred
33033,Mary,  Lewis  ,1995-08-23,23,F,963-90-1135,454-782-7994,mary.lewis78@outlook.com,5288 Hill St,San Diego,NJ,47143,2019-07-02,2019-07-20,18,Transfer,Pediatrics,Dr. Rodriguez,Coronary Artery Disease,Type 2 Diabetes,Gabapentin,,187.0,46.8,13.4,110/108,116,N/A,97,209,,12.3,Cigna,882.8,4,1,0,,Transferred
86577,Susan,king,1947-05-12,71,F,532-12-2571,593-703-5792,susan.king34@aol.com,4655 Cedar Blvd,San Diego,PA,99534,2018-11-27,2018-11-28,1,Routine,Psychiatry,Dr. Anderson,Sepsis,Hypothyroidism,Prednisone,Metformin,192.8,124.2,33.4,N/A,95,38.9,88,243,1.07,10.6,BlueCross BlueShield,55062.75,1,0,1,Moderate,Rehab Facility
74291,anthony,Carter,1966-12-28,56,M,882-28-8197,762-791-7182,anthony.carter77@hotmail.com,3415 Main Way,Oklahoma City,KY,21017,2023-10-08,2023-11-03,26,Routine,Orthopedics,Dr. Harris,Depression,Stroke,Furosemide,,162.9,65.8,24.8,161/63,75,37.4,88 %,113,0.66,4.7,Medicare,30098.5,5,0,Y,Heavy,Home
16267,Sandra,ROBINSON,1980-01-21,41,F,607575466,900-493-4922,sandra.robinson37@aol.com,5803 Cedar Dr,Nashville,IL,53815,2021-05-19,2021-05-28,9,Emergency,Oncology,Dr. Johnson,Alzheimer's Disease,Obesity,Metformin,Albuterol,168.6,56.6,,,55,39.6,96,,6.6,6.4,Medicare,35980.84,3,0,1,Heavy,Transferred
29662,Kevin,RAMIREZ,1961-11-26,62,F,577132289,271-261-5022,kevin.ramirez40@aol.com,6905 Oak St,Baltimore,VA,97251,2023-11-22,2023-12-18,26,Urgent,Orthopedics,Dr. Mitchell,Sepsis,Sepsis,Clopidogrel,Hydrochlorothiazide,192.9,122.7,33.0,106/86,54,39.7,98,76,6.96,4.3,AETNA,46773.77,2,0,1,Moderate,Deceased
58872,ROBERT,Moore,1993-11-11,N/A,M,259-18-5151,256-563-2101,robert.moore28@gmail.com,529 Pine Dr,Columbus,WA,79721,2024-07-28,2024-07-23,-5,Elective,General Medicine,Dr. Martin,Depression,Hyperlipidemia,Losartan,Atorvastatin,181.1,45.3,13.8,180/71,86,37.3,95,193,5.17,7.8,Medicare,62458.13,0,0,no,Occasional,Transferred
72792,JAMES,Martinez,1972-11-16,46,F,221-72-6371,5518371948,james.martinez74@aol.com,1245 Maple Ln,Albuquerque,SC,49791,2018-11-09,2018-11-26,17,Emergency,Orthopedics,Dr. Martin,Rheumatoid Arthritis,Stroke,Amlodipine,,158.8,121.6,48.2,130/94,94,N/A,96,345,3.24,5.5,United Health,18678.67,2,1,0,,Deceased
16818,Richard,Jackson,NULL,78,Unknown,927-49-5863,210-660-8224,richard.jackson69@gmail.com,778 Hill Rd,Phoenix,SC,98043,2023-10-11,2023-10-22,11,Elective,Pediatrics,Dr. Lee,Hypothyroidism,Pneumonia,Sertraline,Levothyroxine,,79.1,N/A,100/81,95,N/A,89,N/A,2.18,5.7,Medicaid,63150.19,2,0,no,None,Rehab Facility
90721,Kevin,,2003-01-03,20,,955-89-7249,349-231-9668,kevin.taylor25@hotmail.com,1415 Main St,Louisville,MD,75086-0000,2023-11-27,2023-12-18,21,Elective,Cardiology,Dr. Adams,Osteoarthritis,Heart Failure,Furosemide,,155.6,90.5,37.4,154/68,,38.0,98,275,1.78,11.0,,4653.71,1,1,Unknown,Heavy,Home
92805,  Thomas  ,Smith,1943/12/10,77,F,***-**-6414,646-601-5253,thomas.smith27@gmail.com,5395 Elm Dr,Columbus,CT,22290,2021-03-25,2021-03-23,-2,Urgent,Psychiatry,Dr. Flores,Heart Failure,,Pantoprazole,,188.1,120.3,34.0,,93,38.3,92,112,5.26,,Anthem,37916.39,0,1,yes,None,AMA
PT-12021,Thomas,King,,49,F,551-26-4921,N/A,thomas.king95@outlook.com,923 Hill Blvd,El Paso,OH,72158,2019-05-12,2019-06-06,25,Transfer,ICU,Dr. Perez,Alzheimer's Disease,,Hydrochlorothiazide,,175.2 cm,125.8,,129/64,65,39.2 C,99,,7.68,6.1,Anthem,64647.26,4,0,N,N/A,Rehab Facility
49062,Sarah,Lee,1976/09/26,46,M,906-52-3599,(715) 916-9004,sarah.lee36@aol.com,1055 Pine Ln,Houston,NC,69946,2023-07-22,2023-07-18,-4,Routine,Emergency,Dr. Anderson,Rheumatoid Arthritis,COPD,Warfarin,,162.1,68.9,,163/90,60,38.5,89,314,,N/A,Aetna,67247.31,0,0,no,,Transferred
14933,Barbara,Rodriguez,1998/07/06,21,F,184-91-9292,234-481-1132,barbara.rodriguez27@yahoo.com,1180 Elm Way,Los Angeles,MO,49323,2019-09-28,2019-10-04,6,Urgent,ICU,Dr. Johnson,Hyperlipidemia,Hyperlipidemia,Furosemide,Clopidogrel,-999,-999,18.4,166/70,102,38.3,96,200,,10.2,UNKNOWN,9315.62,3,0,Y,Occasional,Transferred
79561,Melissa,Williams,,23,M,191307328,386-626-5256,melissa.williams28@aol.com,8389 Pine Blvd,San Francisco,WA,58598,2019-09-21,2019-10-17,26,Transfer,Psychiatry,Dr. Allen,Alzheimer's Disease,Anemia,Pantoprazole,Metformin,189.6,125.7,35.0,173/102,81,38.7,95,244,7.06,8.9,Aetna,56802.67,3,0,No,Heavy,Home
68319,KAREN,Campbell,1943-04-17,80,Unknown,949-84-5352,986-827-1880,karen.campbell63@outlook.com,1845 Elm Ave,Milwaukee,MI,41587,2023-05-26,2023-05-27,1,Elective,Psychiatry,Dr. Taylor,Osteoarthritis,Anemia,Amlodipine,Lisinopril,181.9,99.3,30.0,145/94,113,39.4,100,159,7.63,10.5,Kaiser Permanente,54871.44,0,0,yes,N/A,Transferred
51166,  Daniel  ,Young,1973-06-14,48,FEMALE,344375947,654-201-5924,daniel.young3@outlook.com,9715 Park Rd,Columbus,NC,233XX,2021-12-02,2021-11-27,-5,Urgent,Emergency,Dr. Williams,Epilepsy,,Aspirin,Aspirin,166.3,87.6,,141/62,117,37.0,,130,6.33,7.7,Humana,11019.03,0,0,0,N/A,Deceased
74078,Betty,Rivera,1987-06-17,34,M,345-57-6833,920-739-7676,betty.rivera6@outlook.com,2177 Lake Ln,Philadelphia,MA,17575,2021-07-04,2021-07-15,11,Elective,Psychiatry,Dr. Robinson,Atrial Fibrillation,,Atorvastatin,Albuterol,185.9,94.2,27.3,175/95,104,38.7,93,171,6.43,8.4,Cigna,52221.75,2,0,no,Occasional,Home
69805,Barbara,,1996-06-02,26,M,881-76-7395,639-797-2698,barbara.harris12@yahoo.com,2724 Oak Blvd,San Diego,IL,98109,2022-11-25,2022-12-22,27,Elective,Psychiatry,Dr. Martin,Appendicitis,Anxiety Disorder,Metoprolol,Atorvastatin,193.8,N/A,N/A,175/86,110,39.8,99,104,1.56,8.6,Medicare,67231.18,0,1,N,Moderate,Transferred
12397,Susan,Lewis,1998-02-20,25,F,373-17-2596,3133898256,susan.lewis22@aol.com,188 Cedar St,Columbus,UT,37139,2024-01-21,2024-01-25,4,Routine,Neurology,Dr. Wright,Stroke,Parkinson's Disease,Hydrochlorothiazide,Insulin Glargine,185.1,,26.4,153/65,67,,92,337,2.33,6.2,Centene,1392.92,3,0,yes,Heavy,AMA
97986,Karen,Miller,1975-12-10,44,M,233-53-2875,(922) 810-8383,KAREN.MILLER88@GMAIL.COM,6124 Lake Ln,Houston,MO,26172,2020-11-17,2020-12-07,20,Urgent,Neurology,Dr. Hill,Chronic Kidney Disease,,Pantoprazole,,164.5,,45.1,103/167,82,38.3,-999,319,5.34,6.1,BlueCross BlueShield,39570.39,3,0,yes,N/A,Discharged to SNF
81465,Anthony,White,2001/03/23,23,male,411-16-2448,354-756-5006,anthony.white25gmail.com,8409 Hill Rd,Fort Worth,NJ,,2024-12-20,2025-01-10,21,Routine,Cardiology,Dr. Gonzalez,Coronary Artery Disease,Hypertension,Albuterol,,186.2,117.4,33.9,133/76,77,38.8,89,83,7.07,10.6,Aetna,42140.07,4,0,Yes,Moderate,Rehab Facility
62915,Karen,Lee,1945-06-10,72,F,562-52-9189,470-548-2905,karen.lee1@hotmail.com,8739 Main Ln,Albuquerque,NC,,2018-02-08,2018-02-21,13,Urgent,General Medicine,Dr. Brown,Depression,Anemia,Losartan,Pantoprazole,,64.8,20.0,150/108,79,37.1,100,285,6.11,-999,Medicaid,2150.6,0,0,1,,Discharged to SNF
69757,Michelle,JOHNSON,1966-07-23,57,M,***-**-2108,423-731-3166,michelle.johnson53@aol.com,7256 Park Dr,Oklahoma City,NY,72437,2023-09-08,2023-09-19,11,Routine,Oncology,Dr. Mitchell,Anemia,Anemia,Lisinopril,Losartan,177.4,66.9,21.3,157/82,51 bpm,37.5,97,163,7.42,,,12694.63,4,1,1,None,Deceased
90842,Mary,Harris,1942-01-09,80,F,617-53-4972,693-932-1795,mary.harris5@outlook.com,9105 Elm Blvd,Seattle,NC,44721,2022-07-02,2022-07-29,27,Urgent,Surgery,Dr. Smith,Pneumonia,Anxiety Disorder,Albuterol,,180.6,45.2,13.9,173/68,106,,100,141,4.99 ,4.8,BLUECROSS BLUESHIELD,22125.67,4,1,Y,Occasional,Discharged to SNF
72984,Anthony,wilson,,17,M,937248764,882-791-7427,anthony.wilson40@hotmail.com,3842 Cedar Way,Los Angeles,AZ,25054,2021-08-28,2021-09-15,18,Routine,Emergency,Dr. Baker,COPD,Stroke,Metformin,,171.2,89.6,30.6,156/91,59,36.6,,255,6.48,-999,Aetna,59783.83,0,0,No,Occasional,Transferred
95227,david,Brown,1976-05-26,48,M,***-**-4541,607-747-1171,david.brown55@gmail.com,5499 Park Ln,San Jose,OK,21524,2024-05-28,2024-06-12,15,Routine,Neurology,Dr. White,Heart Failure,,Hydrochlorothiazide,,,85.9,30.5 ,133/78,74,38.3,93,329,7.64,,Kaiser Permanente,42764.16,2,1,Yes,N/A,Home
94861,Lisa,Wright,,34,F,409-99-2813,N/A,lisa.wright72@outlook.com,2597 Washington Ave,Charlotte,MD,41224,2019-10-24,2019-11-12,19,Routine,General Medicine,Dr. Thomas,Osteoarthritis,Stroke,Pantoprazole,,186.5,51.6,14.8,167/101,86,39.9,N/A,308,3.01,12.4,Humana,55689.93,0,0,Unknown,Heavy,Rehab Facility
77964,joseph,moore,1995-01-11,,M,589-63-3088,494-371-7643,joseph.moore49@yahoo.com,9731 Maple St,San Jose,VA,265XX,2024-05-29,2024-05-31,2,Elective,Orthopedics,Dr. Miller,Hyperlipidemia,Sepsis,Albuterol,,,,35.1,96/100,56,36.0,89,284,5.74,8.3,BlueCross BlueShield,77595.33,0,0,No,Heavy,AMA
30698,Anthony,hall,1998-01-29,23,F,***-**-1173,243-936-4322,anthony.hall19aol.com,622 Main Dr,Nashville,CA,83763,2021-08-16,2021-09-05,20,Urgent,Pediatrics,Dr. Nelson,Depression,Hypothyroidism,Atorvastatin,Sertraline,185.9,52.0,15.0,166/61,71,39.7,99,224,3.99,11.0,Medicare,43023.62,2,0,Yes,N/A,Transferred
98063,Brian,Anderson,02/09/1971,48,F,533-49-2662,3833565802,brian.anderson98@outlook.com,9340 Lake Blvd,El Paso,CA,43226,2019-12-16,2020-01-02,17,Emergency,Orthopedics,Dr. Rodriguez,Atrial Fibrillation,Anemia,Metoprolol,,161.2,112.8,43.4,75/118,111,37.4,98,176,0.88,,BlueCross BlueShield,27894.62,1,0,Y,None,Discharged to SNF
58671,Ashley,ROBERTS,1960-11-11,62,M,212-52-9146,974-521-6864,ashley.roberts64gmail.com,3779 Maple Ln,Louisville,AZ,61423,2023-09-23,2023-10-19,26,Transfer,Emergency,Dr. Rivera,Appendicitis,Obesity,Warfarin,,188.0,114.9,32.5,134/61,78,37.2,,105,5.12,11.9,MEDICAID,11833.81,3,0,N,Occasional,Rehab Facility
76215,Timothy,Clark,,,M,348-81-9568,316-617-9327,timothy.clark61@aol.com,5788 Washington Ln,Seattle,TX,56178,2018-11-19,2018-12-19,30,Routine,Surgery,Dr. Williams,Type 2 Diabetes,Appendicitis,Lisinopril,Hydrochlorothiazide,183.0 cm,96.0,28.7,155/93,,36.8,92,270,,7.5,ANTHEM,45817.59,2,0,Yes,Heavy,Discharged to SNF
62473,Nancy,Miller,1993-09-07,30,F,481-18-6531,981-703-2654,nancy.miller11@outlook.com,745 Elm Rd,Charlotte,VA,49888,2024-07-20,2024-08-10,21,Elective,Oncology,Dr. Johnson,Sepsis,Rheumatoid Arthritis,Losartan,Albuterol,,91.6,34.6,100/76,83,39.8,94 %,339,4.36,7.8,BlueCross BlueShield,77910.87,0,1,Yes,Occasional,Deceased
11653,Christopher,Johnson,1952-06-04,69,M,622-71-3213,517-586-2595,christopher.johnson51@yahoo.com,4622 Cedar Ln,Louisville,OH,11728,2022-03-16,2022-04-12,27,Transfer,Cardiology,Dr. Young,Hyperlipidemia,Type 2 Diabetes,Metformin,,163.3,N/A,48.5,94/102,-999,38.3 C,95,275,,6.1 %,Cigna,26937.63,0,0,no,None,Discharged to SNF
26992,michael,lopez,1974-04-17,48,F,144-79-2880,384-422-3082,michael.lopez63@aol.com,4513 Park Rd,Memphis,MI,82525,2023-04-02,2023-04-17,15,Transfer,Surgery,Dr. Jackson,Sepsis,,Pantoprazole,,166.6,92.9,33.5,123/66,,38.0,88,242,1.02,,UNKNOWN,28079.54,1,0,no,Moderate,Transferred
99003,Kevin,Torres,1963-08-24,16,,487-94-3343,511-943-8965,kevin.torres53@aol.com,3464 Pine St,Memphis,MN,82379,2019-05-13,2019-06-02,20,Transfer,Neurology,Dr. Martin,Type 2 Diabetes,,Atorvastatin,,151.1,83.6,36.6,101/92,,39.3,100,N/A,6.0,11.6,Anthem,9257.97,1,0,Yes,Moderate,Rehab Facility
16368,TIMOTHY,Martinez,1974-12-18,46,F,728778369,2038184762,timothy.martinez32@aol.com,6442 Hill Blvd,Dallas,SC,23964,2021-01-18,2021-01-29,11,Routine,Orthopedics,Dr. Jones,Asthma,,Hydrochlorothiazide,Atorvastatin,194.0,96.0,N/A,148/106,78,40.0,95,,2.44,9.6,BlueCross BlueShield,19440.45,0,0,Unknown,,Transferred
88570,SARAH,Allen,1997-01-26,27,F,982-38-8872,,sarah.allen77@yahoo.com,606 Park Ln,Tucson,OR,36475,2024-07-19,2024-08-15,27,Emergency,Neurology,Dr. Moore,Chronic Kidney Disease,,Atorvastatin,,171.0,121.3,41.5,103/61,108,36.0 C,89,N/A,4.15,,BlueCross BlueShield,84383.19,4,0,no,Moderate,Discharged to SNF
40688,Kimberly,Nguyen,1944-12-20,76,M,258-44-9299,(707) 934-3494,kimberly.nguyen26@aol.com,6163 Elm Rd,Seattle,OK,55743,2021-06-28,2021-07-18,20,Elective,Psychiatry,Dr. Gonzalez,Hyperlipidemia,Heart Failure,Aspirin,Hydrochlorothiazide,168.2,-999,26.4,N/A,-999,,91,225,6.23,10.3,Aetna,22535.45,4,0,No,Heavy,Transferred
44468,,,1988-01-03,36,F,***-**-3472,5705293066,,2845 Washington St,Oklahoma City,CA,531XX,2024-09-07,2024-09-04,-3,Routine,Psychiatry,Dr. Robinson,Hypertension,,Atorvastatin,Amlodipine,150.2,119.3,52.9,120/76,110,39.9,99,346,,7.6,Aetna,69618.99,0,0,yes,,Home
83489,Thomas,King,1959-07-25,59,M,643-80-3231,343-221-7728,THOMAS.KING28@GMAIL.COM,4710 Oak Dr,Columbus,AL,78979,2018-10-29,2018-10-31,2,Routine,Orthopedics,Dr. Ramirez,Rheumatoid Arthritis,,Albuterol,Omeprazole,190.0,128.2,35.5,121/100,96,-999,89,-999,1.45,4.6,Humana,65106.76,0,0,0,Occasional,Deceased
23329,Andrew,Lee,1992/04/26,28,M,545-74-2850,3182766064,andrew.lee29@yahoo.com,399 Hill Rd,San Jose,AZ,16072,2020-12-01,2020-12-21,20,Emergency,ICU,Dr. Hall,Stroke,,Pantoprazole,,164.1,122.1,N/A,122/76,116,39.8,100,289,6.25,10.6,KAISER PERMANENTE,59859.6,0,0,Former,Heavy,Rehab Facility
10879,JOSEPH,Campbell,1992-11-17,31,F,***-**-2054,690-891-4548,joseph.campbell51@outlook.com,8646 Washington Ave,Portland,OH,11553,2024-05-14,2024-05-30,16,Elective,Orthopedics,Dr. Johnson,Osteoarthritis,Appendicitis,Insulin Glargine,Amlodipine,185.8,61.6,17.8,152/97,94,39.8,,200,5.9,6.4,KAISER PERMANENTE,80612.31,0,0,Yes,,Discharged to SNF
93450,james,  Walker  ,1966/01/26,152,M,505512084,360-839-6361,james.walker46@hotmail.com,320 Main Blvd,Portland,MN,21976,2024-02-10,2024-02-22,12,Emergency,Orthopedics,Dr. Clark,Asthma,,Amlodipine,Pantoprazole,170.2,46.9,16.2,159/90,58,38.9,95,290,-999,5.9,UNITED HEALTH,36773.69,2,0,Yes,Heavy,Home
89448,Margaret,Flores,1951-02-14,71,Female,***-**-9955,494-497-6427,margaret.flores71@gmail.com,1557 Park Dr,Las Vegas,NJ,23087,2022-09-25,2022-10-22,27,Urgent,Emergency,Dr. Johnson,Depression,,Warfarin,Metoprolol,171.2,102.5,-999,90/76,82,,89,293,3.43,9.2,Centene,11450.69,4,0,Unknown,,Home
40803,Elizabeth,Perez,2002-10-01,18,M,651-32-7584,N/A,elizabeth.perez57@hotmail.com,3899 Main Blvd,Los Angeles,MD,79667,2021-06-07,2021-06-23,16,Urgent,Oncology,Dr. Hill,Osteoarthritis,Pneumonia,Clopidogrel,,152.1,54.1,23.4,132/109,91,N/A,90,307,3.84,8.9,Aetna,71207.07,4,0,yes,Moderate,Discharged to SNF
50035,  Michelle  ,Miller,1979-09-01,41,M,306-58-9547,809-995-7159,michelle.miller8@gmail.com,7513 Washington Rd,San Jose,OH,77373,2020-10-21,2020-11-01,11,Routine,ICU,Dr. Miller,Alzheimer's Disease,,Clopidogrel,Clopidogrel,150.0,93.4,41.5,135/93,54,36.4,93,155,1.86,11.0,Cigna,1094.24,4,1,No,N/A,Transferred
29075,Carol,Miller,1990-04-24,34,F,970-93-5869,483-520-8578,carol.miller88@hotmail.com,709 Park Dr,Phoenix,NC,50593,2024-11-23,2024-12-10,17,Routine,Psychiatry,Dr. Miller,UTI,COPD,Warfarin,,193.6,84.7,,96/105,51,37.9,95,215,5.12,12.8,Humana,55779.24,5,0,N,None,Transferred
98071,Karen,Wilson,1989-07-15,29,F,741-10-9059,720-747-4570,karen.wilson50@aol.com,3234 Lake Blvd,San Diego,IL,,2018-10-23,2018-11-05,13,Emergency,Oncology,Dr. Anderson,Depression,,Losartan,,172.0,126.2 kg,42.7,,-999,-999,98,168,2.87,4.2,Kaiser Permanente,11476.2,4,1,No,Occasional,Rehab Facility
14375,Barbara,  Williams  ,1970/12/03,52,M,664-82-5084,878-811-2527,barbara.williams82@yahoo.com,234 Washington Blvd,Las Vegas,MN,72601-0000,2023-01-24,2023-01-26,2,Urgent,Pediatrics,Dr. Jackson,Hypertension,Rheumatoid Arthritis,Amlodipine,Metoprolol,171.2,51.3,17.5,129/76,96,39.2,100,270,1.33,5.4,,55950.19,0,1,N,,AMA
63731,John,Johnson,1945-07-15,75,M,483-53-1382,,john.johnson99@aol.com,7574 Main Rd,El Paso,AZ,14866,2020-12-12,2021-01-03,22,Transfer,General Medicine,Dr. Ramirez,Asthma,Migraine,Amlodipine,,187.1,79.0,,174/69,104,38.3,90,-999,,9.1,CENTENE,72185.02,0,0,,Heavy,Home
21146,Steven,Anderson,1944-12-28,79 yrs,F,163-61-4170,354-362-9495,STEVEN.ANDERSON89@GMAIL.COM,9453 Lake St,Charlotte,PA,20374,2024-04-09,2024-04-14,5,Routine,Psychiatry,Dr. Clark,Depression,,Warfarin,,162.6,83.6,31.6,126/99,112,38.1,95,155,7.18,12.4,United Health,63085.06,4,0,Yes,N/A,Home
71355,Steven,Hill,1947-10-02,71,F,***-**-8168,227-201-6596,,6951 Main Blvd,Seattle,CO,19769,2019-08-06,2019-09-04,29,Transfer,Neurology,Dr. Martinez,Rheumatoid Arthritis,Rheumatoid Arthritis,Pantoprazole,Losartan,156.9,N/A,28.8,,115,N/A,94,106,5.81,10.8,MEDICAID,26324.42,0,0,1,,Transferred
25532,  Michael  ,White,,N/A,M,,622-285-1879,michael.white42@gmail.com,9350 Main St,Tucson,NY,22004,2022-06-28,2022-07-14,16,Urgent,General Medicine,Dr. Hernandez,Migraine,Chronic Kidney Disease,Aspirin,Furosemide,179.2,106.6,33.2,126/63,78,38.2,93,296,4.98,8.1,BlueCross BlueShield,31952.93,0,0,Unknown,N/A,Deceased
69153,Michelle,Flores,1971-02-02,48,F,292-40-8513,9998274764,michelle.flores57outlook.com,9961 Park Dr,Nashville,AL,61835,2019-09-12,2019-09-25,13,Routine,Psychiatry,Dr. Nelson,Pneumonia,,Hydrochlorothiazide,Metformin,157.5,68.9,27.8 ,104/82,77,36.2,100,,1.2,12.1,Kaiser Permanente,42446.18,4,0,Yes,Moderate,Transferred
43873,Linda,Garcia,1979-08-06,45,M,178-41-6848,790-621-2929,linda.garcia65@yahoo.com,7438 Cedar Rd,Boston,OR,16857,2024-08-18,2024-08-22,4,Routine,Oncology,Dr. Smith,Obesity,Pneumonia,Metformin,Lisinopril,-999,,37.7,158/76,104,38.4,98,234,4.97,,UNKNOWN,22866.92,1,0,Y,Moderate,Rehab Facility
42493,Elizabeth,Garcia,1989-02-17,31,F,703-79-9597,672-681-6417,elizabeth.garcia38@hotmail.com,7405 Pine St,San Jose,IN,531XX,2020-10-29,2020-11-20,22,Emergency,Emergency,Dr. Hill,Hyperlipidemia,,Amlodipine,Omeprazole,170.6 cm,87.4,30.0,124/82,73,39.5,94,327,4.39,N/A,Cigna,35647.68,5,1,N,Occasional,Rehab Facility
57204,Sandra,Johnson,1951-11-14,68,F,550-96-3887,866-932-9061,sandra.johnson9@aol.com,2654 Pine Blvd,El Paso,CO,64244,2020-09-10,2020-10-08,28,Emergency,Surgery,Dr. Lopez,Anemia,Osteoarthritis,Warfarin,,161.4,47.6,18.3,119/66,66,37.8,,193,2.36,5.9,United Health,53358.41,0,0,0,Heavy,AMA
19964,Christopher,Flores,1988-06-21,33,F,145-41-2298,885-425-3745,christopher.flores79@aol.com,7542 Oak Way,Albuquerque,OK,82808,2022-04-11,2022-04-25,14,Elective,General Medicine,Dr. Wright,Alzheimer's Disease,COPD,Losartan,Metformin,-999,96.5,26.3,112/94,70,39.4,92,299,,7.0,Medicaid,44689.64,1,0,N,Occasional,AMA
39080,Margaret,Lopez,1997-02-10,25,M,323-17-3061,(994) 673-4614,margaret.lopez96@yahoo.com,7343 Main Blvd,Fort Worth,MO,32310,2022-02-17,2022-03-05,16,Routine,Psychiatry,Dr. Campbell,Epilepsy,,Gabapentin,,155.8,,46.7,153/101,54,37.3,93,341,3.17,9.3,Kaiser Permanente,29414.46,5,0,Unknown,Occasional,Deceased
PT-54993,Thomas,  Mitchell  ,1964-12-27,58,F,533-30-4918,893-829-5288,,4572 Maple Dr,Baltimore,MN,87702,2023-10-11,2023-11-02,22,Emergency,Orthopedics,Dr. Torres,Obesity,,Warfarin,,160.3,60.9,23.7,99/104,,37.4,,N/A,0.72,9.9,Kaiser Permanente,17934.8,4,1,0,None,Discharged to SNF
35916,Deborah,Robinson,1998-11-05,,M,476136613,5318644932,deborah.robinson89@outlook.com,1360 Park St,Portland,MD,27564,2023-01-17,2023-02-02,16,Urgent,Cardiology,Dr. Robinson,Depression,Depression,Atorvastatin,Amoxicillin,191.7,76.1,20.7,169/83,87,,97,245,5.09,7.3,Kaiser Permanente,11567.93,2,0,Unknown,,Discharged to SNF
00091652,PATRICIA,Gonzalez,07/19/2005,18,,913-12-5104,292-380-2450,patricia.gonzalez71@gmail.com,2700 Elm Dr,Baltimore,SC,57408,2024-02-19,2024-02-24,5,Elective,Emergency,Dr. Martin,UTI,UTI,Lisinopril,Sertraline,160.9,106.5,41.1,111/107,12,36.7,91,293 mg/dL,2.25,9.8,HUMANA,7981.68,3,1,N,None,Discharged to SNF
74693,Donna,Garcia,1950-06-14,,M,793625948,569-361-4084,donna.garcia15@aol.com,9669 Main Ln,Nashville,MN,24115,2019-09-10,2019-09-11,1,Elective,ICU,Dr. Young,Heart Failure,,Losartan,,N/A,N/A,12.8,129/95,117,36.2,96,N/A,5.84,9.2,CIGNA,8451.47,1,1,Yes,Moderate,AMA
42638,Emily,  Walker  ,1978-07-25,39,F,300-94-9150,8577152258,emily.walker12@gmail.com,7201 Main Ave,Albuquerque,LA,51347,2018-04-24,2018-05-10,16,Transfer,ICU,Dr. Hill,Parkinson's Disease,Sepsis,Hydrochlorothiazide,Losartan,187.2,87.2,24.9,180/69,108,,94,176,1.38,4.2,Medicaid,-3307.69,0,0,N,Heavy,Transferred
14013,PAUL,,1984-01-16,37,M,445-45-6833,523-315-4466,paul.hall80@gmail.com,393 Cedar Blvd,Louisville,AZ,85511,2021-04-15,2021-04-25,10,Routine,Orthopedics,Dr. Martinez,Stroke,Parkinson's Disease,Albuterol,,179.3,65.7,20.4,90/96,68,N/A,,142,5.64,9.0,UNKNOWN,46789.45,4,1,yes,,Deceased
PT-67968,Steven,MILLER,1963-05-04,,M,204-49-7335,000-000-0000,steven.miller10@gmail.com,6549 Main Way,San Antonio,WI,77685,2022-01-07,2022-01-24,17,Elective,Surgery,Dr. Carter,Anxiety Disorder,Epilepsy,Gabapentin,,162.1,112.9,43.0,112/94,,38.8,,N/A,3.61,7.4,United Health,63158.31,2,0,no,Occasional,AMA
29947,Sarah,Baker,1986-11-21,35,M,121-84-4173,464-230-2393,NA,1141 Cedar Dr,Phoenix,MO,14344,2022-03-22,2022-04-17,26,Routine,Cardiology,Dr. Smith,Epilepsy,Parkinson's Disease,Metformin,,179.3,106.8,33.2,116/84,79,38.6,88,236,6.78,9.7,Anthem,23484.86,4,0,N,Occasional,AMA
67032,Melissa,Rivera,1941-01-27,78,M,664-39-3659,632-485-9427,melissa.rivera78@outlook.com,757 Main St,Boston,MN,21940,2019-04-05,2019-04-19,14,Routine,Orthopedics,Dr. Williams,Anemia,,Pantoprazole,Amlodipine,170.1,68.0,23.5,174/110,90,36.9,98,130 mg/dL,6.62,10.4,Humana,54263.8,1,1,no,,Home
63134,anthony,Lee,1999-03-03,21,F,138-96-9548,808-484-2195,anthony.lee93@gmail.com,1980 Oak Dr,Nashville,AL,73916,2020-05-02,2020-05-04,2,Elective,Psychiatry,Dr. Robinson,Chronic Kidney Disease,,Hydrochlorothiazide,,170.5,105.4,36.3,100/81,66,38.9,89,338,6.99,12.6,AETNA,84945.79,1,0,Y,Moderate,Home
71440,Michael,Hernandez,1970-07-23,50,M,836-36-9999,,michael.hernandez59gmail.com,8678 Maple St,Columbus,MI,63722,2020-09-19,2020-09-25,6,Routine,Cardiology,Dr. King,Parkinson's Disease,Hypertension,Losartan,Aspirin,182.7,92.2,7.9,111/85,57,38.7,94,79 mg/dL,1.61,7.9,BlueCross BlueShield,38273.02,0,1,Unknown,,Deceased
80887,Donald,Jackson,1995-03-27,27,F,610-71-6734,203-241-4175,donald.jackson40@hotmail.com,1000 Maple Dr,Philadelphia,LA,27350,2022-08-06,2022-08-18,12,Urgent,Orthopedics,Dr. Thomas,COPD,Hyperlipidemia,Lisinopril,,N/A,82.5,-999,N/A,61,38.0,96,-999,3.85,9.3,Humana,29678.97,5,0,Yes,,AMA
PT-85334,susan,Sanchez,NULL,-999,F,905-38-9147,890-380-4051,susan.sanchez44@aol.com,3819 Cedar Rd,New York,FL,37249,2022-01-07,2022-02-03,27,Emergency,General Medicine,Dr. Smith,Coronary Artery Disease,Alzheimer's Disease,Lisinopril,,159.4,56.6,-999,117/76,118,38.8,,336,2.23,5.3,Humana,12547.58,5,1,no,Occasional,Discharged to SNF
94111,Matthew,Wright,1950-03-13,73,M,784308128,496-230-6295,,3248 Hill Dr,Indianapolis,OR,,2023-05-10,2023-05-24,14,Emergency,Psychiatry,Dr. Robinson,Stroke,Sepsis,Losartan,,179.4,77.8,24.2,180/82,68,38.0,N/A,346,,8.2,Anthem,18531.01,1,1,,,Discharged to SNF
66937,Joseph,Martin,1997-03-24,21,F,640-52-4034,517-350-8695,joseph.martin49yahoo.com,5775 Hill Way,Jacksonville,FL,300XX,2018-05-31,2018-06-13,13,Urgent,Pediatrics,Dr. Smith,Rheumatoid Arthritis,,Insulin Glargine,,154.2,,-999,176/94,,-999,97,115,7.18,4.0,Cigna,50910.23,4,0,yes,,Deceased
31986,SUSAN,Jackson,1958-05-19,61,F,123-66-4405,963-357-7772,SUSAN.JACKSON40@HOTMAIL.COM,9137 Hill Rd,Memphis,LA,68625,2020-02-01,2020-02-07,6,Emergency,Cardiology,Dr. Hill,Epilepsy,,Aspirin,Amoxicillin,159.6,128.3,50.4,140/60,-10,37.2,96,290,3.47,12.7,Aetna,41427.06,2,0,yes,Heavy,Deceased
67734,,  Johnson  ,2003-11-01,17,F,342-66-5480,451-470-6812,andrew.johnson6@aol.com,3512 Lake St,Jacksonville,IN,62858,2021-08-26,2021-08-31,5,Routine,ICU,Dr. Hill,Rheumatoid Arthritis,,Levothyroxine,,N/A,128.9,,146/94,88,,97,340,7.42,8.9,Anthem,73218.48,1,0,Unknown,Occasional,Transferred
25917,sandra,Ramirez,10/15/1982,39,Male,518-74-2149,853-776-1727,sandra.ramirez6@hotmail.com,9867 Cedar Ave,Seattle,NJ,,2022-07-07,2022-07-16,9,Emergency,Oncology,Dr. Nguyen,Atrial Fibrillation,Pneumonia,Warfarin,Hydrochlorothiazide,189.7,81.2,22.6,104/81,80,39.3,94,230,7.84,N/A,Cigna,44070.31,0,0,Y,Heavy,Home
91981,Melissa,Nguyen,1970-02-23,49,M,971-36-3669,969-771-6990,melissa.nguyen3@outlook.com,1372 Maple Ln,Charlotte,WI,23292,2019-05-10,2019-05-29,19,Emergency,Pediatrics,Dr. Williams,Hyperlipidemia,,Omeprazole,,175.9,90.2,,145/110,,38.1,98,229,5.08,5.3,,30329.72,1,0,Unknown,None,Deceased
14302,ashley,Baker,1993-02-06,,M,723384205,(260) 386-6317,ashley.baker46aol.com,9516 Maple St,San Francisco,LA,76580,2022-02-26,2022-03-01,3,Emergency,Psychiatry,Dr. Rivera,Hypothyroidism,Hyperlipidemia,Amlodipine,Levothyroxine,155.3,81.7,,N/A,65,36.5,98,187,7.06,9.5,Anthem,59744.12,3,1,N,N/A,Home
63355,Thomas,Williams,2002-01-23,22,M,,908-667-5297,thomas.williams44@outlook.com,3612 Hill Rd,Denver,WI,66649,2024-11-08,2024-11-24,16,Elective,Psychiatry,Dr. Nelson,Pneumonia,Osteoarthritis,Prednisone,Aspirin,175.4,67.4,21.9,135-61,51,39.2,,240,6.71,12.2,,83546.77,2,0,Yes,Moderate,Rehab Facility
92577,Kimberly,Smith,2003-11-23,18,M,415-86-9553,330-476-7553,kimberly.smith71@aol.com,6768 Park Rd,Boston,KY,927XX,2022-03-18,2022-04-16,29,Urgent,Oncology,Dr. Wilson,Type 2 Diabetes,,Furosemide,,193.3,77.9,20.8,147/84,99,,96 %,274,3.77,10.9,UNKNOWN,4286.04,3,0,No,N/A,AMA
92042,Steven,Moore,1957-11-14,61,F,250-84-5437,464-962-4706,steven.moore93@gmail.com,1231 Pine Way,Portland,UT,46328,2018-12-26,2019-01-02,7,Transfer,Pediatrics,Dr. Williams,Hypertension,Pneumonia,Aspirin,Gabapentin,N/A,N/A,,,81,38.9,99,133 mg/dL,0.55,4.8,Medicare,74517.85,5,0,Former,None,Discharged to SNF
90812,CHARLES,roberts,1969-10-30,52,F,429-35-6356,319-269-8633,charles.roberts68aol.com,5426 Main Ave,Los Angeles,MO,34453,2022-01-21,2022-02-07,17,Routine,ICU,Dr. Harris,Obesity,Hyperlipidemia,Pantoprazole,Metoprolol,,110.2,38.7,156/94,113,36.6,92,221,6.11,5.2,United Health,1101.25,4,0,N,N/A,AMA
27860,Jennifer,Taylor,1983-02-17,38,F,572-49-5443,409-418-2132,jennifer.taylor77@aol.com,2007 Elm Ave,Louisville,FL,727XX,2021-04-25,2021-05-18,23,Emergency,Orthopedics,Dr. Green,Hyperlipidemia,Obesity,Prednisone,Metoprolol,178.6,55.4,17.4,100/77,95,39.2,97,265,-999,7.2,Centene,39995.57,4,0,no,Occasional,Rehab Facility
75423,charles,Nguyen,1959-09-13,64,,419-77-4577,605-768-8591,charles.nguyen40@outlook.com,8133 Pine St,Milwaukee,AL,71813,2023-10-11,2023-10-16,5,Routine,Oncology,Dr. Hernandez,Anemia,,Hydrochlorothiazide,,159.5,55.0,21.6,119/98,55,-999,92,300,2.05,5.1,BLUECROSS BLUESHIELD,815.34,2,0,0,Occasional,Rehab Facility
49238,JOHN,Sanchez,1978-08-28,45,F,999-81-2500,315-733-6067,john.sanchez56@hotmail.com,2971 Oak St,San Jose,IL,22855,2024-05-23,2024-05-29,6,Elective,Pediatrics,Dr. Green,Rheumatoid Arthritis,Anemia,Pantoprazole,Aspirin,167.9,120.4 kg,42.7,119/66,82,37.1,93,336,6.59,6.5,Humana,47744.89,5,0,0,None,AMA
75083,Susan,White,,,F,283-65-9050,3333964284,susan.white78@aol.com,8029 Washington St,Louisville,MN,11702,2023-05-05,2023-05-21,16,Emergency,Pediatrics,Dr. Lopez,Osteoarthritis,Type 2 Diabetes,Amlodipine,,187.5,71.2,20.3,166/64,78,40.0,88,,5.39,11.2,Aetna,28749.39,1,1,yes,Heavy,Transferred
84801,Matthew,robinson,1960-02-10,63,F,277-17-6961,721-596-8189,matthew.robinson21@hotmail.com,1697 Elm Blvd,San Francisco,WI,57588,2023-12-13,2024-01-04,22,Transfer,General Medicine,Dr. Baker,Migraine,Atrial Fibrillation,Metoprolol,Aspirin,160.4,83.4,32.4,164/103,,39.0,95,162,3.74,6.0,Aetna,10270.86,3,0,1,Occasional,Home
72763,Anthony,Moore,1966-04-26,54,F,771-59-7308,833-465-5343,,3910 Pine Way,Baltimore,VA,55727,2020-05-20,2020-06-12,23,Transfer,Cardiology,Dr. Scott,Anemia,Anxiety Disorder,Lisinopril,Omeprazole,152.3,77.5,33.4,140/91,94,,100,205,6.02,8.7,Kaiser Permanente,20893.02,2,0,no,N/A,Rehab Facility
34705,,Williams,,,F,146-28-7678,569-728-4775,emily.williams69outlook.com,3375 Cedar Blvd,Charlotte,MD,92790,2022-04-05,2022-04-15,10,Elective,Orthopedics,Dr. Torres,Rheumatoid Arthritis,Appendicitis,Warfarin,,,63.8,27.9,125/65,99,39.2,99,N/A,6.79,6.8,BlueCross BlueShield,21425.58,3,0,,Heavy,AMA
70487,Margaret,,1957-08-11,63,F,802-33-7715,(232) 390-8656,margaret.garcia4@outlook.com,7090 Park St,Jacksonville,TN,79187,2020-08-24,2020-09-21,28,Emergency,Psychiatry,Dr. Davis,Coronary Artery Disease,,Pantoprazole,Amlodipine,190.0,83.0,23.0,124/105,117,39.4,88,,5.52,10.9,United Health,20708.63,1,1,Former,Occasional,Discharged to SNF
63013,Sandra,King,1978-05-03,42,M,986525665,906-894-1118,sandra.king38@hotmail.com,3027 Lake St,San Francisco,IL,91289,2020-12-30,2021-01-01,2,Emergency,General Medicine,Dr. Mitchell,Sepsis,,Amlodipine,Pantoprazole,180.6,70.6,21.6,124/92,51,38.1,100,249,3.97,7.9,UNKNOWN,68403.24,2,0,0,Moderate,AMA
91174,John,Rodriguez,1954-04-05,,F,220-55-5508,261-384-8584,john.rodriguez27@yahoo.com,9983 Elm Ave,Philadelphia,FL,13375,2020-04-26,2020-05-23,27,Emergency,ICU,Dr. King,Asthma,Anxiety Disorder,Metformin,,159.9,126.5,49.5,111/75,101,39.9,91,85,3.8,9.8,Aetna,56633.46,1,0,Former,None,Rehab Facility
53189,David,young,1949-06-01,72,f,***-**-9617,000-000-0000,david.young44@hotmail.com,879 Lake St,Dallas,NY,87561,2022-03-15,2022-04-12,28,Urgent,Pediatrics,Dr. Allen,UTI,Alzheimer's Disease,Amoxicillin,,158.5,88.8,35.3,125/68,62,36.7,93,256,5.35,10.2,Anthem,38819.28,2,0,0,Moderate,Home
53599,mark,Roberts,2003-11-10,15,F,971-46-5068,694-810-8699,mark.roberts79@gmail.com,4670 Elm Blvd,New York,TN,12231,2019-07-04,2019-07-26,22,Transfer,ICU,Dr. Nelson,Sepsis,Pneumonia,Sertraline,Warfarin,,83.4,24.5,153/77,73,39.5,89,134,2.13,,Aetna,37373.85,3,0,1,None,Transferred
58210,Patricia,brown,1949-04-05,74,F,671-94-4517,408-581-8924,patricia.brown90@outlook.com,9184 Hill Blvd,New York,IN,64363,2023-07-27,2023-08-26,30,Emergency,Emergency,Dr. Baker,Parkinson's Disease,,Prednisone,,166.4,92.2,33.3,135/82,93,37.5,94,165,7.69,7.8,BlueCross BlueShield,25317.91,4,0,1,,Transferred
PT-13203,Jennifer,MILLER,1973-05-10,50,F,102-95-4869,000-000-0000,jennifer.miller67@yahoo.com,8722 Hill Ave,Denver,TX,95836,2024-03-10,2024-03-17,7,Elective,Cardiology,Dr. Wright,Stroke,,Insulin Glargine,Warfarin,157.8,,23.6,94/99,80,39.8,94,194,4.25,4.4,Medicaid,21495.36,3,0,yes,Moderate,Rehab Facility
95354,Sarah,Flores,1982-07-23,40,M,438-65-7608,518-869-3362,SARAH.FLORES26@AOL.COM,6208 Hill Way,Philadelphia,CA,46588,2022-12-23,2023-01-19,27,Transfer,Neurology,Dr. Nelson,Hypertension,UTI,Hydrochlorothiazide,,173.7,101.4,,122/84,77,38.3,99,,2.37,11.3,Medicaid,35846.31,4,0,0,Occasional,Home
64221,Patricia,taylor,1986/09/22,34 yrs,F,494-81-1034,255-561-6526,patricia.taylor9@yahoo.com,7848 Washington Blvd,Las Vegas,CO,,2021-08-31,2021-09-16,16,Emergency,ICU,Dr. Thompson,Appendicitis,,Amoxicillin,,167.3,,40.4,176/109,N/A,38.7,100,260,,8.1,United Health,39952.39,3,0,yes,Moderate,Transferred
23275,THOMAS,Gonzalez,1968-08-30,49,M,309-80-2569,2016111664,THOMAS.GONZALEZ96@AOL.COM,8046 Main St,Las Vegas,TX,90688,2018-07-23,2018-08-10,18,Urgent,ICU,Dr. White,Osteoarthritis,,Amoxicillin,,181.9,87.6,26.5,,76,,97,94,6.35,5.2,Medicare,76565.25,2,0,,,Deceased
66112,Sandra,jackson,1952-07-21,N/A,female,189-32-7779,635-621-6757,sandra.jackson51@gmail.com,6582 Oak Dr,San Diego,GA,33007,2019-03-22,2019-04-04,13,Elective,Orthopedics,Dr. Sanchez,Osteoarthritis,Hypertension,Warfarin,Gabapentin,159.1,,33.2,147/75,69,37.0,97,N/A,3.83,6.2,Kaiser Permanente,29092.44,3,0,Unknown,Heavy,Home
88489,Brian,ANDERSON,1956-10-31,67,M,823-77-4722,,brian.anderson23@outlook.com,8657 Elm Rd,Charlotte,NC,99575,2024-06-10,2024-07-06,26,Emergency,Pediatrics,Dr. Wright,Migraine,Chronic Kidney Disease,Prednisone,,166.7,90.0,32.4,179/80,103,39.3,95,,1.91,11.7,,6315.63,5,0,0,None,Transferred
44543,James,mitchell,1998-01-09,,F,967-79-7129,589-741-2776,james.mitchell59@outlook.com,604 Elm Ln,Fort Worth,MA,893XX,2019-08-24,2019-08-28,4,Urgent,Neurology,Dr. Roberts,Chronic Kidney Disease,Alzheimer's Disease,Albuterol,Prednisone,155.0,60.6,25.2,,78,39.7,98,310,1.19,9.8,Aetna,83397.18,1,0,N,,Deceased
53784,Matthew,White,1941-12-04,81 yrs,m,950-90-7275,957-266-2987,matthew.white72@outlook.com,328 Oak St,Milwaukee,OK,77178,2023-07-31,2023-08-28,28,Transfer,General Medicine,Dr. Brown,Sepsis,Hyperlipidemia,Warfarin,Prednisone,N/A,118.9,42.3,172/80,73,38.3,N/A,280,0.7,5.2,Centene,24019.57,5,0,Yes,Occasional,Home
PT-62590,Joshua,White,1984-01-14,39,F,901-95-3862,560-245-1798,joshua.white64@hotmail.com,4353 Lake Dr,Indianapolis,AZ,23872,2023-01-16,2023-01-23,7,Routine,General Medicine,Dr. Lewis,Appendicitis,Osteoarthritis,Pantoprazole,,175.3,54.5,17.7,111/69,-999,,N/A,305,6.48,10.6,Medicare,61926.29,1,0,,Occasional,Transferred
85750,Kimberly,Torres,,-999,M,588574803,441-537-6431,kimberly.torres23@outlook.com,9802 Pine Way,Philadelphia,NY,32500,2018-12-31,2019-01-19,19,Transfer,Pediatrics,Dr. Mitchell,Pneumonia,Obesity,Aspirin,Amlodipine,160.8,48.2,18.6,121/108,10,37.6,90,333,6.48,10.5,United Health,34573.02,1,1,Y,None,Discharged to SNF
96529,William,  Nelson  ,1947-01-28,76,F,151-89-5451,7272354081,william.nelson49@aol.com,5773 Washington Ave,El Paso,MA,589XX,2023-02-22,2023-03-04,10,Transfer,Emergency,Dr. Johnson,Sepsis,,Losartan,Warfarin,-999,62.5,19.5,179/64,92,36.1,97,142 mg/dL,7.25,,Medicare,83012.61,4,0,N,,Transferred
19306,Barbara,Carter,1994-11-03,30,M,758-21-7750,493-903-3643,barbara.carter50yahoo.com,5298 Pine Dr,Jacksonville,OR,49569,2024-12-24,2025-01-14,21,Elective,Orthopedics,Dr. Torres,COPD,,Metoprolol,Albuterol,193.7,72.3,19.3,154/100,,38.0,91,223,3.94,7.6,Medicaid,53142.11,2,0,no,None,Rehab Facility
20091,robert,TAYLOR,1949-09-20,72,M,,4763244141,robert.taylor28@yahoo.com,203 Maple Ln,Fort Worth,WA,,2022-05-22,2022-05-29,7,Emergency,Emergency,Dr. Campbell,Anxiety Disorder,Sepsis,Atorvastatin,,150.0,59.5,26.4 ,103/91,58,36.2,97,242,3.77,10.0,Anthem,10350.4,3,0,1,,Rehab Facility
57424,david,Clark,1957-01-02,67,F,615-75-9529,6006126963,david.clark80hotmail.com,8888 Maple Dr,Portland,TX,81271,2024-07-05,2024-07-09,4,Routine,Pediatrics,Dr. Hall,COPD,Sepsis,Amlodipine,,190.8,115.5,31.7,93/66,55,38.5,96 %,224,5.76,7.9,Kaiser Permanente,80726.31,3,0,Unknown,,Transferred
11621,Betty,Walker,2005-12-02,,M,130-49-3205,833-949-4242,betty.walker84@aol.com,6990 Washington Dr,El Paso,TN,80157,2020-10-28,2020-11-10,13,Elective,Cardiology,Dr. Johnson,Depression,,Pantoprazole,Aspirin,195.0,58.4,15.4,130/75,82,38.1,95,90,6.6,8.3,Aetna,3856.1,3,0,yes,Occasional,Transferred
87674,brian,  Lopez  ,1978-12-21,41,M,766-64-9453,221-689-1650,brian.lopez36@yahoo.com,5772 Park Way,Dallas,CT,952XX,2020-08-16,2020-09-04,19,Transfer,Oncology,Dr. Baker,Appendicitis,,Clopidogrel,Furosemide,154.7,,38.4,155/96,98,39.9,98,155,6.33,8.1,Aetna,69842.28,4,0,No,N/A,Deceased
69777,James,Lee,1951-03-28,,Female,293-14-6364,827-268-6751,JAMES.LEE38@GMAIL.COM,5807 Oak Rd,San Diego,AZ,86262,2018-10-17,2018-10-25,8,Routine,ICU,Dr. Carter,Epilepsy,Chronic Kidney Disease,Metformin,Aspirin,-999,66.9,19.5,135/77,70,38.3,93,121,1.97,11.6,Aetna,57328.31,2,0,Y,N/A,Discharged to SNF
38374,Emily,  Flores  ,1947-03-12,75,M,875734562,2722896010,emily.flores78yahoo.com,265 Lake Ln,Albuquerque,FL,412XX,2022-12-13,2022-12-16,3,Emergency,Orthopedics,Dr. Wright,Rheumatoid Arthritis,,Albuterol,,188.7 cm,,28.8,130/68,65,-999,99,232,7.61,7.8,Centene,75588.4,3,0,No,,Home
94086,James,Wilson,1965-04-04,,M,121-47-7473,201-267-1196,james.wilson81@hotmail.com,3841 Elm Blvd,Phoenix,OH,24486,2024-05-15,2024-06-04,20,Elective,Emergency,Dr. Ramirez,Anxiety Disorder,Anemia,Prednisone,,162.6,99.8,37.7,122/73,89,36.4,94,254,1.0,4.4,United Health,58351.45,0,0,1,Occasional,Deceased
26881,Kenneth,Hernandez,1991-06-22,29,M,216781501,710-792-7598,kenneth.hernandez40@gmail.com,1753 Elm Dr,El Paso,CO,42502,2020-07-03,2020-07-23,20,Emergency,Pediatrics,Dr. Martin,Anxiety Disorder,Sepsis,Losartan,Amlodipine,171.4,,16.4,165/76,114,,89,303,6.71,6.0,Cigna,56411.53,4,0,,Occasional,Transferred
55398,Timothy,Williams,1959-08-26,61,F,238-23-1512,(958) 239-8463,timothy.williams18@gmail.com,5085 Park Way,Memphis,CA,46337,2021-08-02,2021-08-11,9,Emergency,Neurology,Dr. Johnson,Asthma,COPD,Sertraline,,191.3,,28.7,148/89,114,N/A,,N/A,5.33,12.1,Kaiser Permanente,57002.32,5,0,no,,Transferred
30582,  Mary  ,  Robinson  ,1999-03-06,22,M,917-39-9411,3036758246,mary.robinson80@aol.com,9395 Maple Blvd,Nashville,UT,75563,2021-04-18,2021-04-26,8,Elective,Neurology,Dr. Allen,Rheumatoid Arthritis,COPD,Sertraline,,187.8,N/A,28.6,,82,39.2,88,179,5.29,4.5 %,Aetna,9396.34,2,1,N,Moderate,Home
PT-99473,Christopher,Garcia,2001-10-18,19,M,***-**-4340,254-233-6906,christopher.garcia17yahoo.com,4339 Maple Rd,Austin,MN,19881,2021-09-16,2021-09-23,7,Routine,Neurology,Dr. Clark,Hypothyroidism,Anemia,Albuterol,Furosemide,153.3,73.6,31.3,98/67,53,36.1,88 %,320,1.27,10.6,HUMANA,57095.96,1,1,No,N/A,Home
23954,RICHARD,Rodriguez,1998-12-07,,f,607-50-1746,709-933-9330,RICHARD.RODRIGUEZ12@AOL.COM,7391 Cedar Blvd,Albuquerque,CT,99931,2021-06-27,2021-06-29,2,Urgent,ICU,Dr. Taylor,Obesity,Depression,Omeprazole,,166.7,64.5,23.2,97/104,92,36.7,96,85,3.02,12.3,Medicare,41791.51,1,0,,Occasional,Deceased
95404,Thomas,Johnson,1992-04-14,26,F,358-69-1509,(650) 777-3348,thomas.johnson51@yahoo.com,1707 Park Blvd,Albuquerque,MN,57260,2019-02-17,2019-02-22,5,Transfer,Orthopedics,Dr. Baker,Atrial Fibrillation,,Hydrochlorothiazide,Losartan,166.2,113.8,41.2,115/98,61,36.2,97,183,1.56,9.7,BlueCross BlueShield,55347.67,1,0,Unknown,,Transferred
69823,Amanda,Jackson,2005-01-20,15,M,518-44-1498,984-882-5534,amanda.jackson6@hotmail.com,6007 Oak St,Boston,NJ,61044-0000,2020-03-01,2020-03-25,24,Elective,Psychiatry,Dr. Hernandez,COPD,Hyperlipidemia,Clopidogrel,,154.8,64.4,26.9,177/77,70,39.9,94,136,4.07,4.9,Kaiser Permanente,1053.45,0,0,Yes,Heavy,Deceased
69874,Melissa,Nguyen,1986-08-27,N/A,Unknown,494-82-7269,N/A,melissa.nguyen9@hotmail.com,1826 Main Blvd,Dallas,TN,56723,2020-06-03,2020-06-23,20,Urgent,General Medicine,Dr. Flores,COPD,,Prednisone,Atorvastatin,193.1,55.2,,152/88,58 bpm,39.6,98,198,7.65,10.3,Cigna,3062.14,4,0,yes,Occasional,Home
00078876,Mary,Scott,1994/07/02,24,F,930-89-9455,938-675-6747,mary.scott15@outlook.com,485 Cedar Ave,Louisville,MA,57287,2018-08-29,2018-09-14,16,Urgent,Oncology,Dr. Campbell,Atrial Fibrillation,,Pantoprazole,Lisinopril,157.0,109.0,44.2,,91,39.1,90,,2.07,11.3,UNKNOWN,24414.3,3,0,no,None,Home
42519,Lisa,,1951/06/24,71,MALE,598-59-5272,(878) 398-5847,lisa.miller78@yahoo.com,1747 Washington Way,Austin,CT,85234,2022-12-30,2023-01-05,6,Routine,Surgery,Dr. Mitchell,Epilepsy,Rheumatoid Arthritis,Insulin Glargine,,181.0,48.3,14.7,118/101,91,38.7,99,,7.3,5.3,Anthem,76077.37,0,0,Y,,Deceased
24354,  Thomas  ,Thomas,NULL,30,F,703271822,992-996-4613,thomas.thomas86@yahoo.com,8132 Oak Ave,Jacksonville,OH,715XX,2023-11-07,2023-11-12,5,Transfer,Emergency,Dr. Nguyen,Osteoarthritis,Coronary Artery Disease,Metoprolol,Omeprazole,162.2,45.2,6.9,115/84,115,,100,,7.89,12.1,BlueCross BlueShield,47191.88,1,0,No,Moderate,Deceased
42229,George,Wright,1951-03-20,73,,***-**-8293,232-252-5551,george.wright94@aol.com,7999 Pine Blvd,Milwaukee,AL,20399,2024-08-06,2024-08-23,17,Urgent,General Medicine,Dr. Martin,Atrial Fibrillation,Anemia,Atorvastatin,Hydrochlorothiazide,180.6,129.8,39.8,146/61,,N/A,92,263,1.24,6.5,Medicare,37398.02,1,1,Yes,N/A,AMA
99921,Emily,Hernandez,1958-05-21,62,M,899-54-7879,000-000-0000,emily.hernandez47@hotmail.com,6224 Washington St,Indianapolis,AL,244XX,2020-06-15,2020-07-04,19,Urgent,ICU,Dr. Young,Depression,Pneumonia,Prednisone,Prednisone,185.3,,13.5,105/73,67,-999,99,209,7.61,6.3,Medicaid,58435.08,0,0,Unknown,Heavy,AMA
18129,ashley,martinez,1987-06-24,32,female,760-77-8074,902-482-1568,ashley.martinez8@outlook.com,6798 Washington Ave,Austin,IL,72777,2019-07-05,2019-07-24,19,Elective,Orthopedics,Dr. Thomas,UTI,,Metoprolol,Atorvastatin,183.3,57.0,5.2,179/95,N/A,,97,344,4.01,10.1,BlueCross BlueShield,16891.36,2,0,Yes,None,Deceased
78587,Sandra,Rivera,1991-04-22,32,M,547-95-5101,N/A,sandra.rivera19@hotmail.com,753 Oak Ln,Albuquerque,WA,99458,2024-02-16,2024-02-23,7,Elective,Orthopedics,Dr. Sanchez,Sepsis,Chronic Kidney Disease,Warfarin,,164.8,127.4,N/A,169/87,-999,36.8,96,251,,10.7,Humana,54057.84,3,1,Unknown,,Deceased
91284,  Kevin  ,Robinson,1951-05-31,66,M,840-44-7833,905-387-3465,kevin.robinson5@gmail.com,6686 Cedar Rd,Charlotte,NJ,61208,2018-02-06,2018-02-13,7,Urgent,Surgery,Dr. Garcia,Hyperlipidemia,Migraine,Furosemide,,,110.9,45.7,171/64,85,,94,,6.7,11.3,Cigna,62336.53,1,0,no,None,Discharged to SNF
42342,Mary,Rodriguez,1997-05-21,26,F,232-72-8777,844-858-4614,mary.rodriguez63@outlook.com,7223 Washington St,San Jose,NJ,56477,2024-05-03,2024-05-23,20,Urgent,Neurology,Dr. Lopez,Anemia,,Furosemide,,163.6,112.0,41.8,169/60,62,N/A,98,238,5.77,6.2,KAISER PERMANENTE,26693.7,1,0,N,Heavy,AMA
30656,,,1994-12-30,26,F,713-41-6941,522-673-2434,charles.lewis37@yahoo.com,1468 Washington Rd,Las Vegas,KY,21046,2021-09-15,2021-10-02,17,Urgent,ICU,Dr. Taylor,COPD,Type 2 Diabetes,Hydrochlorothiazide,Levothyroxine,181.7,115.7,,,55,39.7 C,99,126,1.61,8.0,UNKNOWN,825.77,4,0,yes,Heavy,Discharged to SNF
76664,Michael,Brown,1980-01-06,-999,M,390-61-7056,764-623-2975,michael.brown62@yahoo.com,7578 Main Ave,Austin,MN,82448,2024-02-12,2024-02-23,11,Routine,Pediatrics,Dr. Roberts,Depression,,Warfarin,Albuterol,183.8,N/A,6.8,97/102,67,38.9,94,313,7.49,12.0,Medicaid,30388.25,1,0,No,Moderate,Deceased
63336,Betty,mitchell,1968-03-28,51,F,,696-606-7770,betty.mitchell6hotmail.com,7040 Pine Ave,Philadelphia,MI,19186,2019-09-21,2019-09-27,6,Elective,Cardiology,Dr. Flores,Type 2 Diabetes,,Aspirin,,178.7,52.5,16.4,113/68,-999,37.9,97,258,6.79,5.8,Medicare,13619.09,0,0,yes,Moderate,Home
89096,Sandra,Baker,1959-01-21,62,M,796-82-6067,415-730-7692,sandra.baker65@yahoo.com,269 Lake Blvd,Fort Worth,AL,99427,2021-04-19,2021-05-14,25,Elective,Oncology,Dr. Lee,Anxiety Disorder,Anxiety Disorder,Warfarin,,194.0,,23.4,141/87,98,38.8,91,290,7.47,11.4,Medicaid,32637.27,3,0,1,N/A,Discharged to SNF
23809,Matthew,Allen,1993-10-13,28,F,360-12-5027,896-977-6901,matthew.allen11@aol.com,5309 Washington Way,Portland,WI,65999,2022-05-02,2022-05-05,3,Emergency,Psychiatry,Dr. Mitchell,Asthma,,Sertraline,,186.6,77.8,22.3,156-104,110,38.5 C,90,,7.79,N/A,Aetna,46507.15,1,0,yes,Moderate,AMA
33642,Richard,Thomas,1948-12-01,73,F,595-33-1572,315-387-6696,richard.thomas78@gmail.com,7480 Park Rd,Boston,FL,42097,2022-01-30,2022-02-04,5,Emergency,ICU,Dr. Perez,Anxiety Disorder,UTI,Metformin,,,102.7,31.4,90/97,N/A,36.2,91,132,4.62,12.2,,54483.18,0,0,yes,Occasional,AMA
28432,  Kevin  ,Campbell,1962-10-31,,M,991373915,471-914-2246,KEVIN.CAMPBELL70@YAHOO.COM,5740 Maple Rd,Las Vegas,MN,28197,2018-08-07,2018-08-09,2,Transfer,Pediatrics,Dr. Hernandez,Anemia,Osteoarthritis,Omeprazole,Lisinopril,174.5,106.8,35.1,162/101,76,37.5,,76,0.69,11.8,Cigna,9938.92,0,0,0,N/A,Transferred
00032188,Jennifer,WALKER,1955-05-09,63,F,427-10-9644,4657136241,jennifer.walker21@aol.com,8019 Park St,Tucson,AZ,48169,2018-06-17,2018-07-07,20,Elective,General Medicine,Dr. Sanchez,Hyperlipidemia,Stroke,Gabapentin,,188.6,69.0,19.4,136/110,-999,36.3,,245,0.71,6.9,BLUECROSS BLUESHIELD,62509.19,4,0,no,N/A,Home
24147,Matthew,WRIGHT,1962-12-07,55,M,784-60-5448,753-560-8207,matthew.wright73@outlook.com,3199 Oak Ave,Columbus,MO,76874,2018-04-24,2018-05-08,14,Transfer,Surgery,Dr. Davis,Obesity,Anemia,Amoxicillin,,177.8,48.4,5.9,141/80,110,39.3,,109,5.89,8.1,Anthem,58360.53,5,0,,None,Rehab Facility
50163,Kevin,Wilson,1981-11-13,36,M,702-92-3991,744-474-9587,kevin.wilson73@aol.com,5911 Lake Dr,Dallas,KY,72167,2018-06-14,2018-06-19,5,Elective,Pediatrics,Dr. Johnson,COPD,COPD,Amoxicillin,Losartan,194.3,126.4,33.5,154/70,67,36.8,90,100,5.13,7.2,Medicare,75852.8,1,0,,Occasional,Rehab Facility
96705,,Thomas,1982-06-18,38,F,300-42-6625,381-625-4469,joseph.thomas52yahoo.com,2982 Cedar Ave,Charlotte,MO,79229,2020-10-16,2020-10-27,11,Elective,Neurology,Dr. Miller,Osteoarthritis,Depression,Gabapentin,,192.3,98.6 kg,26.7,103/86,81,N/A,92,138 mg/dL,N/A,7.6,Humana,17686.1,2,0,1,Moderate,Home
74371,Steven,Lewis,1974-10-03,46,M,162-69-6178,322-467-7038,steven.lewis84@gmail.com,4555 Park Ln,Milwaukee,GA,79341,2021-03-26,2021-04-01,6,Emergency,Surgery,Dr. Garcia,COPD,Hyperlipidemia,Lisinopril,,182.8,72.5,21.7,169/99,113,,100,130,3.2,11.7,United Health,22476.37,3,1,Former,Moderate,Home
87979,Barbara,Jones,1967-10-08,57,F,102-27-4129,283-625-1722,barbara.jones1@hotmail.com,7875 Maple Ln,Tucson,PA,16907,2024-10-22,2024-10-26,4,Transfer,Pediatrics,Dr. Martinez,Sepsis,Stroke,Albuterol,Amlodipine,181.5,48.1,14.6,144/64,84,37.4,,122,1.31,5.5 %,Anthem,33548.85,1,0,Y,None,Deceased
79895,Christopher,Mitchell,1991-12-05,30,F,775-86-9759,413-599-8267,christopher.mitchell56@gmail.com,1634 Main Blvd,Las Vegas,MI,714XX,2022-02-17,2022-02-23,6,Elective,Cardiology,Dr. Thomas,UTI,,Gabapentin,Pantoprazole,164.6,85.0,31.4,152/104,114,,93,230,4.24,N/A,BLUECROSS BLUESHIELD,65723.92,0,0,Y,Heavy,Deceased
48137,MARY,Rodriguez,1967-11-19,53,F,564-85-6420,238-657-7837,mary.rodriguez88@hotmail.com,3662 Park Way,Albuquerque,MA,52302,2021-03-16,2021-04-15,30,Transfer,ICU,Dr. Robinson,Obesity,Alzheimer's Disease,Furosemide,Omeprazole,163.2,87.6,32.9,167/100,101,37.3,100,211,5.31,8.2,United Health,14910.0,2,0,,N/A,Transferred
90813,Patricia,Scott,1986-05-20,35,F,306-96-8898,584-922-5057,patricia.scott43@yahoo.com,1153 Pine Ave,Charlotte,MI,90612,2021-10-22,2021-10-21,-1,Elective,Pediatrics,Dr. Clark,Alzheimer's Disease,COPD,Metformin,,165.4,105.7,38.6,126/69,90,37.3,99,348,3.06,,Kaiser Permanente,12392.3,0,1,No,None,Discharged to SNF
98784,Jessica,clark,1965-03-29,53,F,525-72-7769,7106688598,jessica.clark59@yahoo.com,7474 Washington Blvd,Memphis,NJ,64530,2018-12-22,2019-01-08,17,Urgent,Emergency,Dr. Roberts,Osteoarthritis,Anxiety Disorder,Amoxicillin,Losartan,158.1,46.4,18.6,115/65,120,38.9,98,104,0.74,6.2,Aetna,52330.66,2,1,No,None,Discharged to SNF
13734,James,harris,1978-10-09,40,F,361-94-3225,664-913-8431,james.harris32gmail.com,880 Washington Ln,Austin,MD,32841,2019-07-22,2019-08-17,26,Urgent,Psychiatry,Dr. Wilson,Anxiety Disorder,COPD,Furosemide,,154.8,98.7,41.2,128/79,111,N/A,94,216,4.72,6.2,Cigna,63074.53,0,0,1,Heavy,Deceased
46214,Christopher,Martinez,1966-04-21,55,M,170-74-8699,9806996679,,4936 Washington Dr,Boston,CT,26375,2021-05-07,2021-05-21,14,Emergency,Pediatrics,Dr. Nelson,Type 2 Diabetes,Sepsis,Albuterol,,150.3,66.9,29.6,111/79,-999,38.2,N/A,200,4.2,4.1,UNKNOWN,63275.37,1,0,No,Heavy,Home
55260,  Dorothy  ,Carter,1999-10-22,20,F,432-56-7813,8936262326,DOROTHY.CARTER54@OUTLOOK.COM,4941 Main Ln,Albuquerque,MD,83358,2020-04-04,2020-05-02,28,Emergency,ICU,Dr. Davis,Hyperlipidemia,Alzheimer's Disease,Albuterol,,190.5,73.8,N/A,N/A,100,38.0,93,253,6.07,5.0,Kaiser Permanente,48552.98,3,0,No,Occasional,Rehab Facility
60834,Anthony,Mitchell,1991-03-26,32,Male,,4563364851,NA,6642 Hill Rd,Austin,TN,27582,2023-09-10,2023-10-01,21,Routine,General Medicine,Dr. Baker,Parkinson's Disease,,Aspirin,,169.1,64.1,22.4,153/100,76,39.5,90,162,6.21,,Aetna,48721.45,0,1,Unknown,None,Discharged to SNF
11100,Karen,  Roberts  ,1954-04-18,69,M,,7532038033,,6768 Maple Rd,Boston,IN,53190,2023-04-05,2023-04-03,-2,Transfer,Orthopedics,Dr. Green,Asthma,Atrial Fibrillation,Atorvastatin,Amlodipine,163.7,104.1,38.8,,79,39.4,89,129,4.68,10.2,Anthem,64898.17,0,0,N,Heavy,Home
14045,Kevin,Gonzalez,1996-10-13,23,M,565-81-2009,667-268-3061,kevin.gonzalez90@outlook.com,4786 Lake Ln,Austin,IL,53222,2020-03-21,2020-04-12,22,Emergency,Neurology,Dr. Moore,Asthma,COPD,Amoxicillin,Albuterol,183.3,55.7,16.6,178/81,62,37.4,100,197,0.91,7.6,United Health,77337.79,4,1,,Heavy,Transferred
13106,Richard,nelson,1990-05-30,30,F,854-14-2481,914-576-6679,richard.nelson93outlook.com,2321 Cedar Ln,San Diego,IN,68143,2020-12-15,2021-01-03,19,Urgent,Oncology,Dr. Green,Epilepsy,Alzheimer's Disease,Furosemide,Prednisone,-999,85.8,,142/85,80,38.1,94,245,N/A,,BLUECROSS BLUESHIELD,78551.17,1,0,1,None,Home
85738,Richard,  Adams  ,1959-09-21,63,F,433-72-5702,398-803-7685,richard.adams63outlook.com,6408 Park Ave,San Jose,NJ,14452,2022-12-20,2022-12-26,6,Urgent,Surgery,Dr. Adams,Sepsis,,Hydrochlorothiazide,,184.8,N/A,25.7,138/83,50,36.4,-999,71,3.11,9.9,CENTENE,80460.09,4,0,0,Heavy,AMA
14281,Christopher,Hill,1948-02-17,73,F,,945-708-5637,CHRISTOPHER.HILL32@OUTLOOK.COM,9401 Main Ln,Baltimore,GA,85032,2021-04-18,2021-05-01,13,Elective,Neurology,Dr. Gonzalez,Sepsis,,Losartan,,150.6,,20.8,175/63,54,,93,201,3.44,12.3,Centene,32437.88,4,0,Yes,Moderate,Discharged to SNF
68783,  Jessica  ,scott,2005/05/16,-999,F,117-92-4480,777-826-8706,JESSICA.SCOTT71@YAHOO.COM,4755 Cedar St,Austin,MA,79960,2020-07-23,2020-08-17,25,Routine,Cardiology,Dr. Lopez,Stroke,,Losartan,,194.4,,20.7,170/84,117,37.3,89,173,,-999,Cigna,54042.5,1,1,N,Heavy,Rehab Facility
97148,Mark,Lee,1960-06-04,58,F,758-31-5362,(977) 811-8735,mark.lee85@yahoo.com,7625 Oak Ave,Jacksonville,NJ,59545-0000,2018-08-30,2018-09-29,30,Elective,Emergency,Dr. Carter,Rheumatoid Arthritis,,Warfarin,,166.1,98.1,35.6,120/103,76,37.5,95,N/A,4.12,9.4,Aetna,59175.45,2,0,Former,Moderate,AMA
66725,CHARLES,Mitchell,1970-11-21,47,F,161-32-8944,527-721-8017,charles.mitchell7@yahoo.com,5638 Washington Ave,Las Vegas,MI,91999,2018-11-02,2018-11-13,11,Elective,Emergency,Dr. Lewis,Epilepsy,,Losartan,Prednisone,,76.3,33.2,158/60,119,38.9,89,184,2.44,6.9,Humana,53199.94,1,0,Yes,Moderate,Transferred
61076,Melissa,,1996-09-10,25,F,523-77-2572,784-393-3012,melissa.taylor79@yahoo.com,4597 Oak Way,Nashville,AL,,2022-03-28,2022-04-16,19,Transfer,Neurology,Dr. Allen,Epilepsy,Epilepsy,Albuterol,,186.2,,36.3,90/170,,37.1,96 %,297 mg/dL,6.14,10.3,Medicaid,16168.82,5,0,Y,Moderate,Transferred
85334,STEVEN,Nguyen,1974-02-12,47,F,315-48-8180,,NA,2786 Elm Ln,Nashville,CA,37643,2022-01-15,2022-01-30,15,Elective,Cardiology,Dr. Scott,Anemia,,Amoxicillin,Sertraline,154.2,,24.2,136/63,72,37.6,96,230,3.39,12.6,Cigna,33702.72,3,0,no,Heavy,Discharged to SNF
95458,brian,Miller,1960-07-09,58,F,974-58-3494,(366) 788-6767,brian.miller10@gmail.com,5116 Lake Dr,Seattle,CA,930XX,2019-01-25,2019-01-27,2,Emergency,Pediatrics,Dr. Flores,Asthma,,Warfarin,Lisinopril,,81.7,24.0,108/93,90,37.2,88,343,-999,,BlueCross BlueShield,25528.41,0,0,Unknown,Moderate,AMA
33291,melissa,Taylor,,37,M,960648106,655-296-5138,NA,3264 Oak Dr,Dallas,UT,40668,2024-06-01,2024-06-08,7,Transfer,Oncology,Dr. Jackson,Parkinson's Disease,,Insulin Glargine,Levothyroxine,186.0,99.6,-999,111/99,53,38.6,-999,247,5.29,10.7,Aetna,14924.54,2,0,,Occasional,Rehab Facility
15962,Joshua,  Jones  ,06/14/1960,59,M,345-81-4774,717-488-5844,joshua.jones7yahoo.com,5813 Pine Ave,Columbus,CO,73154,2019-07-11,2019-07-20,9,Transfer,Pediatrics,Dr. Miller,Sepsis,Obesity,Omeprazole,Pantoprazole,163.3,49.6,18.6,178-108,55,36.7,N/A,-999,6.61,11.1,,16646.03,2,1,no,,AMA
90516,Robert,walker,1991-05-09,-999,M,872-36-8845,500-999-5556,robert.walker77outlook.com,7250 Maple Ave,Los Angeles,WA,63065,2020-08-06,2020-08-25,19,Emergency,ICU,Dr. King,Rheumatoid Arthritis,Type 2 Diabetes,Sertraline,Aspirin,161.3,105.7,7.1,N/A,114,39.7,96,272,-999,12.4,United Health,1064.46,2,0,,Occasional,Discharged to SNF
47967,Emily,  Jones  ,1948-11-06,73,F,314-89-6863,446-813-7007,emily.jones18@outlook.com,8804 Elm Ave,El Paso,IN,15474,2022-10-17,2022-10-24,7,Transfer,Pediatrics,Dr. Robinson,COPD,Pneumonia,Insulin Glargine,Sertraline,161.8,100.0,38.2,133/75,84,39.3,96,187,6.17,6.0,AETNA,7605.37,5,0,Y,Moderate,AMA
14105,Betty,Wright,10/13/1970,-999,M,265-23-9238,(876) 718-8476,betty.wright85@outlook.com,6953 Hill Ln,Las Vegas,MN,18959,2023-04-10,2023-04-17,7,Urgent,Emergency,Dr. Lewis,Chronic Kidney Disease,Stroke,Insulin Glargine,,-999,108.4,36.1,104/105,90,38.6,91,86,4.05,10.4,Humana,64990.19,3,0,0,N/A,Deceased
98312,Brian,Thompson,,26,F,,969-837-5185,brian.thompson33@aol.com,5005 Main St,Las Vegas,NC,22514,2023-12-11,2023-12-21,10,Emergency,ICU,Dr. Martin,Type 2 Diabetes,Obesity,Lisinopril,Furosemide,158.7,105.6 kg,41.9,125/73,103,38.1,93,276,7.78,4.2,United Health,20648.32,3,0,Yes,Heavy,Home
94158,  Christopher  ,MOORE,1976-11-16,45,F,***-**-3340,563-863-1903,christopher.moore56outlook.com,5306 Cedar Rd,Denver,FL,,2022-07-29,2022-08-19,21,Urgent,Cardiology,Dr. Williams,Rheumatoid Arthritis,,Amlodipine,,166.5 cm,121.6,43.9,161/104,81,37.9,89,100,,6.9,Humana,5677.11,1,0,no,None,AMA
33389,,Scott,1994-07-02,23,Male,,694-329-6496,steven.scott54gmail.com,7658 Lake Ave,Louisville,WA,47061,2018-04-07,2018-04-30,23,Urgent,Oncology,Dr. Sanchez,Appendicitis,,Losartan,,182.4,84.3,25.3,111/88,94,39.8,94,188 mg/dL,4.81 ,6.9,,27563.02,0,0,No,Occasional,Home
63985,Robert,Robinson,2002-11-30,16,M,769-81-7305,503-565-6443,robert.robinson48@yahoo.com,1953 Main Dr,Jacksonville,FL,63577,2019-11-14,2019-12-01,17,Routine,Pediatrics,Dr. Garcia,Hypertension,Osteoarthritis,Furosemide,Metformin,190.0,65.4 kg,18.1,94/81,,37.5,100,297,,N/A,Centene,-3047.46,2,0,Former,Occasional,Transferred
86988,Emily,Taylor,1946/10/11,77,F,302-44-7830,000-000-0000,emily.taylor36@outlook.com,7071 Elm Ave,Philadelphia,NJ,20085,2024-07-24,2024-07-31,7,Emergency,Psychiatry,Dr. Campbell,Heart Failure,Heart Failure,Gabapentin,Insulin Glargine,187.6,59.7,17.0,124/108,92,36.1,89,322,3.67,5.4,Aetna,-3678.12,0,1,1,None,Discharged to SNF
00067898,James,perez,1986-03-15,37,M,827-38-6591,856-730-8079,JAMES.PEREZ76@AOL.COM,1732 Cedar St,San Antonio,CO,14985,2024-01-29,2024-02-24,26,Urgent,General Medicine,Dr. Ramirez,Chronic Kidney Disease,Hypothyroidism,Prednisone,,162.0,61.4,23.4,93/81,120,36.4,99,94,3.04,12.8,Aetna,14084.5,0,0,no,Occasional,AMA
41813,DANIEL,young,10/27/1978,43,M,683-96-7489,497-864-2645,daniel.young51@hotmail.com,6318 Maple Rd,Seattle,NY,56099,2022-02-22,2022-03-08,14,Urgent,Surgery,Dr. Young,Epilepsy,Anxiety Disorder,Losartan,Omeprazole,167.6,86.7,30.9,,52,38.3,93,99,2.77,12.3,BlueCross BlueShield,40364.03,1,0,N,Moderate,Rehab Facility
93032,Andrew,Wright,1997/05/01,26,M,341-20-3851,000-000-0000,,9951 Elm Blvd,Oklahoma City,OH,79785,2023-04-25,2023-05-12,17,Emergency,Cardiology,Dr. Clark,Appendicitis,Pneumonia,Lisinopril,,150.7,N/A,42.7,168/72,103,39.8,,153,1.54,7.7,,7930.13,1,1,Former,,Rehab Facility
79283,Margaret,ramirez,1982-01-17,42,F,579813841,603-218-2391,margaret.ramirez83@aol.com,7794 Hill Way,Portland,TN,68584,2024-06-05,2024-06-26,21,Elective,Oncology,Dr. White,Osteoarthritis,Atrial Fibrillation,Sertraline,,161.6,86.0,N/A,96/105,60,36.2,,187,4.32,6.2,Centene,19595.04,2,0,1,Heavy,Transferred
80022,Kevin,Jackson,1955-10-27,62,F,818-41-3910,738-548-4954,kevin.jackson17@gmail.com,5088 Washington St,Jacksonville,UT,29688,2018-03-06,2018-03-31,25,Transfer,Surgery,Dr. Ramirez,Hypothyroidism,Epilepsy,Aspirin,Sertraline,-999,103.8,N/A,161/75,114,37.2 C,100,313,0.92,N/A,Medicare,44891.16,3,0,yes,N/A,Deceased
38018,Kimberly,Harris,2000-07-12,19,male,760-25-1380,230-299-5186,kimberly.harris23@aol.com,9768 Main Dr,Charlotte,MN,63451,2020-03-16,2020-04-02,17,Emergency,ICU,Dr. Lewis,COPD,Anxiety Disorder,Aspirin,,193.2,125.2,33.5,176/89,111,38.5,100,139,0.65,9.0,Humana,73764.95,2,0,No,N/A,Deceased
91154,Sandra,Martinez,1970-12-24,48,F,839-26-7357,987-542-9716,sandra.martinez62@hotmail.com,1141 Main Blvd,Boston,OH,16303,2019-04-16,2019-05-01,15,Elective,Cardiology,Dr. Clark,Epilepsy,Anemia,Amoxicillin,,179.4,118.5,36.8,120/80,105,38.7,98,317 mg/dL,4.23,5.9,Medicare,6838.53,0,0,No,N/A,Deceased
96040,  Matthew  ,Torres,1959/07/24,60,F,805-38-5874,672-595-5391,matthew.torres93@outlook.com,6208 Oak Blvd,San Antonio,TX,98923,2019-09-22,2019-10-04,12,Routine,ICU,Dr. Hall,Sepsis,Sepsis,Losartan,Albuterol,,72.7,20.2,N/A,51,38.2,,98,5.46,,Medicaid,15376.62,0,1,no,Moderate,Transferred
94931,NANCY,carter,1949-09-12,69,M,694-79-7431,(651) 671-8681,nancy.carter90@gmail.com,8468 Hill Ln,Austin,VA,53861,2019-01-06,2019-01-13,7,Urgent,Surgery,Dr. Lopez,Epilepsy,Coronary Artery Disease,Atorvastatin,Prednisone,181.0,85.5,26.1 ,175/100,103,36.6,98,153,6.24,9.4,Centene,65191.39,4,0,1,None,Transferred
18834,Anthony,Carter,1973-08-03,45,M,990-65-4194,205-882-3479,anthony.carter99@yahoo.com,2906 Hill Ave,Milwaukee,LA,81688,2018-09-16,2018-10-10,24,Urgent,ICU,Dr. Martin,Hyperlipidemia,Heart Failure,Pantoprazole,Clopidogrel,180.0,N/A,,166/70,97,36.5,96,,4.67,10.0,Aetna,32150.68,4,0,1,Occasional,Deceased
62837,James,LEE,1942/04/17,79,M,847-80-7992,585-398-7293,,3969 Cedar Ave,Jacksonville,LA,60942,2021-10-18,2021-11-05,18,Elective,ICU,Dr. Hernandez,Depression,Anemia,Gabapentin,Warfarin,,99.5,N/A,143/91,83,37.7,97,-999,3.85,11.3,Medicare,49269.78,1,0,0,None,Rehab Facility
94095,Anthony,Harris,1971-11-19,52,Female,761-77-9636,558-736-8379,anthony.harris39@aol.com,5675 Elm Dr,Boston,MN,88066,2024-08-03,2024-08-19,16,Transfer,Oncology,Dr. Perez,Chronic Kidney Disease,,Amoxicillin,Gabapentin,183.8,124.5,36.9,167-95,88,38.9,94,293,3.24,9.5,Medicaid,5951.95,2,1,1,Moderate,Transferred
38959,kimberly,Smith,1997-05-07,20,F,518-26-8689,305-337-4087,kimberly.smith79@yahoo.com,907 Washington Blvd,Tucson,CT,42369,2018-04-27,2018-05-27,30,Transfer,Psychiatry,Dr. Sanchez,Hyperlipidemia,,Losartan,Furosemide,183.3,82.2,24.5,160/83,91,36.3,91,211,2.77,5.7,Kaiser Permanente,79313.36,4,0,Former,,Home
94046,Kevin,Torres,1974-07-10,48,F,724-13-2338,217-652-4789,kevin.torres91@yahoo.com,2421 Park Ln,Fort Worth,WA,29341,2022-08-15,2022-08-16,1,Routine,Emergency,Dr. Wilson,COPD,Rheumatoid Arthritis,Albuterol,,164.7,73.5,7.6,97/103,85,38.6,95,141,5.0,5.4,Kaiser Permanente,36442.5,1,0,,,AMA
57784,Donna,  White  ,1982-10-24,36,M,348-80-8371,228-387-8921,donna.white67@hotmail.com,9122 Maple St,Nashville,MA,39411,2019-08-05,2019-08-19,14,Routine,Orthopedics,Dr. Torres,Depression,Alzheimer's Disease,Prednisone,,183.3,127.8,38.0 ,114/62,103,36.3,,343,1.3,7.5,Medicare,9239.41,0,0,Yes,,Rehab Facility
56625,Christopher,MITCHELL,1969-05-07,51,F,***-**-9660,658-354-4460,christopher.mitchell44@outlook.com,5895 Park Rd,Memphis,MI,76040,2021-04-05,2021-04-09,4,Routine,Pediatrics,Dr. Nguyen,Heart Failure,,Metformin,,179.7,75.1,5.1,132/104,118,38.9,,,0.69,8.9,Humana,7737.18,0,0,yes,None,Rehab Facility
93980,Donna,Baker,1942-01-27,80,M,330-93-7451,416-775-4564,donna.baker52@hotmail.com,2700 Pine Blvd,Milwaukee,IL,73863,2022-07-22,2022-08-19,28,Urgent,Oncology,Dr. Taylor,Anxiety Disorder,Alzheimer's Disease,Amlodipine,,167.3,96.6,34.5,120/81,,39.4,98,329,7.59,12.3,Cigna,30030.91,4,0,no,N/A,Rehab Facility
74987,Mark,brown,1940-12-01,83,F,488-87-2779,895-384-2571,mark.brown47@gmail.com,5334 Pine Dr,San Jose,WA,23257,2024-06-14,2024-06-27,13,Routine,Surgery,Dr. Lewis,Rheumatoid Arthritis,Osteoarthritis,Insulin Glargine,,172.4,,,104/85,118,36.4,N/A,187,6.93,N/A,Cigna,36133.96,1,0,N,Occasional,Deceased
75016,Deborah,Taylor,1955-06-23,,F,910-63-5682,945-577-5209,deborah.taylor12@aol.com,7585 Lake St,Dallas,OR,25008,2022-04-17,2022-05-14,27,Transfer,Emergency,Dr. Mitchell,Obesity,Coronary Artery Disease,Warfarin,,168.8,48.1,16.9,103/83,-999,37.4,98,326,6.05,N/A,Anthem,68773.84,4,0,Former,Moderate,AMA
66392,daniel,Jones,1962-12-14,56,M,380-92-9611,376-913-1216,daniel.jones57@yahoo.com,6411 Cedar Ave,Philadelphia,TX,71710,2019-05-19,2019-06-16,28,Routine,Oncology,Dr. Lewis,Depression,,Metoprolol,Losartan,165.8,-999,45.1,170/83,111,37.5,96,327,5.29,8.6,Aetna,62464.12,3,1,yes,Occasional,AMA
47949,,Hernandez,,64,F,295-19-7501,326-930-4381,,5596 Cedar Blvd,Los Angeles,WI,69006,2022-09-05,2022-09-21,16,Emergency,Cardiology,Dr. Miller,Type 2 Diabetes,Pneumonia,Pantoprazole,,161.7,114.3,43.7,90/103,101,N/A,98,326,2.07,5.7,Kaiser Permanente,67718.81,1,0,N,Heavy,Deceased
22353,Michelle,Harris,1968-06-26,,F,665-91-3159,348-544-2716,NA,6984 Oak Way,Albuquerque,OK,29191,2024-07-02,2024-07-28,26,Routine,Psychiatry,Dr. Young,Parkinson's Disease,,Lisinopril,Omeprazole,188.1,65.0,18.4,97/78,68,40.0,90,143,2.83,12.6,,24928.16,0,0,Unknown,None,Deceased
15501,jennifer,Moore,1944-11-01,79,M,107903904,867-491-9068,jennifer.moore37@aol.com,7355 Hill Ln,El Paso,CT,52777,2023-11-23,2023-12-15,22,Urgent,Oncology,Dr. Hill,Epilepsy,Stroke,Amoxicillin,,158.8,45.9,18.2,109/61,93,39.0,94,160,3.48,4.4,Medicare,19800.82,1,0,yes,Occasional,Discharged to SNF
69575,TIMOTHY,RAMIREZ,1991-06-30,,M,139-11-9188,965-675-1513,timothy.ramirez79@aol.com,1894 Park Way,San Diego,AL,17105,2019-12-13,2020-01-06,24,Emergency,ICU,Dr. Nguyen,Heart Failure,,Atorvastatin,Furosemide,,116.0,30.7 ,134/83,96,,93,,2.33,8.4,BlueCross BlueShield,24392.63,4,1,N,Moderate,Transferred
62246,Barbara,GONZALEZ,1948-06-23,116,male,826-11-1093,975-540-7767,barbara.gonzalez99@outlook.com,2578 Washington Ave,Fort Worth,CO,40507,2021-04-14,2021-04-16,2,Emergency,Oncology,Dr. King,Osteoarthritis,Asthma,Aspirin,Albuterol,153.9,N/A,35.1,,82,39.0,97,-999,0.72,4.7,Humana,9746.61,1,0,N,Heavy,Discharged to SNF
74644,Emily,FLORES,1975-04-29,44,M,925-74-6107,573-512-7823,emily.flores57@yahoo.com,3341 Park St,Boston,UT,19746,2019-05-15,2019-05-26,11,Urgent,Cardiology,Dr. Wright,Alzheimer's Disease,Epilepsy,Gabapentin,,182.8,118.3,35.4,103/80,N/A,37.0,99,204,1.37,6.6,Medicaid,50955.9,0,0,Y,Heavy,Rehab Facility
95193,Margaret,Taylor,1968-07-08,140,M,531-45-4371,477-980-3826,margaret.taylor39gmail.com,7751 Elm Blvd,Albuquerque,NC,26004,2023-04-10,2023-04-29,19,Routine,Oncology,Dr. Mitchell,Migraine,Hypothyroidism,Omeprazole,,152.9,110.8,47.4,130/78,101,,95,146,6.89,4.7,United Health,19835.67,4,0,No,None,Transferred
22917,Carol,Jackson,1968-03-18,49,M,112-73-9901,812-900-1745,carol.jackson82@outlook.com,5264 Park Rd,Nashville,AZ,80192,2018-02-09,2018-02-06,-3,Urgent,Pediatrics,Dr. Green,Rheumatoid Arthritis,,Pantoprazole,Clopidogrel,189.7,85.4,N/A,173/66,87,39.0 C,100,193,,10.8,BlueCross BlueShield,23677.46,0,0,no,Heavy,Rehab Facility
51912,Melissa,Davis,1959/03/23,64,F,684-29-9227,2697435372,melissa.davis58@yahoo.com,814 Washington Ave,Seattle,WA,61192,2023-04-25,2023-04-26,1,Emergency,ICU,Dr. Lopez,Alzheimer's Disease,Sepsis,Metoprolol,,175.1,104.2 kg,34.0,92-107,71,37.3,-999,251,0.74,7.2,Aetna,50931.89,1,0,1,,Rehab Facility
20657,Susan,King,1971-01-22,47,F,247-35-6169,(866) 703-4809,susan.king90@outlook.com,1659 Pine Rd,Tucson,PA,43342,2018-01-10,2018-02-06,27,Urgent,Surgery,Dr. Robinson,Heart Failure,,Gabapentin,,190.1,55.5,15.4,148/104,83,37.1,90,324,5.4,8.5,Cigna,76244.37,3,1,No,,Rehab Facility
89544,Sandra,Martinez,1983-10-31,36,M,209-13-8789,536-392-7110,sandra.martinez98@gmail.com,6636 Hill Blvd,San Jose,OK,33346,2020-05-13,2020-05-28,15,Emergency,General Medicine,Dr. Thomas,Stroke,Depression,Amlodipine,,178.2,,25.5,99/68,60,36.4,98,107,-999,5.9,,19778.44,1,0,0,Moderate,Deceased
82599,Mark,Jones,08/01/1940,84,F,384-93-8170,958-436-9908,mark.jones16@gmail.com,7298 Main Rd,San Diego,KY,392XX,2024-12-03,2024-12-29,26,Emergency,Emergency,Dr. Anderson,Obesity,Rheumatoid Arthritis,Metoprolol,,160.4,123.7 kg,48.1,128/77,119,,91,346,0.52,8.0,Humana,3134.16,2,0,Y,Moderate,Home
82526,Nancy,  Ramirez  ,1971-10-08,48,F,511-37-4816,292-302-2131,nancy.ramirez92@outlook.com,5446 Elm Rd,Nashville,FL,22228,2020-06-16,2020-07-01,15,Routine,Psychiatry,Dr. Jones,Hyperlipidemia,,Albuterol,,189.8,113.6,31.5,,-999,N/A,95,101,5.33,10.0,Cigna,22101.04,5,0,1,None,AMA
83253,,Rodriguez,1968-10-27,49,M,932-94-1371,439-521-6256,lisa.rodriguez2@aol.com,6790 Lake Way,Oklahoma City,MD,22938,2018-09-06,2018-10-01,25,Routine,Pediatrics,Dr. Lopez,Alzheimer's Disease,,Levothyroxine,,190.1,77.7,21.5,146/99,N/A,39.9,99,87,5.16,8.3,ANTHEM,66392.33,5,0,Yes,Moderate,Transferred
13150,Patricia,Harris,1947-01-14,N/A,F,,838-673-7308,patricia.harris68@yahoo.com,7221 Elm Ave,Denver,AL,48756,2021-05-26,2021-05-21,-5,Routine,Neurology,Dr. Gonzalez,Osteoarthritis,Depression,Pantoprazole,Omeprazole,187.9 cm,111.6,,145/82,-9,36.1,,89,0.67,,Medicaid,36412.41,0,0,0,None,Home
19258,Donald,,2001-05-05,19,F,159-30-6934,514-584-2632,donald.roberts53@aol.com,4556 Washington Ln,Austin,UT,43289,2021-01-29,2021-02-14,16,Elective,Neurology,Dr. Garcia,Hypothyroidism,,Clopidogrel,Metoprolol,186.8,115.8,33.2,95-104,79,36.6,91,132,4.88,7.6,AETNA,80054.56,2,0,yes,Heavy,Deceased
10650,Kimberly,MARTINEZ,11/03/1988,32,F,685-70-4371,000-000-0000,kimberly.martinez42@yahoo.com,5745 Oak Ln,Philadelphia,OK,45938,2020-11-10,2020-12-09,29,Routine,ICU,Dr. Hall,Chronic Kidney Disease,Anemia,Amlodipine,,187.9,N/A,24.9,172/90,111,38.6,100,314,3.64,6.3,Medicare,26408.67,4,1,N,None,AMA
13428,Anthony,Young,1959-01-26,65,M,867-12-2401,568-577-5621,anthony.young33@aol.com,8819 Elm Dr,El Paso,NY,469XX,2024-08-18,2024-09-08,21,Urgent,Emergency,Dr. Rivera,Anxiety Disorder,,Hydrochlorothiazide,Losartan,188.5,111.7,31.4,151/67,95,39.4,95,98 mg/dL,1.51,7.3,Humana,79405.48,3,0,Unknown,N/A,Transferred
28731,Dorothy,Nguyen,1989-11-28,33,F,575-65-6017,470-753-3825,dorothy.nguyen83@aol.com,5905 Main St,Portland,OH,47417,2023-08-02,2023-08-04,2,Transfer,Oncology,Dr. Moore,Coronary Artery Disease,Rheumatoid Arthritis,Amlodipine,,188.9,107.5,30.1,85/144,,39.2,,85,6.41,,Medicare,74071.61,0,0,1,None,Transferred
28602,MELISSA,martin,1986-12-31,31,M,488966774,825-827-2930,melissa.martin16@yahoo.com,6890 Pine St,Austin,OK,85020,2018-09-17,2018-09-24,7,Transfer,Neurology,Dr. Garcia,Hyperlipidemia,,Amlodipine,Pantoprazole,192.6,85.8,23.1,145/96,72,37.1,92,120,4.64,4.8,Aetna,22737.67,3,1,Unknown,Occasional,Transferred
47616,Karen,Green,1961-09-27,61,F,961-52-6775,4023617955,karen.green57@aol.com,5001 Lake Ave,San Jose,IL,89472,2023-04-26,2023-05-20,24,Urgent,Neurology,Dr. Hernandez,Epilepsy,Rheumatoid Arthritis,Pantoprazole,Aspirin,161.0,114.4,44.1 ,147/90,60,38.3,89,275,1.69,4.4,Anthem,74833.54,4,0,0,Heavy,Deceased
00019739,JAMES,Robinson,1941-10-23,79,M,466-50-1490,2807964432,james.robinson48@yahoo.com,498 Oak Rd,Houston,MN,18270,2020-12-16,2020-12-19,3,Emergency,General Medicine,Dr. Moore,Anxiety Disorder,Osteoarthritis,Hydrochlorothiazide,,156.1,110.9,45.5,178/75,73,37.8,89,219,,6.0,Cigna,40819.14,1,0,,Occasional,Rehab Facility
22806,DOROTHY,Flores,1977-02-12,42,M,765-50-2392,477-455-6593,dorothy.flores70@gmail.com,1368 Oak Way,San Francisco,OR,46273,2019-10-03,2019-10-06,3,Emergency,Emergency,Dr. Flores,Pneumonia,Hypertension,Lisinopril,Levothyroxine,157.2,106.7,43.2,,76,37.3,99,288,-999,4.5,KAISER PERMANENTE,63567.42,0,0,Unknown,Heavy,Deceased
45830,Kevin,Mitchell,1945-02-07,77,female,907-22-7269,2565771345,kevin.mitchell10@aol.com,5412 Elm Dr,Louisville,MN,75433,2022-05-04,2022-05-23,19,Urgent,Oncology,Dr. Flores,Type 2 Diabetes,Rheumatoid Arthritis,Aspirin,Hydrochlorothiazide,185.1,109.6,32.0,123/66,70,38.0,100,129,,-999,HUMANA,23385.28,2,0,no,Occasional,Transferred
83851,Jennifer,Lewis,1940-07-01,131,M,148-50-5121,324-670-2368,jennifer.lewis42@gmail.com,7085 Main St,San Francisco,KY,13839,2022-12-29,2023-01-11,13,Routine,Pediatrics,Dr. Lopez,Epilepsy,Anemia,Furosemide,Amlodipine,153.5,67.5,28.6 ,163/90,78,38.6,95,N/A,3.58,4.9,BlueCross BlueShield,960.04,5,1,0,Moderate,Deceased
29797,Richard,Ramirez,1972-08-12,52,F,891-60-9739,752-229-2484,richard.ramirez23@yahoo.com,2115 Main Ln,Columbus,LA,,2024-12-23,2025-01-08,16,Emergency,Oncology,Dr. Rivera,Atrial Fibrillation,Alzheimer's Disease,Metformin,Pantoprazole,-999,103.5,39.1,,55,38.3 C,92,216,5.66,9.7,Kaiser Permanente,41980.14,0,0,Yes,N/A,AMA
35278,Ashley,GONZALEZ,1972-04-10,48,M,939-36-9159,2997484278,ashley.gonzalez82@hotmail.com,834 Main Dr,New York,LA,25369,2020-09-24,2020-10-22,28,Urgent,Cardiology,Dr. Anderson,Rheumatoid Arthritis,Depression,Clopidogrel,,177.8,60.1,19.0,,52,37.1,97,294,4.69,12.4,Cigna,81168.39,1,1,Y,N/A,AMA
PT-17560,margaret,Taylor,1983-10-31,N/A,F,655-75-1003,754-489-3948,margaret.taylor63@hotmail.com,8365 Maple Ln,San Antonio,WA,13193,2023-12-10,2023-12-06,-4,Transfer,Neurology,Dr. Lee,Anxiety Disorder,Anemia,Metoprolol,,,103.3,41.1,131/100,65,-999,93,321,2.96,8.3,UNITED HEALTH,1610.98,0,0,Y,None,Transferred
PT-47944,John,moore,2003-12-25,14,Female,697-43-8341,431-723-8626,john.moore79@yahoo.com,2472 Elm Ave,Tucson,MD,15510,2018-01-14,2018-01-30,16,Emergency,General Medicine,Dr. Wilson,Atrial Fibrillation,Rheumatoid Arthritis,Lisinopril,,169.3,96.3,33.6,117/109,N/A,36.6,100,265,4.71,12.0,BlueCross BlueShield,37590.27,1,0,,Moderate,Discharged to SNF
65143,Charles,Harris,1988-09-19,35,M,259-36-4943,427-908-9489,charles.harris68@yahoo.com,6334 Main Way,Nashville,MN,23584,2024-07-18,2024-07-29,11,Transfer,ICU,Dr. Ramirez,Heart Failure,Sepsis,Omeprazole,,191.8,54.2,,160/97,102,37.0,,93,1.47,4.1,BlueCross BlueShield,66258.93,2,0,0,Moderate,AMA
PT-15657,Sandra,Young,1994/08/11,29,FEMALE,640-97-3848,(717) 864-2114,sandra.young55@aol.com,226 Washington Way,Los Angeles,WA,85232,2024-07-06,2024-07-24,18,Elective,Oncology,Dr. Wright,Rheumatoid Arthritis,Stroke,Clopidogrel,,171.0,53.4,18.3,,-999,39.5,98,281,6.8,7.6,Centene,4467.25,1,0,Unknown,Moderate,Transferred
55317,Sarah,Wright,1980-11-29,43,M,130-64-7922,965-944-7799,sarah.wright39@gmail.com,9927 Hill Dr,El Paso,UT,51966,2024-03-06,2024-03-25,19,Urgent,Orthopedics,Dr. Lewis,Appendicitis,Hyperlipidemia,Metformin,Pantoprazole,168.7,N/A,39.6,178/89,67,36.7,91 %,105,5.52,8.5,Medicare,44781.21,0,0,No,Occasional,Rehab Facility
28025,linda,young,2004-10-29,16,M,359-11-2883,540-652-8356,linda.young38@outlook.com,9829 Hill Rd,Phoenix,IL,606XX,2020-10-29,2020-11-06,8,Urgent,Surgery,Dr. Ramirez,Coronary Artery Disease,Anxiety Disorder,Warfarin,,182.5,N/A,14.5,168/90,-1,39.3 C,95,336,2.56,12.2,Kaiser Permanente,56607.04,1,0,N,Heavy,Transferred
41011,Barbara,Thompson,1999-10-14,,F,602-93-2297,922-512-3636,barbara.thompson53@yahoo.com,5991 Main Rd,El Paso,GA,73050,2024-10-17,2024-11-03,17,Emergency,ICU,Dr. Jones,Rheumatoid Arthritis,,Atorvastatin,,172.5,80.8,27.2,145/65,,38.0,98,96,4.7,6.8,Humana,72777.26,3,0,no,,Deceased
49074,William,Perez,1940-05-19,81,female,742-78-7619,969-267-2932,william.perez64@gmail.com,4143 Main Rd,Tucson,MN,37970,2021-07-13,2021-07-19,6,Urgent,Pediatrics,Dr. Carter,Heart Failure,Hypertension,Warfarin,,187.1,N/A,14.2,115/70,100,39.1,94,124,0.84,8.0,Medicaid,77239.16,1,0,Unknown,Heavy,Deceased
75343,Elizabeth,Brown,1984-04-11,-999,F,336-12-5032,842-337-9110,elizabeth.brown59@hotmail.com,4707 Cedar Ave,Memphis,CO,48654,2021-07-20,2021-08-08,19,Routine,Pediatrics,Dr. Rivera,Parkinson's Disease,Heart Failure,Prednisone,Furosemide,180.3,119.9,36.9,157/107,71,N/A,89,274,7.43,6.5,Anthem,36715.62,5,0,Yes,Moderate,Rehab Facility
12855,KIMBERLY,Torres,1966-02-27,53,Female,284469449,806-273-1028,kimberly.torres44@hotmail.com,9305 Oak Blvd,Nashville,MD,71547,2019-12-13,2020-01-02,20,Elective,Pediatrics,Dr. Wilson,Parkinson's Disease,Stroke,Gabapentin,,178.6,56.1,17.6,106/87,94,37.9,100,,7.76,11.8,Medicaid,30098.5,5,0,no,Moderate,Discharged to SNF
26188,Barbara,Miller,1946-05-27,73,M,760-12-7589,N/A,barbara.miller24@outlook.com,4184 Cedar Ave,Tucson,PA,63040,2020-01-18,2020-01-31,13,Routine,Psychiatry,Dr. Mitchell,Hypothyroidism,Heart Failure,Metformin,Aspirin,161.8,87.1,33.3,164/73,108,36.2,N/A,297,0.69,7.3,BlueCross BlueShield,22075.75,4,1,Unknown,Occasional,Deceased
57490,Melissa,Hill,1987-04-22,32,M,439-38-4163,409-272-8306,melissa.hill74@yahoo.com,3493 Pine Way,Boston,KY,19336,2019-11-10,2019-11-23,13,Elective,Cardiology,Dr. Johnson,Coronary Artery Disease,Rheumatoid Arthritis,Atorvastatin,Warfarin,186.1,74.9,21.6,163/80,86,39.2,99,,7.68,7.3,MEDICARE,32564.36,5,0,Yes,Occasional,Home
10366,dorothy,,1974-05-14,50,M,456-30-5262,977-411-9831,DOROTHY.ROBINSON63@YAHOO.COM,5328 Park Ln,Indianapolis,CA,96026,2024-09-15,2024-09-22,7,Urgent,Psychiatry,Dr. Carter,Atrial Fibrillation,Depression,Sertraline,,191.6,,23.8,139/109,100,38.7,95,,1.96,4.7,,50668.93,4,0,Unknown,Heavy,Transferred
80993,Margaret,Lewis,1942-09-27,77,Male,194-52-1894,9334764843,margaret.lewis35@gmail.com,6426 Elm Blvd,San Antonio,CA,20639,2020-02-24,2020-02-27,3,Transfer,General Medicine,Dr. Walker,Anemia,Depression,Insulin Glargine,,171.5,94.2,N/A,137/86,59,39.2,99,305,5.65,11.2,Medicare,75063.23,3,0,no,None,Rehab Facility
00070667,James,Young,1958-04-15,-999,M,155-38-8101,6702596433,james.young74@gmail.com,7539 Hill Rd,Phoenix,FL,45283,2021-04-28,2021-05-04,6,Routine,Cardiology,Dr. Scott,Migraine,Sepsis,Warfarin,Amlodipine,187.4,57.7,16.4,163/101,95,37.9,88,291,3.49,7.6,Humana,-442.58,4,1,1,Moderate,Rehab Facility
61342,joseph,Smith,1962-10-03,N/A,M,844-94-2439,,joseph.smith58@aol.com,8777 Maple Ln,Los Angeles,NC,,2023-08-20,2023-08-26,6,Urgent,Psychiatry,Dr. Moore,COPD,Parkinson's Disease,Hydrochlorothiazide,,169.8,121.4,42.1,,N/A,40.0,100,180,3.38,,Cigna,38472.64,4,0,Unknown,N/A,Home
67684,Daniel,Baker,1965-03-31,,M,710-16-1345,838-712-7978,DANIEL.BAKER87@GMAIL.COM,8563 Oak Way,Baltimore,AZ,93950,2024-09-17,2024-09-26,9,Elective,Pediatrics,Dr. Hernandez,Depression,Asthma,Warfarin,Warfarin,,63.9,20.4,109/91,61,38.8,89,152 mg/dL,3.76,,AETNA,9188.84,5,0,Yes,Heavy,Deceased
20946,Dorothy,Hill,NULL,41,F,471-19-1620,,dorothy.hill52@yahoo.com,2194 Maple Dr,Tucson,NC,,2019-01-14,2019-01-29,15,Transfer,Orthopedics,Dr. Flores,Parkinson's Disease,Parkinson's Disease,Aspirin,,156.9,71.4,29.0,149/86,62,38.4,93,329,7.49,5.6,Humana,72353.22,2,1,Unknown,N/A,Discharged to SNF
58288,Donna,young,1958-05-16,64,M,594-83-8085,533-647-3716,donna.young71@gmail.com,3649 Elm St,Albuquerque,OH,743XX,2023-04-12,2023-04-10,-2,Urgent,General Medicine,Dr. Baker,Hypertension,Obesity,Levothyroxine,Clopidogrel,164.4,59.2,21.9,177/105,85,38.8,89,,,11.2,,66572.72,0,0,0,Occasional,Home
98662,Nancy,Johnson,2003-05-28,15,M,488-99-9926,721-913-7904,nancy.johnson28@outlook.com,9669 Hill Ln,Indianapolis,GA,21763,2018-12-05,2018-12-19,14,Emergency,Oncology,Dr. Adams,Coronary Artery Disease,,Metformin,Levothyroxine,158.9,56.5,N/A,93/109,88,39.3 C,92 %,,4.08,7.0,United Health,46098.26,1,1,yes,N/A,Discharged to SNF
63457,Matthew,Davis,1951-10-19,72,M,493949671,404-731-3489,matthew.davis79@yahoo.com,9540 Lake Rd,Philadelphia,WA,192XX,2024-08-05,2024-08-24,19,Elective,Cardiology,Dr. White,Rheumatoid Arthritis,,Metoprolol,,170.1,92.5 kg,32.0,138/62,105,39.2,91,204,3.05,4.3,Aetna,63891.91,2,0,N,,Rehab Facility
60279,Melissa,Lopez,1940-04-28,82,,***-**-4250,377-641-9099,melissa.lopez64outlook.com,3665 Oak Rd,Denver,OK,37841,2023-03-01,2023-03-05,4,Emergency,General Medicine,Dr. Torres,UTI,,Clopidogrel,,151.2,111.3,48.7,93/92,114,39.1,92,-999,6.52,8.4,Anthem,75866.17,2,0,1,Moderate,Deceased
50523,  Emily  ,Davis,,60,F,124634582,224-467-2906,emily.davis49@hotmail.com,2744 Washington St,Indianapolis,OK,27077,2019-03-14,2019-03-19,5,Routine,Oncology,Dr. Carter,Pneumonia,Chronic Kidney Disease,Metformin,Albuterol,150.8,60.1,26.4,107/91,117,36.4,,342,2.88,11.3,BLUECROSS BLUESHIELD,82766.9,0,0,Y,None,Deceased
PT-40961,David,WILLIAMS,1981-10-03,41,F,127-24-7590,927-391-7901,,9441 Pine Dr,Austin,NY,189XX,2023-07-22,2023-07-27,5,Elective,Psychiatry,Dr. Martinez,Chronic Kidney Disease,Type 2 Diabetes,Furosemide,Levothyroxine,181.3,93.6,28.5,145/107,76,39.5,93,N/A,2.31,5.9,Cigna,-3060.55,0,0,no,None,Home
13626,Jennifer,RIVERA,2001-02-25,N/A,F,835-47-7365,(960) 494-3643,jennifer.rivera8@gmail.com,9795 Main Ave,Memphis,FL,75798,2022-03-25,2022-04-10,16,Emergency,Cardiology,Dr. Hill,Atrial Fibrillation,,Amlodipine,,160.9,55.3,21.4,110-90,82,39.6 C,-999,254,4.33,10.1,Centene,44634.5,2,0,No,Heavy,AMA
89180,ashley,Hernandez,1997-02-05,27,M,190-42-5775,346-939-8684,NA,3570 Oak Way,Jacksonville,MI,67388,2024-04-04,2024-05-01,27,Emergency,Psychiatry,Dr. Thompson,Depression,Osteoarthritis,Furosemide,,,116.9,,152/65,79 bpm,38.7,91,N/A,4.16,10.8,BlueCross BlueShield,12764.95,4,0,no,Heavy,AMA
29774,James,Hernandez,1950-01-29,73,M,***-**-9057,5784721517,james.hernandez13@outlook.com,593 Elm Way,Oklahoma City,MA,42417,2023-07-09,2023-07-11,2,Routine,Neurology,Dr. Johnson,Pneumonia,,Metoprolol,Insulin Glargine,165.1,122.2,44.8,174/65,61,36.7,90,349,0.71,,Cigna,18353.73,0,1,0,Occasional,Deceased
56267,Andrew,Nguyen,1967-06-05,53,M,978-29-6281,899-541-3309,andrew.nguyen2@yahoo.com,8873 Washington Blvd,Boston,UT,,2020-10-12,2020-11-07,26,Transfer,Emergency,Dr. Gonzalez,UTI,,Amlodipine,Prednisone,189.7,119.9,33.3,111/92,51,37.4,93,124,2.38,8.8,Kaiser Permanente,16189.65,4,0,Yes,Heavy,Home
PT-23310,Timothy,Martin,1971-10-04,51,F,748-50-7105,623-707-7956,timothy.martin78@hotmail.com,2679 Hill Dr,Indianapolis,UT,885XX,2023-06-10,2023-06-20,10,Transfer,Psychiatry,Dr. Nelson,COPD,Hyperlipidemia,Metoprolol,Losartan,162.5,117.2,44.4,104/79,108,37.9,96,226,N/A,10.9,Cigna,41822.81,1,0,Yes,Moderate,Home
56428,Elizabeth,Thomas,1982-03-27,35,F,980-96-8889,932-322-8167,NA,1072 Oak Rd,Phoenix,AZ,28728,2018-01-31,2018-02-06,6,Elective,Emergency,Dr. Martin,Depression,COPD,Metformin,,169.9,107.0,37.1,121/94,77,38.1,92,,2.65,5.7,Anthem,41184.72,2,0,No,Moderate,Rehab Facility
PT-39306,Steven,Mitchell,1966-10-02,57,Female,388467588,932-389-9632,steven.mitchell22@outlook.com,4298 Washington St,San Diego,MA,18598,2024-02-19,2024-03-12,22,Elective,Oncology,Dr. Carter,Pneumonia,Parkinson's Disease,Warfarin,Atorvastatin,190.6,N/A,N/A,96/103,83,38.0,97,89,6.13,10.0,Cigna,58766.76,2,1,Former,,AMA
36668,BRIAN,Roberts,1951-10-18,68,M,152-93-4907,450-715-6093,brian.roberts10@outlook.com,219 Maple Ln,Columbus,MA,78302,2019-10-23,2019-11-13,21,Elective,Neurology,Dr. Clark,Coronary Artery Disease,Hypertension,Aspirin,,166.4,121.3,43.8,113/83,118,39.7,89,172,3.48,4.6,Anthem,-1595.31,5,0,1,,Deceased
42758,Deborah,Lopez,1992-12-08,30,M,795-83-5578,594-703-1612,deborah.lopez11@hotmail.com,9198 Main Blvd,Philadelphia,OK,20152,2023-10-17,2023-11-10,24,Urgent,Oncology,Dr. Wilson,Depression,COPD,Lisinopril,Losartan,178.5,114.2,35.8,176/65,70,36.2,99,269,4.24,4.3,Humana,46848.16,3,0,1,,AMA
72195,Amanda,thomas,1962-07-09,57,M,724-45-6557,717-439-7782,amanda.thomas10@aol.com,8406 Cedar Dr,Louisville,UT,99278,2020-06-17,2020-07-16,29,Urgent,Oncology,Dr. Thompson,Depression,UTI,Metoprolol,,187.5,76.6,21.8,154/77,93,37.9,95,338,,5.2,BlueCross BlueShield,24333.04,4,0,N,Heavy,Home
14056,DOROTHY,SMITH,1954-01-23,68,F,794204848,330-837-5980,dorothy.smith5yahoo.com,6016 Hill Blvd,Louisville,TN,98637,2022-11-26,2022-12-16,20,Transfer,Orthopedics,Dr. Green,COPD,Type 2 Diabetes,Atorvastatin,Hydrochlorothiazide,188.6,46.3,13.0,103/99,109,36.0,,327,2.05,11.1,Kaiser Permanente,31333.02,2,0,Former,,AMA
25261,Mark,HARRIS,12/30/1945,172,F,436-68-6446,570-469-7442,mark.harris3@outlook.com,2960 Washington St,San Jose,OH,82953,2021-11-05,2021-11-12,7,Emergency,Neurology,Dr. Allen,Osteoarthritis,,Clopidogrel,Sertraline,N/A,69.8,28.2,166/89,61,37.2,91,268,7.0 ,12.8,Medicaid,50218.58,4,1,1,Moderate,Deceased
12886,Sarah,Rivera,1946-04-17,73,F,984-77-4245,652-914-2207,sarah.rivera83hotmail.com,4667 Oak Ave,New York,KY,24307,2019-10-31,2019-11-03,3,Elective,Psychiatry,Dr. Harris,Rheumatoid Arthritis,Coronary Artery Disease,Hydrochlorothiazide,Amoxicillin,169.8,96.9,5.1,113/81,112,37.0,94,177,7.56,7.1,Cigna,63315.81,2,1,1,Occasional,Transferred
87071,deborah,Wright,1961-02-17,61,F,431-84-1625,,DEBORAH.WRIGHT79@GMAIL.COM,4267 Park Blvd,Austin,KY,46890,2022-05-11,2022-05-24,13,Emergency,Emergency,Dr. Taylor,COPD,Anemia,Omeprazole,,177.2,94.6,30.1,91/93,116,,89,222,1.42,10.2,United Health,41095.73,2,0,1,N/A,Deceased
12438,Donald,thompson,1983-02-02,40,M,792605011,000-000-0000,donald.thompson62@gmail.com,6658 Washington Rd,San Antonio,WA,77996,2023-02-24,2023-02-25,1,Emergency,Cardiology,Dr. Gonzalez,Anemia,Stroke,Warfarin,,175.9,102.1,,166/100,91,39.8,97,314,5.69,6.7,Anthem,33651.76,0,0,Former,N/A,Discharged to SNF
23524,Brian,Lopez,1944-05-04,79,M,637-64-7861,813-240-1628,brian.lopez11@aol.com,3083 Oak Way,San Diego,CT,32204,2024-01-25,2024-01-24,-1,Urgent,Pediatrics,Dr. Hall,Anxiety Disorder,,Sertraline,,191.3,58.9,5.1,176/97,52,39.4,93,83 mg/dL,N/A,7.2,Aetna,78903.5,0,0,Former,Heavy,Deceased
68687,amanda,Roberts,2004-05-08,15,F,361-91-8012,578-917-6931,amanda.roberts37@outlook.com,1009 Cedar Way,Baltimore,IL,18329,2019-12-19,2020-01-17,29,Transfer,Psychiatry,Dr. Lopez,Parkinson's Disease,Alzheimer's Disease,Warfarin,,168.6,50.6,-999,158/79,112,38.7,98,,3.26,5.3,Humana,26079.41,1,0,0,,Deceased
42513,Robert,Thomas,2003-11-03,19,F,422-44-7843,929-559-2279,robert.thomas17@gmail.com,7058 Oak St,Los Angeles,WI,62627,2023-02-06,2023-03-04,26,Elective,Emergency,Dr. Wright,Sepsis,Alzheimer's Disease,Furosemide,Insulin Glargine,,68.2,23.4 ,130/61,118,N/A,92,96,6.19,10.0,United Health,28232.56,1,0,no,Heavy,Home
54861,Kenneth,Wilson,1961-07-09,59,M,609-57-7300,553-950-8251,NA,9870 Hill Way,Dallas,WI,40072,2021-01-17,2021-02-07,21,Transfer,Surgery,Dr. Lopez,Depression,,Metformin,Furosemide,,78.0,6.0,136/109,94,38.9,94,145,7.16,6.7,Anthem,43465.13,0,1,0,None,AMA
69098,Kenneth,Robinson,01/18/2000,21,M,449-94-3078,(246) 458-7559,NA,9520 Main Rd,San Diego,MI,70648,2021-08-01,2021-08-23,22,Urgent,Cardiology,Dr. Baker,Rheumatoid Arthritis,Pneumonia,Gabapentin,,191.0,83.0,22.8 ,171/92,116,37.3,100,86,5.48,4.3,CENTENE,14674.61,3,0,1,Occasional,Transferred
93705,ashley,hall,1964-08-19,58,M,854-59-2311,850-737-4624,ashley.hall23gmail.com,766 Main Way,Nashville,PA,533XX,2023-06-04,2023-06-07,3,Elective,Orthopedics,Dr. Miller,Coronary Artery Disease,,Hydrochlorothiazide,Gabapentin,169.9,80.7,28.0,105/179,81,38.7,100,168 mg/dL,0.59,4.0,ANTHEM,32423.14,1,0,N,Heavy,Deceased
70179,PAUL,Campbell,1963-01-28,60,M,121-38-4685,608-843-8555,PAUL.CAMPBELL94@HOTMAIL.COM,4580 Park Ln,Memphis,MD,92998,2023-04-13,2023-05-03,20,Routine,Oncology,Dr. Wilson,Asthma,Hypertension,Prednisone,Amoxicillin,179.5,,26.0 ,140/77,104,38.2,93,302,6.17,8.0,Medicare,45221.94,4,0,Yes,,Transferred
21712,Barbara,Green,1947-03-28,71,M,364-80-1213,748-907-9446,barbara.green92@outlook.com,6019 Lake St,San Antonio,FL,20364,2019-03-03,2019-03-19,16,Routine,ICU,Dr. King,Depression,Hyperlipidemia,Lisinopril,,-999,74.7,21.2,150/71,78,39.5,,97,,10.7,Medicare,11220.55,2,0,No,None,Home
94512,Jessica,Thompson,1967-07-22,51,F,326-97-7126,290-597-7320,jessica.thompson5@yahoo.com,4083 Park Rd,El Paso,MN,31113,2019-02-18,2019-02-28,10,Urgent,Neurology,Dr. Flores,Hypertension,,Metformin,Furosemide,,N/A,19.9,113/81,108,37.5,97,321,5.88,11.3,Medicare,67763.84,5,0,,Heavy,Rehab Facility
22009,Melissa,CARTER,1992-01-02,26,Unknown,380-82-4355,(617) 455-6271,melissa.carter56@aol.com,8558 Park Dr,Tucson,SC,18026,2018-03-12,2018-03-26,14,Routine,Neurology,Dr. Wright,Sepsis,Parkinson's Disease,Albuterol,,181.3,,24.2,114/61,118,39.8,98,337 mg/dL,2.12,,Humana,8451.11,1,0,1,N/A,Discharged to SNF
44709,ELIZABETH,Perez,1982-10-10,37,M,535-53-3983,000-000-0000,elizabeth.perez52@aol.com,5425 Oak Dr,Louisville,IN,62574,2020-04-22,2020-04-30,8,Transfer,Emergency,Dr. Taylor,UTI,,Aspirin,,,116.5,34.2,140/85,50,36.4,95,N/A,2.46,,Cigna,31897.39,3,0,Unknown,Heavy,Transferred
40785,WILLIAM,Jackson,1997-03-01,22,M,760-84-2789,233-869-2635,william.jackson38@outlook.com,1303 Maple Way,El Paso,MD,39148,2019-06-07,2019-07-07,30,Emergency,Neurology,Dr. Rodriguez,UTI,Appendicitis,Albuterol,Levothyroxine,150.7,61.1,N/A,121/79,104,37.4,94,,6.56,4.9,HUMANA,47824.51,4,0,1,Heavy,Rehab Facility
80498,Joshua,Flores,1944-01-05,78,F,272-40-7305,5276293923,joshua.flores53@gmail.com,5982 Hill Ln,Los Angeles,MO,11753,2022-07-07,2022-07-16,9,Elective,Surgery,Dr. Martinez,Hypertension,Chronic Kidney Disease,Clopidogrel,Clopidogrel,183.7,,14.2,,91,37.7,93 %,301 mg/dL,7.75,8.7,Cigna,504.29,0,0,0,Heavy,AMA
94874,Patricia,Lewis,,47,M,972-40-6019,N/A,patricia.lewis26@aol.com,8858 Park Rd,Albuquerque,LA,86365,2018-10-05,2018-10-24,19,Elective,Emergency,Dr. White,Appendicitis,,Levothyroxine,,180.6,N/A,17.1,169/102,89,39.7,98,,2.12,8.8,CENTENE,12397.23,0,0,0,,Discharged to SNF
86701,sandra,TORRES,2000/09/09,24,FEMALE,730-25-8753,8413659410,sandra.torres36@hotmail.com,7925 Pine Ln,Denver,MI,77644,2024-11-02,2024-11-12,10,Routine,Surgery,Dr. Johnson,Obesity,,Lisinopril,Metoprolol,157.1,48.6,19.7,155/99,62,-999,96,-999,6.57,9.1,Anthem,77506.19,3,0,1,N/A,Transferred
00058969,joshua,Campbell,2001/09/07,81,M,104-27-6651,3187851651,joshua.campbell51@outlook.com,4413 Washington St,Portland,MI,28216,2024-02-20,2024-02-29,9,Emergency,Surgery,Dr. Wilson,Sepsis,Coronary Artery Disease,Aspirin,Sertraline,181.3,92.8,28.2,117/84,84,37.2,98,-999,6.39,10.1 %,MEDICARE,24907.41,4,0,Y,Heavy,Rehab Facility
83881,Elizabeth,Allen,1978-10-27,45,F,493-44-9207,(688) 737-3749,elizabeth.allen85@outlook.com,7750 Oak Ave,Seattle,OK,50616,2024-03-24,2024-04-18,25,Urgent,Psychiatry,Dr. Allen,Type 2 Diabetes,,Metoprolol,,193.1,75.6,20.3,107/81,,39.5,93,N/A,,N/A,Humana,29278.33,2,0,Y,Occasional,AMA
25810,Sarah,Hernandez,1972-08-26,52,M,210-98-7183,652-913-8549,sarah.hernandez38@yahoo.com,4326 Lake Ln,Baltimore,NY,59678,2024-12-01,2024-12-13,12,Urgent,Pediatrics,Dr. Hill,Hypertension,Stroke,Levothyroxine,Insulin Glargine,192.3,101.5,27.4,172/69,108,39.6,99,,1.11,N/A,Cigna,58336.17,0,0,yes,N/A,AMA
93162,Christopher,gonzalez,,44,M,552-64-6259,N/A,christopher.gonzalez82@yahoo.com,3722 Main Dr,Houston,IN,64494,2024-04-30,2024-04-29,-1,Emergency,Orthopedics,Dr. Carter,Stroke,,Losartan,,,N/A,26.8,152/79,118,37.2,93,N/A,4.53,12.7,Cigna,29952.77,0,1,no,Moderate,Discharged to SNF
63956,John,,1958-06-09,92,M,,4842757610,john.rodriguez82@yahoo.com,8116 Main Way,Denver,KY,87649-0000,2019-02-13,2019-02-28,15,Elective,Orthopedics,Dr. Nelson,COPD,Chronic Kidney Disease,Furosemide,Atorvastatin,150.1,98.7,43.8,119/78,76,37.7,90,262,7.78,5.9,Kaiser Permanente,72702.12,2,0,N,,Rehab Facility
15958,Carol,King,1960-03-31,64,M,466-61-4929,721-579-2037,carol.king68@yahoo.com,3439 Hill Ln,Albuquerque,NC,82947,2024-11-15,2024-11-12,-3,Elective,Surgery,Dr. Smith,Parkinson's Disease,Stroke,Hydrochlorothiazide,Lisinopril,,59.0,16.7,154/91,97,39.2,98,185,2.14,7.3,Kaiser Permanente,61050.23,0,0,1,,Discharged to SNF
94610,Amanda,Rivera,12/30/1992,30,M,,,AMANDA.RIVERA76@GMAIL.COM,1490 Pine Rd,Louisville,KY,98035,2023-07-29,2023-08-26,28,Emergency,Cardiology,Dr. Rivera,Heart Failure,Heart Failure,Pantoprazole,,157.6,,,92/63,58,39.5,94 %,310,6.79 ,4.9,Cigna,13826.93,1,0,Former,N/A,Transferred
93977,joshua,LEE,1960-12-06,60,F,871-86-8443,(669) 793-6945,joshua.lee28@outlook.com,57 Lake Ave,San Jose,CT,19059,2021-10-06,2021-10-14,8,Elective,Emergency,Dr. Ramirez,Hypertension,Type 2 Diabetes,Amoxicillin,,192.3,129.8,35.1,125/107,85,38.0,94,216,0.92,,Medicaid,5126.37,1,0,1,N/A,Home
87857,Jennifer,Gonzalez,07/22/1987,32,F,384-48-2219,375-518-6544,jennifer.gonzalez21@yahoo.com,6057 Washington Dr,San Jose,IL,87366,2020-07-02,2020-07-09,7,Elective,Psychiatry,Dr. Hall,Migraine,,Prednisone,,157.4,73.7,29.7,139/69,53,39.4,92,91,7.08,10.2,Kaiser Permanente,3424.17,5,0,yes,Occasional,Rehab Facility
85930,Brian,Lopez,1972-06-03,52,F,945-48-7452,897-667-5671,brian.lopez60@hotmail.com,1606 Pine Ln,Oklahoma City,AL,32044,2024-05-25,2024-06-06,12,Routine,Cardiology,Dr. Mitchell,Hyperlipidemia,Appendicitis,Hydrochlorothiazide,Lisinopril,,64.1,21.8,72/177,3 bpm,39.5,,293,5.02,6.7,Centene,12023.99,4,0,Former,Moderate,Rehab Facility
13430,Donald,williams,1944-06-05,77,M,168-47-4615,505-260-4403,donald.williams62gmail.com,4367 Cedar Way,Albuquerque,IL,55249,2021-07-06,2021-07-25,19,Urgent,Neurology,Dr. Mitchell,Chronic Kidney Disease,,Atorvastatin,,187.0,59.5,17.0,131/108,0,37.1,,185,1.55,7.7,CIGNA,-522.95,3,1,Former,Occasional,Discharged to SNF
15215,Nancy,Sanchez,1966-05-28,54,MALE,804-19-5807,783-377-1504,nancy.sanchez37@aol.com,6788 Pine St,Los Angeles,OH,88767,2021-04-02,2021-04-19,17,Urgent,Orthopedics,Dr. Garcia,Obesity,,Atorvastatin,,154.7,107.8,45.0,101/165,,36.3,88,-999,3.79,,UNKNOWN,6840.87,0,0,Y,N/A,Home
54926,Amanda,ramirez,1970-01-18,49,M,814734060,525-556-4529,amanda.ramirez16@gmail.com,1219 Maple Ave,San Francisco,OH,75113,2019-05-16,2019-05-20,4,Routine,Cardiology,Dr. Mitchell,Hypertension,Anxiety Disorder,Lisinopril,Sertraline,171.2,53.2,18.2,137/99,-7,N/A,94,236,0.58,,Humana,78781.24,2,0,,Heavy,Rehab Facility
99523,Kimberly,rodriguez,1996-01-05,27,M,145-29-7638,636-466-3846,kimberly.rodriguez62@yahoo.com,7103 Hill Way,Portland,UT,79801,2023-01-25,2023-02-17,23,Transfer,Oncology,Dr. Hall,Rheumatoid Arthritis,Obesity,Pantoprazole,,,,42.0,N/A,82,39.2,92,168,N/A,7.0,Kaiser Permanente,6420.92,0,0,1,Occasional,Rehab Facility
35034,  Kevin  ,Thomas,1991-09-15,28,F,962-61-1949,898-775-7856,kevin.thomas76@outlook.com,327 Lake Blvd,Milwaukee,TX,244XX,2020-01-01,2020-01-03,2,Routine,Surgery,Dr. Clark,Hypertension,Sepsis,Metformin,Metoprolol,187.3,77.9,22.2,,,39.9,,129,5.59,,Medicaid,76396.68,2,0,yes,Occasional,Home
34486,Nancy,Ramirez,1985-04-22,33,F,698-88-1693,650-608-2510,nancy.ramirez75@gmail.com,5088 Hill Ln,Phoenix,IN,92620,2018-05-27,2018-06-08,12,Emergency,General Medicine,Dr. Ramirez,Atrial Fibrillation,Stroke,Gabapentin,Albuterol,N/A,93.8,39.8,98/68,103,36.2,88,,4.97,10.8,Medicare,37886.82,1,0,1,Moderate,Home
35930,Nancy,Sanchez,1966-02-12,58,,158-68-9940,2459801422,nancy.sanchez27outlook.com,35 Oak St,Milwaukee,TX,80749,2024-03-24,2024-04-07,14,Transfer,Psychiatry,Dr. Johnson,Hyperlipidemia,Hypertension,Clopidogrel,,188.4,110.6,31.2,99/80,113,38.4,90,324,0.51,,Aetna,69176.69,1,0,,Heavy,Rehab Facility
28521,Lisa,Moore,1979-10-29,,M,492799309,610-456-4558,lisa.moore25@aol.com,3117 Hill St,Fort Worth,NC,68954,2019-06-26,2019-07-10,14,Urgent,Orthopedics,Dr. Nelson,Pneumonia,,Albuterol,Pantoprazole,167.2,108.4,38.8,173/79,102,37.3,90,116,,9.3 %,Aetna,66823.66,3,0,Unknown,Heavy,Discharged to SNF
31750,Kevin,garcia,1954-02-02,66,F,537-50-9284,836-656-9225,kevin.garcia87@yahoo.com,6055 Washington Blvd,Las Vegas,IL,506XX,2020-04-10,2020-04-20,10,Urgent,Emergency,Dr. Johnson,Pneumonia,,Prednisone,,N/A,126.6,33.7,144/91,,39.7,94,92,1.16,7.4,BlueCross BlueShield,53562.08,2,0,yes,,Rehab Facility
39220,Joshua,Miller,1941/12/27,81,m,426-19-3938,820-740-3440,joshua.miller78@hotmail.com,1425 Lake Ave,Memphis,NC,554XX,2023-05-18,2023-05-19,1,Urgent,Surgery,Dr. Rodriguez,Atrial Fibrillation,Pneumonia,Clopidogrel,,181.7,104.2,31.6,92/64,115,38.5,91,192,,6.5,United Health,-1066.42,1,0,Yes,Occasional,Discharged to SNF
37391,DANIEL,Carter,1962-09-18,60,M,347-63-5943,758-550-2231,daniel.carter57@aol.com,5926 Park Dr,Indianapolis,SC,31228,2023-04-17,2023-04-26,9,Emergency,ICU,Dr. Martin,Atrial Fibrillation,,Hydrochlorothiazide,,183.1,57.7,-999,143/105,85,39.1,100,150,7.71,,Aetna,42124.77,3,0,Yes,N/A,Deceased
71747,James,Roberts,1957-05-03,65,M,565-57-5125,549-890-5234,james.roberts2@yahoo.com,8359 Hill Ave,El Paso,MD,49970,2023-01-25,2023-02-03,9,Transfer,General Medicine,Dr. Williams,Sepsis,Sepsis,Furosemide,,,80.5,23.5,172/109,93,36.9,98 %,262,4.09,7.5,United Health,15811.65,3,0,Y,Moderate,Transferred
29234,Carol,Roberts,1971-09-08,N/A,F,***-**-9775,983-207-5940,CAROL.ROBERTS90@OUTLOOK.COM,9142 Hill St,Columbus,IN,77575,2023-10-22,2023-10-30,8,Routine,Neurology,Dr. Thompson,Pneumonia,Rheumatoid Arthritis,Losartan,Gabapentin,155.9,94.6,38.9,149/105,90,39.5,,,0.96,9.5,MEDICARE,14489.63,5,0,1,,Home
25383,Michelle,NELSON,1950-10-16,72,F,744-90-3971,,michelle.nelson52@aol.com,7469 Oak Dr,New York,MA,65523,2022-10-04,2022-10-10,6,Urgent,Oncology,Dr. Gonzalez,Anemia,,Gabapentin,Prednisone,174.5,106.5,35.0,145/90,100,38.9,96,140,1.85,8.2,Centene,12409.69,2,0,Y,Occasional,Rehab Facility
83055,Mary,Ramirez,1948-04-05,76,F,265-54-6282,N/A,mary.ramirez32yahoo.com,1451 Main St,Las Vegas,OR,32915,2024-10-08,2024-10-09,1,Transfer,General Medicine,Dr. Williams,COPD,Depression,Hydrochlorothiazide,,169.2,101.7,35.5,104/73,100,37.2,91,170,1.95,12.0,Centene,50250.46,0,0,yes,None,AMA
40205,Kimberly,ALLEN,1966-12-10,98,M,694-47-3405,830-824-3296,kimberly.allen97@gmail.com,2866 Pine Dr,Baltimore,WI,21741,2021-07-01,2021-07-25,24,Transfer,Orthopedics,Dr. Allen,Obesity,Appendicitis,Levothyroxine,,191.9,61.5,,142/88,,37.5,99,81,2.56,11.8,Anthem,76521.55,4,0,1,Occasional,Rehab Facility
65811,John,  Martin  ,2004-11-14,78,M,466-73-5292,400-390-2677,john.martin95gmail.com,4360 Hill Blvd,Fort Worth,UT,25691,2022-05-10,2022-05-08,-2,Transfer,Psychiatry,Dr. Nelson,Sepsis,Appendicitis,Amoxicillin,,180.7,104.2,31.9,156/61,75,39.5,92,178,7.38,7.7,Medicare,50797.35,0,0,Yes,,AMA
24079,Donna,Harris,1999-05-11,21,female,301-52-4300,845-229-6878,donna.harris29@yahoo.com,2831 Pine Rd,Las Vegas,AZ,55074,2020-06-06,2020-06-30,24,Transfer,Emergency,Dr. Lee,Pneumonia,Pneumonia,Pantoprazole,,163.5,98.7,N/A,173/77,113,36.2,N/A,,0.75,5.0,MEDICARE,4151.4,2,1,Y,None,Rehab Facility
61963,,Perez,1942-05-20,79,F,892796315,695-726-4275,steven.perez78@aol.com,389 Cedar Dr,San Francisco,OH,,2022-01-15,2022-01-20,5,Urgent,Emergency,Dr. Wilson,Coronary Artery Disease,,Atorvastatin,,182.2,67.2,20.2,167/76,15,38.1,98,341,,,Anthem,35103.93,2,1,Yes,Heavy,Deceased
56899,Michael,Smith,1952-02-16,68,F,808-82-9881,656-262-2026,michael.smith8@aol.com,1986 Elm Ave,Philadelphia,MN,35002,2020-02-27,2020-03-20,22,Urgent,Cardiology,Dr. Hill,UTI,,Aspirin,Amlodipine,157.4,72.8,29.4,,,37.1 C,89,149,,10.4,Humana,44026.51,0,0,N,N/A,Rehab Facility
60009,Joseph,Scott,1998-05-12,24,M,790831223,550-947-7016,joseph.scott1aol.com,1126 Washington Ln,Seattle,PA,45432,2023-03-19,2023-04-17,29,Emergency,Emergency,Dr. Nguyen,Hyperlipidemia,Anxiety Disorder,Insulin Glargine,,163.8,69.9,26.1,140/70,5,37.1,-999,N/A,2.85,5.8,,41943.97,0,0,No,Moderate,Home
78746,Barbara,Flores,1987-12-22,30,M,350-23-5767,571-980-7221,barbara.flores18@hotmail.com,991 Maple Blvd,San Diego,NY,39771,2018-09-02,2018-09-24,22,Elective,Pediatrics,Dr. Thomas,Asthma,,Metformin,,170.7,,20.5,103/101,83,37.2,93,321,4.37,5.0,Humana,36352.76,1,0,1,N/A,Home
68966,  Daniel  ,Smith,1979-02-13,,F,208-88-5631,711-521-1781,daniel.smith85@hotmail.com,746 Oak St,Philadelphia,PA,93230,2021-06-06,2021-06-09,3,Elective,Surgery,Dr. Garcia,Heart Failure,Coronary Artery Disease,Metformin,Omeprazole,185.4,97.5,28.4,,N/A,38.3,96,83,7.59,,,61760.48,1,0,no,Occasional,Discharged to SNF
58506,,,1992-04-17,26,F,828-58-4383,656-270-5606,linda.lee60aol.com,423 Lake Rd,Milwaukee,VA,75125,2018-09-03,2018-10-03,30,Emergency,General Medicine,Dr. Taylor,Hypertension,Epilepsy,Insulin Glargine,Atorvastatin,173.2,45.9,15.3,106-73,72,,,330 mg/dL,4.53,12.8,Humana,53915.18,3,1,0,,Discharged to SNF
68379,sandra,Thomas,,34,M,748-55-6628,877-648-8483,sandra.thomas82@gmail.com,1000 Park Dr,Louisville,WI,70330,2021-04-09,2021-04-21,12,Elective,Pediatrics,Dr. Miller,Appendicitis,,Sertraline,Furosemide,178.8,99.4,31.1,156/66,113,37.1,91,241,2.58,10.9,UNKNOWN,84240.58,2,0,Former,Heavy,Home
95207,STEVEN,Mitchell,1964/03/11,56,M,997-97-2750,941-485-9413,steven.mitchell60@outlook.com,7396 Cedar Dr,Charlotte,WI,16173,2020-06-03,2020-06-18,15,Transfer,Oncology,Dr. Brown,COPD,Type 2 Diabetes,Prednisone,,151.1,55.8,24.4,N/A,101,36.6,93,N/A,5.86,12.6,Centene,29438.83,1,0,Y,N/A,Discharged to SNF
98789,Anthony,Martinez,,42,FEMALE,462-39-2320,477-895-4470,anthony.martinez35@yahoo.com,765 Pine Ave,San Francisco,NY,33526,2018-05-20,2018-05-30,10,Transfer,Surgery,Dr. Torres,Asthma,Type 2 Diabetes,Insulin Glargine,,154.3,75.8,31.8,149/80,98,,N/A,278,,8.7,Anthem,39943.14,1,0,yes,N/A,Transferred
86091,LISA,Williams,1954-10-01,64,F,830-31-7850,000-000-0000,lisa.williams42hotmail.com,4058 Cedar Rd,Nashville,MA,27012,2019-08-29,2019-09-05,7,Emergency,General Medicine,Dr. Nelson,UTI,Type 2 Diabetes,Omeprazole,,173.6,47.5,15.8,170/71,120 bpm,37.6,92,279,0.76,11.6,Aetna,63136.78,2,0,N,None,Transferred
32069,CHRISTOPHER,Sanchez,1964-08-07,57,M,596872167,978-318-2260,christopher.sanchez63@aol.com,5696 Hill Rd,San Antonio,FL,54143,2022-06-15,2022-07-07,22,Transfer,Emergency,Dr. Thomas,COPD,COPD,Prednisone,,184.2,120.7,35.6,100/97,101,37.6,91,160,6.96,10.1,United Health,64953.21,4,0,0,Moderate,Discharged to SNF
40788,Betty,  Green  ,,-999,M,125-16-4054,346-696-6973,betty.green2@aol.com,259 Pine Dr,Charlotte,SC,36438,2020-03-07,2020-03-23,16,Elective,Pediatrics,Dr. Lewis,Hypertension,Pneumonia,Lisinopril,,178.6,60.5,19.0,156/85,20,36.1,97,259,3.63,6.1,Aetna,22881.05,1,0,Former,Heavy,AMA
PT-28521,Jennifer,Flores,NULL,37,F,336-60-3899,000-000-0000,jennifer.flores39hotmail.com,5889 Hill Blvd,San Francisco,PA,26649,2019-12-14,2020-01-09,26,Urgent,Oncology,Dr. Lee,Heart Failure,Hyperlipidemia,Omeprazole,Aspirin,154.7,122.3,51.1,99/102,114,36.1,96 %,101,2.47,9.6,United Health,9111.28,1,0,Yes,None,Discharged to SNF
39456,Barbara,Adams,1940-06-01,,F,221-84-2429,000-000-0000,barbara.adams43@hotmail.com,3561 Washington Ln,Charlotte,LA,17106,2021-10-28,2021-11-24,27,Transfer,Psychiatry,Dr. Jones,Epilepsy,Stroke,Levothyroxine,Atorvastatin,163.7,126.6,N/A,177/65,77,,88,302,1.66,10.6 %,Medicaid,55324.01,3,0,,Heavy,Deceased
64800,Barbara,Lopez,1982-02-09,38,FEMALE,308-23-8433,534-303-1512,barbara.lopez85@yahoo.com,8855 Cedar Rd,Fort Worth,UT,87453,2021-01-17,2021-02-09,23,Urgent,Orthopedics,Dr. Lee,Pneumonia,Stroke,Losartan,,158.4,70.6,28.1,103/105,111,38.1,N/A,84,7.38,6.3,BlueCross BlueShield,25716.55,3,0,Unknown,Heavy,Home
93746,Paul,Torres,1967-02-26,52,F,454-68-2941,8907707842,paul.torres74@gmail.com,8426 Oak Dr,El Paso,MN,83949,2019-03-18,2019-04-03,16,Emergency,Orthopedics,Dr. King,Alzheimer's Disease,,Sertraline,Losartan,156.6,78.8,32.1,162/101,82,38.2,-999,158,7.47,12.4,Kaiser Permanente,21524.17,0,0,N,None,Discharged to SNF
59134,Karen,Smith,1980-09-04,43,F,***-**-8409,521-961-7309,karen.smith89@hotmail.com,1918 Hill Way,Los Angeles,NC,74408,2023-12-06,2024-01-02,27,Routine,Pediatrics,Dr. Rivera,Heart Failure,Osteoarthritis,Albuterol,Insulin Glargine,170.3,128.9,,108/63,120,38.5,89,,5.34,12.0,BlueCross BlueShield,22511.97,2,0,yes,,Home
17369,Susan,Martinez,NULL,38,F,353756930,724-601-3425,susan.martinez19@hotmail.com,3713 Park Rd,San Jose,SC,94823,2023-11-12,2023-11-18,6,Routine,Orthopedics,Dr. Green,Hypothyroidism,,Hydrochlorothiazide,,159.7,-999,45.1,135/94,96,,97,307,7.12 ,8.2,Aetna,39493.27,3,0,Y,,Transferred
46269,Karen,Torres,04/15/1995,26,Male,123-57-3603,962-885-8944,karen.torres82@outlook.com,4121 Park Dr,Fort Worth,OH,12586,2021-05-10,2021-06-09,30,Emergency,Cardiology,Dr. Sanchez,Rheumatoid Arthritis,Hyperlipidemia,Lisinopril,Insulin Glargine,N/A,75.3,20.6,94/97,,,96 %,254 mg/dL,,-999,Medicare,27579.84,4,1,Unknown,Moderate,Deceased
PT-37604,Melissa,Garcia,1992-06-29,N/A,F,128-42-9102,553-691-5799,melissa.garcia41@outlook.com,2235 Washington Ave,Austin,MI,81327,2021-12-28,2021-12-30,2,Emergency,Pediatrics,Dr. Scott,Atrial Fibrillation,,Albuterol,Pantoprazole,190.6,115.5,31.8,168/96,94,37.3,91,316,4.28,10.2,Medicaid,29453.9,2,0,yes,None,Discharged to SNF
91953,  Kenneth  ,Williams,1998-06-10,22,F,168-77-7163,672-850-9536,kenneth.williams15@gmail.com,447 Lake Way,Baltimore,KY,96693,2020-08-15,2020-09-14,30,Elective,Emergency,Dr. Lewis,Type 2 Diabetes,,Albuterol,Pantoprazole,182.4,57.9,17.4,170/94,99,39.5,98,,4.77 ,12.7,Centene,57953.61,1,0,,Moderate,Rehab Facility
91658,James,hill,1970-12-14,54,M,592-38-4607,418-732-4019,james.hill57@outlook.com,4842 Lake Rd,San Diego,OR,51937,2024-12-26,2024-12-29,3,Urgent,Oncology,Dr. Johnson,Type 2 Diabetes,Epilepsy,Sertraline,Hydrochlorothiazide,151.1,61.3,26.8,,98,38.5,91,115,0.68,11.7,ANTHEM,31105.33,1,0,No,None,Rehab Facility
34743,patricia,rodriguez,1980-07-22,42,F,755-72-3150,(720) 980-2107,PATRICIA.RODRIGUEZ8@YAHOO.COM,9756 Elm Way,San Antonio,MA,88308,2023-02-12,2023-02-23,11,Transfer,Orthopedics,Dr. Wilson,Anemia,Osteoarthritis,Amlodipine,,183.7 cm,98.3,29.1,157/75,53,36.8,88 %,210,1.29,4.5,BlueCross BlueShield,54883.64,1,0,Yes,Occasional,AMA
30921,Kimberly,CAMPBELL,2005-01-28,16,F,399-75-6798,756-638-6107,kimberly.campbell64@outlook.com,5297 Park Dr,Fort Worth,MD,64747,2021-08-28,2021-09-25,28,Routine,Emergency,Dr. Jones,Alzheimer's Disease,,Amlodipine,Furosemide,153.4,70.4,29.9,116/108,75,39.0,99,159,3.12,7.8,Medicare,51121.97,0,0,No,Moderate,Transferred
92322,Michael,Clark,1956-06-19,67,M,936-96-5615,471-916-7262,michael.clark18@outlook.com,1572 Pine Ln,Jacksonville,GA,59549,2023-08-29,2023-08-26,-3,Urgent,Surgery,Dr. Hill,Anemia,,Aspirin,Levothyroxine,164.9,118.0,43.4,110/61,70,36.7,90,184,4.71,5.6,,57362.2,0,0,yes,N/A,Transferred
72060,,GARCIA,1940-08-17,83 yrs,F,991-16-6152,885-202-5617,dorothy.garcia87@hotmail.com,1672 Hill Rd,Columbus,LA,89320,2024-05-29,2024-06-21,23,Elective,Pediatrics,Dr. Thompson,Anemia,Obesity,Lisinopril,,183.9,83.9,24.8,105/65,104,37.7,88 %,347,5.08,4.9,Centene,41968.53,5,0,,N/A,Transferred
25833,Mark,Nguyen,03/02/1980,,F,982-81-4358,5888156130,MARK.NGUYEN47@AOL.COM,7937 Park Rd,San Antonio,MO,57774,2023-03-24,2023-03-25,1,Urgent,Cardiology,Dr. Ramirez,Type 2 Diabetes,UTI,Amoxicillin,Omeprazole,151.3,117.9,51.5,175/87,64,N/A,89,157,6.63,6.4,Aetna,69842.83,1,1,Yes,,Deceased
83723,STEVEN,Hall,1958/05/07,65,F,915-70-6337,884-363-4415,steven.hall26@gmail.com,4514 Oak Rd,San Antonio,GA,44858,2023-05-07,2023-05-19,12,Elective,Surgery,Dr. Young,Anemia,,Insulin Glargine,Amlodipine,,107.3,45.4,180/93,50,38.1,98,114,1.4,6.1,Anthem,41496.03,1,0,,N/A,Discharged to SNF
43477,LISA,Flores,1943-01-31,195 yrs,M,344-73-9064,892-482-4434,lisa.flores33@gmail.com,972 Elm Rd,Tucson,CT,39381,2021-04-06,2021-04-11,5,Emergency,ICU,Dr. Allen,Migraine,COPD,Levothyroxine,Atorvastatin,189.0,N/A,17.0,107/77,113,36.5,,-999,N/A,-999,CIGNA,21281.0,3,0,Former,Occasional,Discharged to SNF
96038,  Andrew  ,,1970/04/23,50,M,***-**-9628,492-720-5203,andrew.rodriguez46@hotmail.com,9568 Pine Rd,Las Vegas,UT,97634,2020-05-22,2020-06-04,13,Urgent,Neurology,Dr. Lewis,Sepsis,Osteoarthritis,Sertraline,,161.0,106.5,41.1,102/66,82,37.5 C,-999,237,0.7,5.2,Humana,41862.39,1,0,Y,Heavy,Discharged to SNF
49058,Jennifer,Walker,1994-10-04,,F,235-66-2998,,,25 Cedar Way,Jacksonville,PA,25150,2020-07-28,2020-07-26,-2,Routine,Cardiology,Dr. Lewis,Stroke,Obesity,Amlodipine,,160.7,95.7,37.1,145/104,113,38.1,97,N/A,,8.4,United Health,15746.14,0,0,no,None,Discharged to SNF
93906,jennifer,KING,1956/01/29,66,F,918-87-5428,N/A,JENNIFER.KING64@AOL.COM,34 Washington Blvd,Philadelphia,MI,40821,2022-08-28,2022-09-05,8,Routine,Neurology,Dr. Roberts,Atrial Fibrillation,,Prednisone,Levothyroxine,184.7,76.4,22.4,,,38.8,96,117,4.46,N/A,Humana,17016.92,2,0,,Heavy,Rehab Facility
27534,Karen,Taylor,10/16/1998,24,F,151285969,(314) 782-9243,karen.taylor85@yahoo.com,4604 Pine Rd,San Antonio,LA,717XX,2023-08-02,2023-08-27,25,Elective,Neurology,Dr. Roberts,Sepsis,Type 2 Diabetes,Insulin Glargine,,187.8,107.6,30.5,105/68,71,N/A,96,291,7.51,12.9,Kaiser Permanente,12612.69,4,0,,Heavy,Home
PT-22499,donald,martin,1974-08-16,48,M,614-19-7363,432-248-3889,donald.martin14@yahoo.com,8782 Maple Ave,Houston,KY,87626,2022-08-11,2022-09-05,25,Emergency,Orthopedics,Dr. Carter,Hypothyroidism,,Aspirin,Levothyroxine,191.9,85.4,23.2 ,160/77,107,39.3,89,349,2.52,12.2,United Health,50841.18,0,0,No,None,Rehab Facility
39168,Patricia,Wilson,1973-03-31,N/A,F,863-26-3742,619-914-8894,patricia.wilson50gmail.com,7213 Hill St,El Paso,MI,74619,2021-12-20,2022-01-18,29,Urgent,Emergency,Dr. Jackson,Obesity,Parkinson's Disease,Levothyroxine,Omeprazole,166.0,108.6,39.4,126/70,76,,92,-999,3.68,11.8,BlueCross BlueShield,30921.83,2,0,,Heavy,Discharged to SNF
84206,Thomas,smith,1997-05-05,24,M,446-77-7049,560-714-4676,thomas.smith55@hotmail.com,9206 Park Blvd,El Paso,NC,520XX,2021-07-26,2021-08-04,9,Transfer,Cardiology,Dr. Campbell,Parkinson's Disease,UTI,Prednisone,Aspirin,180.4,67.2,20.6,149/99,57,37.7,96,83,4.48,8.6,,62493.49,2,0,no,Occasional,Rehab Facility
30698,Joshua,anderson,1993-05-30,27 yrs,M,845-89-7031,827-856-7318,joshua.anderson25@hotmail.com,9167 Park Blvd,Memphis,KY,19665,2020-12-07,2020-12-19,12,Emergency,Pediatrics,Dr. Martin,Anemia,,Losartan,Lisinopril,168.6,51.0,,162/99,109,36.9 C,89,80,7.08,10.5,MEDICAID,6947.9,4,0,N,Moderate,Home
21979,MICHAEL,King,1962-04-15,61,F,602497779,2482861706,michael.king3outlook.com,7251 Park Blvd,Tucson,WI,935XX,2023-06-08,2023-06-09,1,Routine,Neurology,Dr. Wright,Type 2 Diabetes,,Insulin Glargine,,-999,-999,17.1,179/74,63,39.2,100,143,,N/A,Kaiser Permanente,53711.31,0,0,Yes,Heavy,AMA
25976,Richard,Moore,,92,M,253-29-6944,314-781-7244,richard.moore33@yahoo.com,8305 Washington St,Jacksonville,UT,87342,2018-10-07,2018-10-31,24,Transfer,Emergency,Dr. Lee,Hypothyroidism,Chronic Kidney Disease,Atorvastatin,Aspirin,191.2,82.1,22.5,151/64,64,37.2,89,287,2.22 ,-999,Kaiser Permanente,21894.18,0,0,Yes,Occasional,AMA
28129,Christopher,JACKSON,,58,F,636-63-8366,635-949-8573,christopher.jackson36@hotmail.com,2915 Lake Rd,San Antonio,CT,77903,2019-04-18,2019-05-10,22,Routine,ICU,Dr. Lewis,Coronary Artery Disease,Coronary Artery Disease,Losartan,Lisinopril,155.6,103.3,42.7,69/90,-999,38.5,98,136,0.61,5.0,Medicaid,19968.06,2,1,N,Occasional,AMA
93617,Linda,Thomas,1976-07-07,45,F,277-69-7186,636-528-5211,linda.thomas97@aol.com,8186 Pine Way,Philadelphia,MI,92781,2021-11-10,2021-11-25,15,Emergency,Neurology,Dr. Martin,Sepsis,Depression,Warfarin,Levothyroxine,158.9,59.2,23.4,164/73,72,39.4,100,180,1.6 ,-999,BlueCross BlueShield,16479.35,5,0,yes,Heavy,Discharged to SNF
88468,  Kenneth  ,Martinez,1983-06-12,38,M,593-11-2626,518-291-2887,kenneth.martinez11@hotmail.com,6234 Maple Ave,El Paso,FL,79248,2022-02-18,2022-02-28,10,Routine,Cardiology,Dr. Torres,Asthma,Sepsis,Gabapentin,,-999,116.5,,90/67,109,36.3,,109,7.25,10.0,KAISER PERMANENTE,46582.77,0,0,No,Heavy,Transferred
28237,Charles,martinez,2000-10-06,21,F,756-22-2437,5164522296,charles.martinez96@gmail.com,9777 Lake Way,Dallas,NJ,70134,2022-03-17,2022-03-28,11,Routine,Pediatrics,Dr. Campbell,Coronary Artery Disease,Obesity,Amlodipine,,-999,92.1,29.0,157/71,75,,100,297,3.63,6.0,Humana,11825.38,1,0,N,None,Rehab Facility
74037,Carol,  Martin  ,1992-11-17,30,Male,215-48-7544,321-312-8753,carol.martin58@aol.com,6091 Cedar Ln,San Jose,KY,52168,2023-06-07,2023-07-03,26,Routine,Oncology,Dr. Wilson,Alzheimer's Disease,Type 2 Diabetes,Furosemide,,170.6,92.9,31.9,159/71,86,38.8,88,213,N/A,4.2,UNKNOWN,32976.48,4,1,yes,,Deceased
57467,Linda,Jones,NULL,69,F,416-49-4609,766-707-9972,linda.jones61gmail.com,3785 Elm Rd,Houston,UT,69979,2020-06-23,2020-06-27,4,Elective,ICU,Dr. Hernandez,Sepsis,,Clopidogrel,Atorvastatin,-999,101.7,34.3,115/86,87,38.5,89 %,242,1.15,N/A,Humana,46004.69,0,0,1,Occasional,Transferred
96154,MATTHEW,Flores,1979-06-09,42,M,185-21-6240,590-974-9878,,2051 Oak Ln,Columbus,PA,13733,2021-12-19,2021-12-21,2,Transfer,Oncology,Dr. Martinez,Type 2 Diabetes,Epilepsy,Metformin,Warfarin,178.9,,40.5,140/93,85,37.7,97,191,,10.9,Cigna,58360.64,0,0,,N/A,Transferred
54161,Carol,Jackson,1983-11-03,39,F,348-65-4225,240-540-8483,carol.jackson95@hotmail.com,6222 Washington Way,Seattle,SC,70729-0000,2023-04-05,2023-05-05,30,Routine,Emergency,Dr. Johnson,Type 2 Diabetes,Type 2 Diabetes,Metoprolol,Levothyroxine,183.7,112.3,33.3,154-73,81,,93,,6.95,12.6,Medicaid,36639.24,0,0,0,Moderate,Deceased
78208,Dorothy,Nelson,1974-10-15,126,M,,(818) 331-2578,dorothy.nelson53@hotmail.com,8598 Oak Dr,Milwaukee,FL,10357,2018-07-25,2018-07-24,-1,Urgent,Oncology,Dr. Rodriguez,Alzheimer's Disease,Hypothyroidism,Metformin,,172.0,77.9,26.3,160/67,68,,N/A,182,4.69,11.7,Anthem,36922.95,0,0,N,Occasional,Rehab Facility
25167,Daniel,Perez,1983-11-11,38,M,***-**-6402,457-747-4183,daniel.perez53@yahoo.com,3199 Pine St,Milwaukee,TX,80124,2022-10-14,2022-11-09,26,Transfer,Emergency,Dr. Lewis,Hyperlipidemia,Hypertension,Losartan,,169.0,76.4,26.7 ,156/68,104,37.4,94,179,4.97,8.1,MEDICARE,26793.43,3,0,no,N/A,AMA
56053,Nancy,  Brown  ,1958-08-29,62,F,862-40-9497,912-995-5078,nancy.brown34gmail.com,7516 Maple Ln,Fort Worth,AZ,13343,2021-06-25,2021-07-20,25,Emergency,General Medicine,Dr. Green,Alzheimer's Disease,Sepsis,Insulin Glargine,,168.8,92.8,32.6,118/94,84,39.5,89,186,2.81,,MEDICAID,65094.63,3,0,Yes,Occasional,AMA
97984,ELIZABETH,Walker,1962-01-09,59,M,373-70-9335,720-710-8651,elizabeth.walker68@aol.com,8202 Park Ln,Fort Worth,MI,771XX,2021-10-05,2021-10-29,24,Transfer,ICU,Dr. Jones,Alzheimer's Disease,Anemia,Prednisone,,171.9,103.4,35.0,96/73,51,-999,94,254,1.22,12.5,Centene,7818.03,0,0,Unknown,,Transferred
96544,MATTHEW,Perez,1941-08-04,76,M,***-**-5624,814-582-8805,matthew.perez56@gmail.com,9335 Washington Way,El Paso,SC,42598,2018-03-27,2018-04-04,8,Elective,ICU,Dr. Wright,Epilepsy,,Metformin,Prednisone,194.8,119.6,,123/66,4,40.0,93,118,7.99,6.0,Medicare,5040.8,1,1,1,Heavy,Deceased
49868,ROBERT,Lopez,1992-07-29,191,M,322-19-4351,5068483442,robert.lopez40@gmail.com,7207 Oak Way,El Paso,CT,,2022-01-25,2022-02-02,8,Urgent,Oncology,Dr. Adams,Stroke,Coronary Artery Disease,Hydrochlorothiazide,,164.9,123.4,,93/71,2,38.9,N/A,-999,6.49,10.5,Medicare,51668.38,0,0,,Occasional,Rehab Facility
45971,,Hernandez,1977-08-28,43,F,868-67-8577,298-892-8587,betty.hernandez16yahoo.com,9351 Cedar Way,Nashville,MD,18629,2021-07-30,2021-08-02,3,Routine,ICU,Dr. Roberts,Epilepsy,Sepsis,Atorvastatin,,165.8,49.4,,178/94,105,37.7,100,179,3.81,7.3,Medicare,-4160.81,3,0,Former,N/A,Deceased
80846,brian,Moore,1967-04-11,57,M,855-72-9704,576-493-6368,brian.moore62@outlook.com,9503 Maple Blvd,Los Angeles,OH,52506,2024-09-27,2024-10-18,21,Routine,Cardiology,Dr. Taylor,Alzheimer's Disease,Depression,Losartan,,150.3,106.3,47.1,138-95,101,36.1 C,98,175,-999,7.3,Cigna,11397.62,4,0,No,Occasional,Transferred
94931,patricia,Brown,1985-01-23,33,M,773914667,973-827-4327,patricia.brown32@aol.com,8635 Park Way,San Diego,AL,35649,2018-09-01,2018-09-17,16,Routine,Surgery,Dr. Campbell,Hypothyroidism,Atrial Fibrillation,Pantoprazole,Hydrochlorothiazide,173.7,116.9,38.7,144/77,108,37.0,N/A,269,,9.4,Anthem,13145.59,4,1,N,,Discharged to SNF
88227,Deborah,flores,12/15/1965,54,F,554-78-7771,653-886-4750,deborah.flores90@aol.com,1108 Hill St,Denver,TX,73196,2019-12-24,2020-01-13,20,Routine,Cardiology,Dr. Nelson,Osteoarthritis,Anemia,Gabapentin,Clopidogrel,167.8,58.1,20.6,142/102,73,39.6,95,N/A,-999,10.7,Cigna,18854.09,4,1,N,Occasional,Transferred
57753,Timothy,Martinez,1958-04-17,66,F,127-84-9371,639-644-3638,timothy.martinez90@hotmail.com,5129 Main Blvd,Albuquerque,KY,94524,2024-09-21,2024-10-09,18,Urgent,Pediatrics,Dr. Lee,Asthma,Sepsis,Metformin,,-999,-999,15.9,160/103,79,38.8,93,338,6.31,11.1,KAISER PERMANENTE,61410.56,3,0,yes,Heavy,Discharged to SNF
49238,donna,Walker,1982-09-22,40,F,993-19-3538,N/A,donna.walker44@gmail.com,1326 Elm Blvd,Columbus,CA,17164,2022-09-15,2022-10-11,26,Urgent,Emergency,Dr. Lopez,Stroke,Osteoarthritis,Prednisone,,160.9,N/A,6.0,122/82,120,38.4,88,,7.48,8.6,United Health,73730.24,4,0,yes,Occasional,AMA
35034,Susan,CLARK,1973-02-18,45,M,***-**-9689,348-270-5512,susan.clark41@yahoo.com,8511 Hill Ln,Albuquerque,MA,81463,2018-09-24,2018-09-25,1,Elective,Surgery,Dr. Thompson,Parkinson's Disease,UTI,Hydrochlorothiazide,,152.9,56.9,24.3,127/62,114,36.3,91,82,5.65,9.2,United Health,47185.86,0,0,Yes,Moderate,Home
66081,Patricia,Baker,1956-10-02,66,f,210-56-1172,000-000-0000,patricia.baker43@gmail.com,6144 Washington Dr,El Paso,WA,64663,2023-08-09,2023-08-30,21,Routine,General Medicine,Dr. Wright,Type 2 Diabetes,Osteoarthritis,Metformin,Amoxicillin,170.6,,6.2,74/109,N/A,37.6,88,228,2.54,7.5,KAISER PERMANENTE,54911.23,0,1,,Occasional,Transferred
92577,Karen,Lopez,1984-08-05,34,F,747-80-2786,424-455-1121,karen.lopez79@aol.com,6062 Maple Ave,San Jose,FL,418XX,2018-10-19,2018-11-18,30,Routine,Oncology,Dr. White,Coronary Artery Disease,Parkinson's Disease,Metformin,,,51.9,20.2,170/97,105,39.0,90,N/A,4.14,5.7,Cigna,62844.65,3,0,N,Moderate,Transferred
22128,Dorothy,Green,2001-09-30,20,M,749-24-5832,477-637-7657,dorothy.green12@aol.com,4138 Oak Dr,Jacksonville,WI,96221,2021-09-26,2021-10-11,15,Urgent,Emergency,Dr. Thomas,Asthma,,Warfarin,Warfarin,170.4,127.2,43.8,N/A,63,39.5,96,128,3.11,10.8,Medicaid,36682.56,1,0,Unknown,N/A,Transferred
50596,Dorothy,King,1948-09-03,72,M,541-24-2790,(654) 204-3684,dorothy.king63@aol.com,4868 Pine Dr,San Diego,TN,47949,2021-07-02,2021-07-15,13,Routine,Oncology,Dr. Hernandez,UTI,Anemia,Metoprolol,Albuterol,182.1,90.7,27.4,137/108,61,36.3,91,109,5.58,5.8,Medicare,65028.8,4,0,Y,,Deceased
73845,jessica,Mitchell,1991-04-17,,F,660-42-1099,268-636-2427,jessica.mitchell86@outlook.com,6237 Pine Ln,Baltimore,CT,16285,2018-08-16,2018-08-29,13,Routine,Neurology,Dr. Moore,Chronic Kidney Disease,Anxiety Disorder,Losartan,Aspirin,,52.3,5.9,,66,,90,333,7.69,6.1,,2195.95,5,0,N,N/A,Deceased
49202,,Thompson,11/06/1948,72,F,647-42-4952,732-731-2123,NA,7675 Maple Ave,Philadelphia,IN,507XX,2021-02-19,2021-03-10,19,Elective,Cardiology,Dr. Harris,Appendicitis,Sepsis,Amoxicillin,,158.5,86.3,34.4,160/62,109,37.6,99 %,109,6.84,8.7,Medicaid,23777.52,0,0,Unknown,None,Home
17766,Thomas,robinson,1974-08-13,43,M,676-69-4110,987-512-7048,thomas.robinson13@yahoo.com,9625 Washington Blvd,Fort Worth,MN,98741,2018-07-03,2018-07-14,11,Urgent,Emergency,Dr. Garcia,Heart Failure,Appendicitis,Hydrochlorothiazide,Metformin,164.7,57.0,21.0,174/83,76 bpm,39.2,100,246,6.96,,,60206.73,4,1,no,N/A,Home
94663,Joshua,  Flores  ,1963-04-21,57,M,555-68-6822,607-575-6155,joshua.flores14@yahoo.com,8407 Hill Rd,Memphis,OK,77490,2020-04-14,2020-04-26,12,Elective,Cardiology,Dr. Garcia,Anxiety Disorder,Atrial Fibrillation,Pantoprazole,,176.9,,39.5,161/96,91,37.9,95,234,1.82,6.4,Medicaid,29826.27,3,0,Former,Occasional,Home
78993,Nancy,  Martinez  ,1986-09-06,33,F,908-58-7880,221-642-9725,nancy.martinez93@aol.com,2485 Pine Dr,Louisville,MD,93928-0000,2020-03-31,2020-04-18,18,Emergency,Cardiology,Dr. Hernandez,Chronic Kidney Disease,Coronary Artery Disease,Levothyroxine,,159.7 cm,98.0,38.4,133/104,-999,36.3 C,89,320,1.97,12.9,,4422.86,0,0,Former,None,Discharged to SNF
48662,Donna,sanchez,1970-02-24,48,F,279-97-7442,394-545-6821,donna.sanchez35@outlook.com,3402 Cedar Rd,New York,MN,900XX,2018-05-29,2018-06-07,9,Elective,Surgery,Dr. Miller,Rheumatoid Arthritis,UTI,Losartan,,169.8,91.8,31.8,,95,36.4,90,286,4.53,5.7,Aetna,48459.84,2,0,Y,Moderate,Rehab Facility
PT-88604,Andrew,,2002/06/06,21,M,136285736,293-570-6518,andrew.sanchez15@outlook.com,6496 Cedar Dr,Memphis,IN,52843,2024-04-15,2024-04-29,14,Routine,ICU,Dr. Wright,Atrial Fibrillation,Atrial Fibrillation,Metoprolol,Lisinopril,192.8,129.9,34.9,105/100,108,36.5,91,112,4.99,10.0,CENTENE,51583.29,1,1,Y,,Deceased
54553,sandra,Perez,1958-05-20,156,F,202435530,987-541-3737,sandra.perez95@gmail.com,8982 Washington St,Portland,VA,32127,2018-08-14,2018-09-05,22,Transfer,Psychiatry,Dr. Nguyen,Hypothyroidism,,Metformin,Clopidogrel,174.6,94.1,30.9,139/99,74,39.5,92,174,,5.4,BlueCross BlueShield,58139.84,0,1,No,Moderate,Rehab Facility
49742,CHARLES,Perez,1959/09/01,,M,684-99-7556,740-866-6528,charles.perez97@yahoo.com,7087 Lake Way,Baltimore,KY,69271,2024-06-12,2024-07-06,24,Routine,Neurology,Dr. Taylor,COPD,,Amlodipine,Pantoprazole,182.6,46.1,13.8,122/61,60,,92,140,N/A,,United Health,26412.8,0,0,Former,,AMA
55912,carol,Thomas,1940-02-25,,F,304-33-6515,591-789-7811,carol.thomas35@outlook.com,1101 Cedar Ave,Albuquerque,UT,42954,2023-12-17,2023-12-30,13,Urgent,Oncology,Dr. Clark,Asthma,Osteoarthritis,Atorvastatin,Clopidogrel,191.4,91.8,25.1,137/72,113,38.7,93,187,2.3,N/A,Humana,83895.03,1,1,Unknown,Heavy,Discharged to SNF
64881,Timothy,Green,1967-01-17,N/A,M,516-55-8178,6675224930,NA,9953 Park St,Phoenix,PA,55419,2021-08-23,2021-08-29,6,Urgent,General Medicine,Dr. Allen,Migraine,Hypertension,Warfarin,,N/A,N/A,,155/102,73,38.4,100,178,5.84,9.4,Aetna,27832.76,1,0,yes,None,Transferred
30026,Ashley,Clark,1963-06-17,58,F,235-72-3209,296-663-1019,NA,1977 Hill Ln,San Francisco,OK,97331,2021-07-07,2021-07-17,10,Urgent,Neurology,Dr. Clark,Rheumatoid Arthritis,,Amoxicillin,,169.5,101.0,35.2,,115,36.8,100,115,,5.9,Kaiser Permanente,10608.64,0,1,Yes,Occasional,AMA
91349,Dorothy,Allen,1980-07-13,N/A,,580-37-1401,865-342-4839,dorothy.allen68@hotmail.com,5416 Oak Rd,Baltimore,MD,93680,2023-12-02,2023-12-22,20,Elective,Surgery,Dr. Martinez,Migraine,,Omeprazole,Lisinopril,151.9,93.3,40.4,180/109,111,39.3 C,100,106,1.09,4.4,United Health,17146.64,3,0,yes,Occasional,Transferred
42225,Timothy,Clark,1956-05-11,63,female,792-81-5894,779-829-3021,timothy.clark76@aol.com,2838 Hill Ln,New York,IL,67546,2019-06-18,2019-07-07,19,Emergency,Surgery,Dr. Davis,Asthma,,Metformin,Clopidogrel,161.5,,25.7,133/89,53,36.6,88,265,4.46,6.8,Cigna,49933.51,2,0,No,N/A,Deceased
28623,  Jennifer  ,Baker,1963/08/28,55,F,206-35-9028,000-000-0000,jennifer.baker62@hotmail.com,7797 Washington Ave,Dallas,NY,20021,2019-04-02,2019-04-28,26,Transfer,Surgery,Dr. Thompson,COPD,Alzheimer's Disease,Levothyroxine,Amlodipine,194.1,126.7,33.6,124/63,117,,89,289,2.24,6.2,United Health,30930.52,5,0,No,Heavy,Discharged to SNF
54359,Nancy,King,1970-08-02,48,M,115-22-5434,,nancy.king18@yahoo.com,1337 Washington Dr,Dallas,AZ,54118,2019-05-10,2019-06-06,27,Transfer,Pediatrics,Dr. Robinson,Rheumatoid Arthritis,Heart Failure,Insulin Glargine,,187.2,49.5,N/A,95/68,97,37.4,100,273,4.32,8.6,United Health,39637.33,4,1,0,N/A,Deceased
77784,Karen,Green,1947-01-20,74,M,693-12-1348,293-804-8398,karen.green54@aol.com,4535 Elm St,Dallas,GA,89831,2021-05-05,2021-06-01,27,Routine,ICU,Dr. Jones,Type 2 Diabetes,,Amoxicillin,,163.5,64.9,24.3,127/79,109,-999,90,237,4.72,,,53703.25,5,0,1,None,AMA
61017,Christopher,,1965-03-10,55,male,176-62-1124,876-479-5825,christopher.white15@outlook.com,1119 Hill St,San Diego,OK,30653,2020-11-08,2020-12-07,29,Transfer,Surgery,Dr. Torres,Asthma,Epilepsy,Hydrochlorothiazide,,N/A,87.4,23.8 ,100/110,102,38.6,94,148,N/A,12.7,Cigna,69599.88,4,0,yes,Moderate,Transferred
64996,  John  ,Young,,68,M,286-56-6555,340-553-8543,JOHN.YOUNG54@GMAIL.COM,3894 Cedar Blvd,Portland,CA,55801,2018-12-07,2019-01-03,27,Transfer,Orthopedics,Dr. Carter,Sepsis,Stroke,Gabapentin,Clopidogrel,181.0,,14.2,157/109,97,38.0,97,165,6.53,,Anthem,36929.18,3,0,Yes,Moderate,Rehab Facility
65098,Michael,Martin,1998-11-18,,M,246-97-8552,N/A,michael.martin35@outlook.com,1115 Hill Way,Oklahoma City,WA,35284,2024-05-12,2024-06-03,22,Transfer,Neurology,Dr. Clark,UTI,Stroke,Losartan,Warfarin,169.5,107.5,37.4,135/88,54,N/A,97,93,5.08,9.5,Anthem,16359.45,2,1,yes,Heavy,AMA
21525,Mark,  Carter  ,1963-02-17,4,F,989-78-9730,8755948240,mark.carter67@aol.com,1662 Cedar Ln,Los Angeles,OK,582XX,2021-09-05,2021-10-02,27,Emergency,Pediatrics,Dr. Flores,Chronic Kidney Disease,Atrial Fibrillation,Clopidogrel,,185.7,113.4,32.9,133/62,70,39.4,96,111,4.58,12.6,Aetna,25749.1,3,0,Unknown,,Discharged to SNF
39784,KAREN,Sanchez,1961-09-13,59,F,679-10-2244,911-938-9207,karen.sanchez36outlook.com,7625 Main Ln,Houston,AZ,68447,2021-06-06,2021-06-17,11,Elective,Cardiology,Dr. Campbell,UTI,Asthma,Lisinopril,,161.2,109.7,,95/98,99,36.4,95,,0.93,12.1,United Health,27414.39,2,0,Unknown,,Home
75126,Christopher,Wright,1956-10-23,61,M,321-29-5574,731-822-4166,christopher.wright19@yahoo.com,7891 Elm Dr,Albuquerque,MA,94941,2018-03-31,2018-04-06,6,Urgent,Pediatrics,Dr. Martinez,Coronary Artery Disease,Obesity,Hydrochlorothiazide,,175.3,93.0,5.6,93/67,111,38.8,88,303,1.89,10.0,Cigna,70699.02,4,0,N,N/A,Deceased
41729,Nancy,Garcia,1998-07-16,26,F,391-81-8838,881-696-8230,nancy.garcia39@outlook.com,9572 Park Rd,San Diego,LA,63423,2024-12-01,2024-12-23,22,Elective,General Medicine,Dr. Torres,Alzheimer's Disease,,Metformin,,,89.3,,116/80,120,38.1,91,202 mg/dL,7.95,4.6,Medicare,72541.73,4,1,N,None,AMA
63341,William,Jones,1968-07-11,50,F,906-23-5152,647-619-1869,NA,5734 Hill Ave,Memphis,KY,11845,2019-04-10,2019-04-22,12,Elective,ICU,Dr. White,Sepsis,Type 2 Diabetes,Amlodipine,Levothyroxine,180.4,64.8,,170/99,111 bpm,38.1,99,N/A,5.46,7.8,UNITED HEALTH,33257.11,2,0,Y,Occasional,Transferred
20782,Michelle,Lee,2004-07-29,19,F,346-63-7393,794-943-5303,michelle.lee80@aol.com,8405 Main Ln,Nashville,VA,42632,2023-12-26,2024-01-04,9,Routine,General Medicine,Dr. Miller,Obesity,Stroke,Aspirin,,,,20.2,117/69,79,36.3,90,,4.62,11.4,Kaiser Permanente,43635.14,4,0,Unknown,Occasional,Discharged to SNF
63147,Sarah,Moore,1990/10/18,33,F,680-15-9448,294-901-2310,sarah.moore19@yahoo.com,1213 Elm Rd,Memphis,PA,14988,2024-08-14,2024-09-01,18,Emergency,ICU,Dr. Nelson,Chronic Kidney Disease,Appendicitis,Clopidogrel,,193.1,65.6 kg,17.6,,67,36.2,90,304,2.79,6.2,Anthem,24066.04,1,0,Y,Occasional,Rehab Facility
79722,susan,rodriguez,1946-12-18,71,M,179-89-7927,961-484-6591,susan.rodriguez78aol.com,2271 Pine Ave,Philadelphia,MO,64993,2018-09-11,2018-10-08,27,Transfer,Orthopedics,Dr. Johnson,Asthma,Migraine,Atorvastatin,,174.5,101.4,33.3,122/75,105,37.9,88,252,4.61,8.8,Anthem,52336.08,2,1,1,,Discharged to SNF
71459,timothy,Hall,04/01/1949,,F,537-77-5697,580-725-4501,timothy.hall91@gmail.com,239 Cedar Way,Nashville,KY,11646,2020-08-02,2020-08-29,27,Emergency,General Medicine,Dr. Green,Osteoarthritis,Osteoarthritis,Clopidogrel,Omeprazole,187.5,,17.9,106/79,87,38.9,94,188,4.79,,United Health,59232.14,3,0,No,,Discharged to SNF
51011,Kevin,Green,NULL,18,F,104-15-9807,343-383-3094,kevin.green8hotmail.com,2734 Main Ln,Las Vegas,IL,40905-0000,2019-04-25,2019-05-14,19,Routine,General Medicine,Dr. Davis,UTI,,Furosemide,,179.8,105.5,32.6,108/72,,39.6,89,330,4.04,10.2,Centene,45144.62,0,1,Yes,None,Home
33961,Patricia,Martinez,1941-10-13,78,F,190-94-8003,8234636143,patricia.martinez56@hotmail.com,6208 Park Dr,Charlotte,MO,60015,2020-09-04,2020-10-01,27,Emergency,Cardiology,Dr. Hall,Parkinson's Disease,Migraine,Gabapentin,,165.3 cm,78.5,-999,115/68,57,38.8,93,149,6.83,6.5,UNKNOWN,60857.01,0,0,No,Occasional,Home
28518,Linda,Walker,1969-07-24,48,Female,***-**-9185,822-970-4911,,8327 Hill St,Austin,OH,91985,2018-07-01,2018-07-05,4,Urgent,Surgery,Dr. Brown,Depression,,Hydrochlorothiazide,Hydrochlorothiazide,-999,129.9,,145/65,18,37.4,89,132,,7.4,Kaiser Permanente,82477.02,1,0,Unknown,None,Rehab Facility
21487,Karen,Lopez,2000/09/03,20,M,297-61-1724,(554) 501-8969,karen.lopez11@yahoo.com,1295 Main Ln,Dallas,MD,71994,2021-05-06,2021-06-03,28,Routine,Cardiology,Dr. Martin,Heart Failure,COPD,Aspirin,,168.1,68.8,24.3,95/64,107,39.4,95,89,1.0,7.8,Centene,59956.07,3,1,No,,Rehab Facility
52175,William,Allen,1950-02-15,70,F,386-95-3778,,william.allen99@aol.com,5544 Elm Ln,Philadelphia,MN,85154,2020-12-08,2020-12-27,19,Routine,ICU,Dr. Green,Parkinson's Disease,,Metformin,,154.3,N/A,43.4,150/80,119,37.0,93 %,210,6.49,12.6,BlueCross BlueShield,56596.62,2,1,yes,Moderate,Transferred
37486,Steven,  Garcia  ,1996-03-09,23,M,427-68-5287,308-685-2087,steven.garcia65@hotmail.com,295 Main St,Los Angeles,IN,93733,2020-02-09,2020-02-14,5,Emergency,Cardiology,Dr. Garcia,Parkinson's Disease,,Atorvastatin,,171.3,121.4,41.4,N/A,78,36.7,95,182,3.78,,Aetna,23846.21,0,0,No,N/A,Transferred
50665,Susan,Sanchez,2001-09-30,,F,115-75-4673,428-734-3151,susan.sanchez96@outlook.com,9283 Park Ln,Phoenix,AZ,55553,2024-02-12,2024-03-07,24,Emergency,Psychiatry,Dr. Torres,Appendicitis,UTI,Hydrochlorothiazide,Atorvastatin,169.9,86.4,29.9,170/97,115,40.0,89,164,5.73,9.5,Medicaid,35265.74,1,0,Former,N/A,AMA
73229,Christopher,Williams,1985-06-25,32,F,514-53-8353,253-657-5028,christopher.williams83@aol.com,6597 Main Rd,Baltimore,NC,58245,2018-03-06,2018-03-08,2,Transfer,Surgery,Dr. Nguyen,Alzheimer's Disease,Heart Failure,Atorvastatin,Losartan,158.6,107.1,42.6,120/74,,37.1,89,159,,9.1,Cigna,18908.73,0,0,Former,N/A,AMA
18969,KEVIN,Adams,,81,Female,***-**-8995,(327) 314-8206,kevin.adams97@yahoo.com,5181 Hill Dr,Seattle,WI,48423,2022-09-06,2022-09-11,5,Elective,ICU,Dr. Robinson,Hyperlipidemia,,Warfarin,,162.7,,41.8,,89,37.8,,349,7.79,6.6,Centene,21676.67,5,0,Former,Moderate,Rehab Facility
15907,Mary,Martinez,1994-07-26,29,male,594-42-2441,485-617-6659,mary.martinez47@hotmail.com,3004 Cedar Way,Louisville,TX,52947,2024-03-04,2024-04-03,30,Elective,Orthopedics,Dr. Harris,Atrial Fibrillation,Anxiety Disorder,Furosemide,Warfarin,154.7,,38.5,94/80,89,39.5,,116,4.05,6.7,Aetna,29985.53,2,1,yes,Occasional,Home
98953,,Martinez,1958/08/28,62,Male,459-19-9531,483-240-7203,lisa.martinez27@aol.com,4219 Washington Blvd,Portland,WI,,2020-12-20,2020-12-23,3,Elective,Pediatrics,Dr. Carter,Chronic Kidney Disease,Atrial Fibrillation,Omeprazole,Atorvastatin,162.4,124.6,47.2,164/64,90 bpm,39.7,97,78,5.51,5.8,,52740.63,0,0,yes,,AMA
82405,Andrew,Mitchell,1949-12-20,74,Unknown,605-83-2462,705-660-7553,andrew.mitchell16@aol.com,1399 Oak Dr,San Francisco,CA,672XX,2024-10-24,2024-10-30,6,Urgent,Neurology,Dr. White,Heart Failure,Heart Failure,Albuterol,,184.6,122.4,35.9,,80,36.5,91,157,2.51,5.0,UNKNOWN,10882.52,5,0,yes,Moderate,Discharged to SNF
97319,David,  Miller  ,1951-07-15,,F,241-42-3600,643-404-8421,david.miller72@yahoo.com,1288 Maple Blvd,Las Vegas,IN,61477,2021-04-03,2021-04-13,10,Urgent,General Medicine,Dr. Jackson,Obesity,,Levothyroxine,Clopidogrel,155.9,86.5,35.6,145/101,106,36.6,99,153,2.13,5.3,Humana,40790.9,3,1,No,Heavy,Transferred
86969,thomas,Young,1998-07-02,26,M,407-34-8349,N/A,thomas.young79@hotmail.com,2704 Pine Ln,San Francisco,UT,81820,2024-10-08,2024-10-23,15,Transfer,Cardiology,Dr. Scott,Obesity,Heart Failure,Warfarin,,-999,108.2 kg,N/A,93/87,94,36.0,-999,289,7.54,5.7,CIGNA,990.61,1,1,Yes,,Discharged to SNF
16506,James,HERNANDEZ,1951-09-22,72,F,907-88-5106,416-372-8064,james.hernandez5@yahoo.com,4910 Main Ln,San Antonio,OR,333XX,2024-08-03,2024-08-31,28,Urgent,ICU,Dr. Wright,Hypertension,Anemia,Aspirin,Metformin,150.7,102.2,N/A,151/98,67,39.4,97,332,,6.2,Anthem,9297.75,1,0,Y,Occasional,Home
69862,Nancy,Nguyen,1949-10-31,69,M,716-83-7980,718-485-9538,nancy.nguyen89yahoo.com,2217 Hill Rd,Dallas,LA,45267,2019-02-26,2019-03-23,25,Transfer,Emergency,Dr. Baker,Epilepsy,Migraine,Warfarin,Atorvastatin,N/A,123.3,46.2,121/90,94,39.2,100,80,6.16,5.3,,68898.77,2,0,,,Rehab Facility
91987,  George  ,Wright,1970-05-11,48,F,218-24-9551,978-712-6537,george.wright79hotmail.com,1879 Hill Ave,Albuquerque,SC,,2018-12-21,2019-01-02,12,Urgent,Neurology,Dr. Moore,Alzheimer's Disease,Anxiety Disorder,Prednisone,,N/A,54.4,15.6,124/102,109,36.4,93 %,225,1.59,12.1,Cigna,33785.88,3,0,yes,None,Deceased
51187,Steven,Adams,1984/12/14,34,F,708-36-1468,490-831-5469,steven.adams7aol.com,1139 Main St,Albuquerque,WI,16119,2019-05-09,2019-05-30,21,Elective,ICU,Dr. Walker,Hypothyroidism,Rheumatoid Arthritis,Amoxicillin,Amoxicillin,152.9,,35.6,126/75,55,,92,,N/A,6.3,Cigna,79459.11,4,0,,Occasional,Home
12314,George,  Young  ,1942-04-14,81,F,351-42-8573,7223083421,george.young99@outlook.com,2036 Main Dr,Seattle,MO,77791,2024-01-23,2024-02-05,13,Emergency,Surgery,Dr. Davis,Appendicitis,Appendicitis,Pantoprazole,Albuterol,165.9,75.4 kg,27.4,166/72,96,38.9,94,240,2.42,9.1,,-1004.2,1,0,1,N/A,AMA
60991,William,Thompson,1941-09-28,76,F,687-88-1292,268-875-5335,NA,4927 Pine Way,Austin,NJ,12813,2018-09-08,2018-09-17,9,Transfer,Orthopedics,Dr. Nguyen,UTI,Appendicitis,Furosemide,,164.2,52.9,19.6,128/82,106,,93,114,4.96,N/A,,21300.82,0,0,Unknown,None,AMA
58335,Michelle,Flores,1960/12/21,61,F,101-20-8554,000-000-0000,michelle.flores54@hotmail.com,3343 Maple Way,Houston,IN,54010,2022-11-20,2022-11-28,8,Transfer,Orthopedics,Dr. Gonzalez,Hypothyroidism,,Levothyroxine,Gabapentin,152.2,53.7,23.2,108-89,103,36.8,97,187,N/A,,BlueCross BlueShield,7448.66,1,0,Unknown,Occasional,Discharged to SNF
76465,Michael,Roberts,1989-11-03,N/A,,578-18-7196,593-398-4428,michael.roberts92@gmail.com,1575 Washington Way,San Antonio,IL,37196,2023-03-03,2023-03-14,11,Urgent,General Medicine,Dr. Taylor,Pneumonia,Stroke,Lisinopril,,192.0,,17.7,,69,39.5,97,282,2.4,12.6,United Health,73959.41,0,1,Unknown,None,Transferred
60884,Michael,Miller,1970-11-05,49,F,733-32-4410,205-248-3137,michael.miller24@hotmail.com,7375 Oak Dr,Dallas,IL,33365,2020-04-05,2020-04-19,14,Elective,Neurology,Dr. Jones,Rheumatoid Arthritis,Atrial Fibrillation,Losartan,Furosemide,156.1,64.4,26.4,N/A,65,39.9,93,264,N/A,11.8,Centene,52907.4,0,1,Y,Occasional,Home
42189,Betty,Williams,1950-04-17,68,M,466-36-8736,(902) 848-3975,betty.williams18@outlook.com,9400 Maple Rd,Baltimore,GA,79376,2018-05-07,2018-05-29,22,Emergency,ICU,Dr. Hill,Sepsis,,Levothyroxine,Metoprolol,158.4,,49.2,133/84,118,38.8,89,80,2.0,11.6,ANTHEM,46450.8,2,0,N,Moderate,AMA
19990,Dorothy,Hernandez,1981-10-05,42,Unknown,852-49-5935,536-282-5300,dorothy.hernandez23@gmail.com,2302 Hill Rd,Indianapolis,VA,92486,2024-02-07,2024-02-29,22,Emergency,Orthopedics,Dr. Wright,UTI,,Omeprazole,,178.9,67.7,21.2,163/78,88,38.1,100,272,,11.1,Aetna,19040.78,0,0,Former,Heavy,Transferred
93695,Donna,Campbell,2000-09-05,22 yrs,M,800-82-2373,722-938-4453,donna.campbell93@hotmail.com,8198 Pine Ln,Dallas,MA,11724,2023-03-03,2023-02-26,-5,Emergency,ICU,Dr. Rodriguez,Appendicitis,Anxiety Disorder,Metformin,,175.2,58.7 kg,19.1,133/73,-999,39.1,97,167,4.62,5.4,ANTHEM,10552.68,0,0,1,,Transferred
45199,MELISSA,Wilson,1943-02-20,75,M,673-22-4350,(280) 331-1879,MELISSA.WILSON46@AOL.COM,9404 Lake Ln,Denver,NY,42118,2018-10-13,2018-10-23,10,Emergency,ICU,Dr. Clark,Epilepsy,,Prednisone,Metoprolol,164.5,,25.5,101/68,67,38.5,98,336,5.35,8.5,United Health,61127.21,1,0,,Heavy,AMA
34285,NANCY,Perez,1941-08-20,77,M,545-48-5759,223-415-2414,NA,1214 Hill Rd,Phoenix,PA,33001,2019-04-18,2019-04-23,5,Routine,Surgery,Dr. Lee,Obesity,Anxiety Disorder,Aspirin,,157.3,-999,25.8,115/87,99,36.9,88,-999,4.07,7.0,Kaiser Permanente,83368.14,2,0,Y,Moderate,Rehab Facility
63256,Lisa,roberts,1948-10-14,69,M,339-93-8293,(218) 671-3652,lisa.roberts64@hotmail.com,739 Elm St,Los Angeles,CT,28258,2018-05-08,2018-05-21,13,Transfer,Neurology,Dr. Brown,COPD,Depression,Metformin,Insulin Glargine,162.8,71.5,,130-71,104,37.0,100,118,3.74,11.1,Cigna,51377.62,4,1,no,,Deceased
73958,Donna,Nguyen,1946-12-15,74,M,806-40-4764,2119996076,donna.nguyen61@aol.com,5152 Hill Ave,Phoenix,MI,,2021-08-17,2021-09-09,23,Elective,Pediatrics,Dr. Clark,Parkinson's Disease,Stroke,Sertraline,,155.2,99.9,41.5,164/62,100,-999,,227,5.74,11.6,Medicare,24004.81,3,0,N,Heavy,AMA
31487,Linda,Garcia,1958-04-21,61,M,564-49-8658,N/A,linda.garcia41@outlook.com,9635 Pine Ave,Phoenix,AZ,84535,2019-12-11,2019-12-22,11,Routine,Cardiology,Dr. Allen,Atrial Fibrillation,Type 2 Diabetes,Metoprolol,Metoprolol,191.6,124.4,33.9,,58 bpm,36.2,N/A,136,0.84,4.7,Anthem,13522.56,2,0,Yes,N/A,Rehab Facility
00089502,William,Carter,2002-09-17,17,M,468-15-9993,376-783-1333,william.carter89yahoo.com,6380 Hill Ln,Jacksonville,AL,77318,2019-12-15,2020-01-03,19,Routine,Pediatrics,Dr. Flores,Type 2 Diabetes,Pneumonia,Sertraline,,182.4,89.5,26.9,93/92,80,39.9,100,211,3.13,9.2,Anthem,17413.93,1,0,no,None,Deceased
PT-11491,,Clark,,18,F,738-12-4355,(527) 749-4556,james.clark23@yahoo.com,2354 Cedar Blvd,San Francisco,PA,39837,2019-12-07,2019-12-27,20,Emergency,Surgery,Dr. Nguyen,Obesity,,Atorvastatin,Hydrochlorothiazide,174.9,98.2,32.1,170/80,68,N/A,89,N/A,4.36,4.9,Cigna,47498.56,0,1,Unknown,,Transferred
24539,  Elizabeth  ,Garcia,2002-02-27,19,F,269-32-6623,828-899-8412,elizabeth.garcia26@gmail.com,8440 Elm Rd,San Jose,TN,38623,2021-07-26,2021-08-18,23,Transfer,Cardiology,Dr. Green,Type 2 Diabetes,Anemia,Gabapentin,Omeprazole,N/A,70.7,25.6,90/109,56,40.0,97,322,6.52,11.0,BlueCross BlueShield,-1824.24,5,0,1,Heavy,Discharged to SNF
34162,Christopher,Ramirez,1993-02-13,28,F,386-79-1589,7888286786,christopher.ramirez21@yahoo.com,7448 Elm Dr,Philadelphia,MN,44364,2021-04-07,2021-05-03,26,Emergency,Neurology,Dr. Lewis,Chronic Kidney Disease,Epilepsy,Albuterol,Insulin Glargine,170.6,109.8,37.7,111/89,117,39.0,88,306,-999,7.6,Aetna,40714.15,1,0,Y,N/A,Home
78074,Charles,Carter,1961-01-31,57,M,118-35-4180,256-995-4765,CHARLES.CARTER66@GMAIL.COM,4416 Cedar St,Fort Worth,LA,34952,2018-03-16,2018-04-11,26,Transfer,Surgery,Dr. Miller,Hyperlipidemia,Hyperlipidemia,Amlodipine,,180.4,45.2,-999,161/73,65,37.9,89,233,5.8,11.1,Kaiser Permanente,-1202.89,5,1,,,Deceased
64991,John,Roberts,1981/04/07,43 yrs,M,938-42-5465,480-800-2052,JOHN.ROBERTS16@AOL.COM,1734 Elm Blvd,New York,TX,56014,2024-04-20,2024-05-04,14,Emergency,General Medicine,Dr. Rodriguez,Migraine,,Metoprolol,,188.3,94.2 kg,26.6,122/94,55 bpm,37.5,97,345,6.12,11.6,BlueCross BlueShield,62737.89,3,0,Y,,Deceased
44918,  Mark  ,Carter,1960/12/24,63,F,439918214,493-977-1998,mark.carter79outlook.com,8749 Washington Way,San Jose,GA,80547,2024-01-30,2024-02-05,6,Routine,Orthopedics,Dr. Harris,Appendicitis,Coronary Artery Disease,Amlodipine,,169.8,84.5,29.3,173-96,85,37.4,99 %,224,7.64,12.3,United Health,52403.99,2,0,Yes,Moderate,AMA
PT-73526,Steven,garcia,1956-06-15,63,Unknown,264-66-9498,706-926-3862,steven.garcia38@hotmail.com,7532 Oak Dr,Boston,OR,67406,2020-02-01,2020-02-12,11,Emergency,General Medicine,Dr. Ramirez,Depression,,Hydrochlorothiazide,Insulin Glargine,180.3,58.7,18.1,123/101,97,38.8,99 %,215,6.27 ,N/A,UNKNOWN,-1217.99,4,1,,,Discharged to SNF
63194,Robert,Williams,1989-10-28,29,F,598-96-4002,754-388-9192,robert.williams33@gmail.com,5814 Maple St,San Antonio,OK,23016,2019-04-03,2019-04-15,12,Elective,General Medicine,Dr. Flores,Type 2 Diabetes,,Metoprolol,,167.5,59.5,21.2,103/98,90,39.2,100,329,6.99,6.6,United Health,42778.02,0,1,N,N/A,Transferred
88048,Robert,  Flores  ,1948-12-09,N/A,M,871-97-6685,849-795-4507,ROBERT.FLORES89@HOTMAIL.COM,1626 Main Way,Albuquerque,UT,17144,2024-03-29,2024-04-08,10,Urgent,Emergency,Dr. Brown,Anemia,COPD,Pantoprazole,,194.1,129.3,34.3,134/75,93,38.3,,261,7.52,8.9,Medicare,14407.98,4,1,Former,Occasional,AMA
71527,,lewis,08/18/1979,43,F,273-89-2824,711-599-5492,JAMES.LEWIS69@GMAIL.COM,4682 Elm Blvd,Houston,WA,38508,2023-06-10,2023-06-27,17,Transfer,Surgery,Dr. Martin,Obesity,,Metoprolol,Amoxicillin,168.3,91.2,N/A,113/85,12,38.3,88,305,2.06,10.5,Kaiser Permanente,2133.35,2,0,No,N/A,Transferred
16053,Thomas,Anderson,1982-07-29,N/A,F,760-19-5111,657-898-7505,thomas.anderson14@yahoo.com,8644 Lake Rd,New York,NJ,65290,2018-01-25,2018-02-16,22,Transfer,Neurology,Dr. Ramirez,Sepsis,Osteoarthritis,Levothyroxine,Levothyroxine,154.7,76.8,32.1,146/70,58,36.1,98,204,2.95,5.8,Centene,51290.77,1,0,N,,Deceased
13060,Kevin,GONZALEZ,1970-09-02,51,F,564-16-2383,857-552-7272,,9249 Lake St,Memphis,CT,62553,2021-10-21,2021-11-08,18,Routine,Neurology,Dr. Ramirez,Pneumonia,,Furosemide,,166.8,80.2,28.8,119/70,96,39.9,N/A,234,3.69,5.4,BlueCross BlueShield,4309.89,4,0,no,N/A,Discharged to SNF
52558,Margaret,ramirez,1996/07/14,N/A,Unknown,271-63-7540,(619) 292-8643,margaret.ramirez72@gmail.com,6653 Pine Blvd,Seattle,SC,76601,2019-12-14,2019-12-10,-4,Urgent,Oncology,Dr. Campbell,Epilepsy,Epilepsy,Prednisone,Hydrochlorothiazide,172.5,83.1,27.9,101/62,52,38.1,89,70,0.79,N/A,UNKNOWN,59209.12,0,0,,Moderate,Home
27864,Timothy,Carter,1942-03-26,77,F,431-11-8467,760-977-4312,timothy.carter13@yahoo.com,5225 Cedar Blvd,Phoenix,GA,36861,2019-03-25,2019-04-21,27,Emergency,Pediatrics,Dr. Scott,Sepsis,COPD,Amlodipine,Sertraline,-999,82.3,,127/79,119,40.0,94,205,4.81,8.4,Cigna,38738.97,0,0,N,N/A,AMA
PT-95920,ANDREW,Garcia,08/30/1952,66,MALE,599-17-6517,838-496-5197,andrew.garcia47@aol.com,5129 Maple Way,San Jose,FL,,2018-09-29,2018-10-21,22,Elective,ICU,Dr. Johnson,Asthma,,Lisinopril,Losartan,176.6,95.1,30.5,114/81,80 bpm,36.3,97,268,3.24,9.1,,638.96,4,1,no,Occasional,Rehab Facility
31678,Jennifer,Johnson,1963-11-21,57,F,628-92-9068,345-932-4937,jennifer.johnson43@aol.com,9434 Elm St,El Paso,MO,34629,2021-03-06,2021-04-01,26,Emergency,General Medicine,Dr. Sanchez,Anemia,Appendicitis,Omeprazole,,167.2,63.3,22.6 ,N/A,,39.3,95,74,6.75,6.3,BlueCross BlueShield,3864.99,3,0,Former,Heavy,Rehab Facility
00027950,Nancy,Roberts,,59,M,120-45-5430,421-423-1587,nancy.roberts47@gmail.com,9518 Hill Way,New York,MO,86534,2022-08-10,2022-08-19,9,Urgent,Surgery,Dr. Sanchez,Hyperlipidemia,Type 2 Diabetes,Prednisone,Metformin,152.5,96.2,41.4,N/A,71 bpm,38.3,,92,-999,5.1,Medicare,74618.92,0,1,Y,Moderate,Rehab Facility
67832,DONNA,Thompson,1955-07-12,63,M,610-67-4611,323-381-5152,donna.thompson7@hotmail.com,6280 Cedar Dr,Seattle,GA,87278,2019-01-05,2019-01-19,14,Urgent,General Medicine,Dr. Adams,Heart Failure,Asthma,Aspirin,,185.6,127.9,37.1,147/64,73,38.9,,183,5.48,8.1,Cigna,62297.0,2,0,N,Occasional,AMA
13739,Sarah,NELSON,1968/10/08,55,F,833-54-6784,(572) 299-1710,sarah.nelson64@hotmail.com,2010 Lake Ln,Denver,CO,88008,2023-12-01,2023-12-31,30,Emergency,Surgery,Dr. Lewis,Rheumatoid Arthritis,Sepsis,Hydrochlorothiazide,Atorvastatin,155.7,93.2,38.4,115/86,102,,N/A,82,2.88,4.7,ANTHEM,51890.76,2,1,Former,,Rehab Facility
44821,Robert,HILL,1989/07/01,29,F,474-89-3295,323-385-4933,robert.hill5@yahoo.com,9236 Main Blvd,Oklahoma City,IN,49230,2019-05-29,2019-06-22,24,Emergency,Surgery,Dr. Hall,Hypothyroidism,Atrial Fibrillation,Atorvastatin,,153.8,107.4,N/A,175-75,16,-999,100,196,1.45,12.6,Humana,71516.52,0,0,N,N/A,Home
43542,Mark,Clark,1941-12-01,79,F,339-88-5611,N/A,mark.clark60@yahoo.com,7220 Lake Way,Baltimore,OR,12954,2021-11-01,2021-11-10,9,Routine,Cardiology,Dr. Rodriguez,Obesity,Osteoarthritis,Clopidogrel,,171.7,100.2,34.0,N/A,84,,89,167,-999,11.9,BLUECROSS BLUESHIELD,15438.51,4,0,No,,AMA
82964,Michael,Johnson,1966-06-27,53,F,***-**-7871,N/A,michael.johnson84yahoo.com,5448 Cedar Blvd,Albuquerque,PA,31740,2020-03-29,2020-04-25,27,Urgent,Neurology,Dr. Anderson,Hypertension,,Metoprolol,,170.0,106.8 kg,37.0,,108,,99 %,202,4.74,8.1,Medicaid,-3872.73,3,0,1,None,AMA
34607,Deborah,Wilson,11/29/1958,65,F,484-89-5983,831-272-8858,deborah.wilson70@hotmail.com,5073 Pine Way,Dallas,OR,24970,2024-03-15,2024-03-25,10,Elective,Orthopedics,Dr. Garcia,Anxiety Disorder,Hyperlipidemia,Metoprolol,Aspirin,185.7,N/A,16.1,142-75,101,38.3,98,166,3.55,7.0,Medicare,72617.35,3,0,0,N/A,Deceased
85218,Carol,Moore,1963-05-21,55,F,,466-574-7770,carol.moore22@aol.com,9841 Elm Dr,Austin,GA,38333,2018-05-10,2018-06-07,28,Routine,Cardiology,Dr. Perez,Anxiety Disorder,,Pantoprazole,,154.3,60.4,N/A,151/103,85,39.6,95,252,6.53,7.1,BlueCross BlueShield,50686.56,5,0,,Heavy,AMA
31627,susan,  Carter  ,1993-06-01,27,F,945-43-8340,736-647-9613,susan.carter58@yahoo.com,1038 Lake St,Indianapolis,CA,27190,2020-07-05,2020-08-04,30,Emergency,General Medicine,Dr. Baker,Chronic Kidney Disease,Obesity,Gabapentin,Pantoprazole,179.6,97.1,30.1,118/65,60,38.8,96,285,-999,-999,Centene,42590.1,1,0,Yes,N/A,Deceased
32108,Jennifer,HERNANDEZ,1979/10/28,41,M,799-45-4666,000-000-0000,jennifer.hernandez5@gmail.com,9542 Maple Blvd,Milwaukee,CO,50814-0000,2021-06-24,2021-06-25,1,Routine,ICU,Dr. Roberts,Rheumatoid Arthritis,,Amlodipine,Omeprazole,164.8,116.6,42.9,,77,36.1,,95,6.07,7.1,Centene,49080.83,1,0,yes,None,Discharged to SNF
39126,donna,Nelson,1987-10-19,35,M,716-92-4346,975-711-1693,donna.nelson91@outlook.com,3700 Elm Ave,Philadelphia,MA,291XX,2023-08-22,2023-09-21,30,Emergency,Emergency,Dr. Walker,Rheumatoid Arthritis,,Losartan,,186.0,69.0,19.9,156/104,59,36.3,91,214,4.77,4.3,Anthem,67706.8,0,0,No,Heavy,Rehab Facility
26040,Joshua,Perez,1977-02-09,,M,353-79-7505,314-847-7080,joshua.perez93@outlook.com,2171 Cedar Way,Austin,KY,94160,2023-02-05,2023-03-03,26,Urgent,Surgery,Dr. Johnson,Rheumatoid Arthritis,Anemia,Clopidogrel,,163.8,83.3,31.0,117/99,79,39.7,N/A,176,-999,10.6,,39987.44,1,0,1,Moderate,Deceased
33067,JOSHUA,Mitchell,1956-06-04,62,M,862-37-9098,8446826685,,2128 Hill Way,Oklahoma City,PA,20591,2019-02-01,2019-02-03,2,Routine,Cardiology,Dr. Nelson,Migraine,Sepsis,Omeprazole,Atorvastatin,-999,90.7,33.9,117/91,61,36.8,100,299,6.75,N/A,Medicare,1724.13,0,0,0,Moderate,Transferred
12526,Sandra,Mitchell,1957-09-26,62,M,648-23-9275,,sandra.mitchell2@outlook.com,2477 Hill Ave,Austin,WI,89894-0000,2020-08-21,2020-09-20,30,Transfer,Oncology,Dr. Williams,COPD,Asthma,Amoxicillin,,168.2,70.4,24.9,126/91,59,39.5,94,,7.3,10.5,Kaiser Permanente,60818.81,4,1,No,None,Discharged to SNF
10771,Ashley,Jackson,1964-03-03,56,M,156872077,583-649-2122,ashley.jackson77@gmail.com,3933 Hill Dr,El Paso,MI,11389,2020-10-22,2020-10-27,5,Transfer,ICU,Dr. Wilson,Parkinson's Disease,COPD,Albuterol,Atorvastatin,184.1,52.8,15.6,132/95,113,36.9,90,329,5.53,5.7,,12696.67,0,0,No,None,Rehab Facility
12600,jennifer,HALL,2003-08-24,20,m,959-51-2947,527-355-9274,jennifer.hall66@gmail.com,6825 Main Way,Oklahoma City,MI,15512,2024-02-15,2024-03-07,21,Urgent,Neurology,Dr. Walker,Osteoarthritis,,Prednisone,,-999,89.8,27.0 ,134/97,77,37.4,89,315,3.6,5.4,Humana,54851.57,0,1,Yes,Moderate,Rehab Facility
99565,,LEE,1982-10-04,,M,502-14-5323,298-589-2637,susan.lee40@yahoo.com,3602 Pine Ln,San Jose,OR,54786,2018-03-03,2018-03-04,1,Urgent,Orthopedics,Dr. Gonzalez,Chronic Kidney Disease,Appendicitis,Clopidogrel,Sertraline,186.2,118.1,34.1,149/79,97,36.2,96,341,2.01,8.6,Medicare,62116.07,1,0,yes,None,Rehab Facility
88189,richard,thomas,1991-01-31,29,M,109-91-9706,,richard.thomas70hotmail.com,9447 Maple Dr,Boston,OR,75002,2020-10-27,2020-11-21,25,Transfer,Pediatrics,Dr. Ramirez,Sepsis,Atrial Fibrillation,Metoprolol,Gabapentin,186.6,,33.3,179/93,,39.1,93,100,6.92,N/A,Aetna,46649.58,3,0,No,N/A,Home
41666,Joseph,Adams,1958-03-16,61,M,776-30-5184,223-856-1770,joseph.adams5@yahoo.com,8094 Elm Way,San Diego,MD,50997,2019-12-19,2019-12-23,4,Urgent,Surgery,Dr. Nguyen,Pneumonia,,Albuterol,,,118.4,34.4,103/91,N/A,39.7,-999,262,1.25,,United Health,47873.81,0,0,1,Moderate,Home
46495,DONNA,mitchell,1956-10-07,,M,396385098,838-478-2828,donna.mitchell47aol.com,2343 Washington Ln,Seattle,UT,83708,2023-06-10,2023-07-01,21,Emergency,Psychiatry,Dr. Johnson,Coronary Artery Disease,,Albuterol,,188.6,57.8,16.2,100/83,-2,39.3,99,166,6.03,6.1,Aetna,82858.78,3,0,yes,None,Discharged to SNF
53723,Mary,Allen,1996-11-23,26,Unknown,602-38-3351,696-324-6039,MARY.ALLEN49@YAHOO.COM,2335 Lake Blvd,Austin,NJ,55703,2023-05-16,2023-05-27,11,Elective,Orthopedics,Dr. Carter,Hypothyroidism,Hypothyroidism,Losartan,Pantoprazole,175.0,89.9,29.4,102/85,,38.3,93,-999,4.52,11.0,BlueCross BlueShield,18184.15,3,0,Former,Occasional,Deceased
80300,Emily,Rivera,05/02/1948,72,M,895-18-4307,347-503-1625,emily.rivera53@yahoo.com,6703 Oak Ave,Austin,AL,193XX,2020-11-02,2020-11-10,8,Urgent,ICU,Dr. Gonzalez,Atrial Fibrillation,Anemia,Losartan,Albuterol,172.0,110.8,-999,164/62,83,38.0,89,343,7.01,-999,United Health,73376.37,3,0,no,N/A,Rehab Facility
00023773,mark,Moore,1956-03-11,66,F,306-57-4778,707-314-3961,NA,8177 Main Rd,New York,GA,61660,2023-01-09,2023-01-18,9,Routine,Oncology,Dr. Thomas,Type 2 Diabetes,Anxiety Disorder,Clopidogrel,,188.5,94.4,N/A,,104,,95,188,3.62,11.6,UNITED HEALTH,65690.2,0,0,No,None,Discharged to SNF
37766,joshua,Gonzalez,1994-12-31,27,F,638-78-3588,619-952-8825,joshua.gonzalez8@gmail.com,9556 Oak Dr,Houston,AZ,37331,2022-05-22,2022-05-31,9,Emergency,Pediatrics,Dr. Young,Rheumatoid Arthritis,COPD,Omeprazole,,182.0,118.7,-999,110/66,87,39.2,90,281,,4.7,MEDICARE,83985.4,5,0,1,N/A,Transferred
71040,George,Scott,2003-07-30,16,MALE,758-83-9617,688-648-4602,george.scott43@gmail.com,7574 Cedar Blvd,Milwaukee,VA,16274,2020-06-04,2020-06-25,21,Urgent,Psychiatry,Dr. Hernandez,Depression,Hypothyroidism,Clopidogrel,,,62.4,21.1,N/A,59,39.8,96,122,6.06,5.3,Centene,25356.55,0,0,,Occasional,AMA
66056,james,Johnson,,46,F,252-79-3147,204-857-8686,james.johnson77@gmail.com,9515 Lake Rd,Milwaukee,TN,,2019-06-09,2019-06-25,16,Elective,Cardiology,Dr. Rodriguez,Alzheimer's Disease,Rheumatoid Arthritis,Amlodipine,Metoprolol,150.5,45.8,20.2,104/105,115,38.0,88,120,1.0,6.9,Aetna,35500.59,2,0,0,None,Deceased
36359,Amanda,Davis,2000/06/04,23,M,666-43-1905,8958988487,amanda.davis4@hotmail.com,788 Hill Ave,Philadelphia,MA,49317,2023-11-09,2023-11-04,-5,Urgent,Neurology,Dr. Allen,Hypothyroidism,,Hydrochlorothiazide,Omeprazole,190.1,51.6,14.3,122/96,,39.5 C,,297,2.07,6.8,Medicaid,39311.84,0,1,,None,AMA
38465,Michael,hernandez,1956-03-17,63,F,293-82-7598,541-467-6703,NA,6382 Elm Dr,Indianapolis,FL,510XX,2019-08-01,2019-08-02,1,Elective,Psychiatry,Dr. Walker,Epilepsy,Hyperlipidemia,Warfarin,,N/A,79.1,24.5 ,103/69,52,37.0,98,83,4.83,5.0,Centene,55819.26,1,0,Y,N/A,Deceased
64334,  Donald  ,Jones,1989-07-09,34,M,421-78-1420,393-813-2646,donald.jones19@outlook.com,610 Elm Ave,Louisville,WI,73431,2024-05-07,2024-05-12,5,Urgent,Psychiatry,Dr. Lewis,Migraine,Coronary Artery Disease,Levothyroxine,,N/A,87.1,28.1,118/102,104,38.5,94,342,7.25,8.2,Centene,29303.64,5,1,Unknown,None,Discharged to SNF
26144,Matthew,White,1958-05-31,,F,389-60-8679,522-698-4595,matthew.white22hotmail.com,4102 Oak Blvd,El Paso,SC,21087,2019-08-01,2019-07-27,-5,Routine,Oncology,Dr. Taylor,Hypothyroidism,,Losartan,Metoprolol,190.9,61.1,-999,161/91,79,36.7,89,102,7.24,7.9,,13144.21,0,0,1,N/A,Deceased
00033862,Christopher,Brown,12/05/1999,19,Male,519-12-9130,368-834-5894,christopher.brown25@gmail.com,7496 Cedar Way,Seattle,IL,63760,2019-02-26,2019-03-24,26,Transfer,Emergency,Dr. Perez,Obesity,Heart Failure,Prednisone,,172.7,48.8,16.4,99/108,11,37.3,99,-999,2.12,13.0,Medicare,57447.88,0,1,0,Heavy,Rehab Facility
89449,Timothy,Perez,1954-03-03,65,M,949-26-3415,847-749-9514,timothy.perez9@gmail.com,3481 Lake Rd,Milwaukee,PA,45392,2019-05-27,2019-05-22,-5,Urgent,Surgery,Dr. Lee,Migraine,COPD,Gabapentin,,,73.4,20.7,150/105,93,39.0,91,207,1.04,13.0,Kaiser Permanente,58712.22,0,0,Y,Moderate,Home
46694,  Andrew  ,  Green  ,1974-10-28,49,F,645-74-2481,537-435-1327,andrew.green21@aol.com,6347 Park Dr,San Diego,OH,38889,2024-07-02,2024-07-27,25,Routine,Neurology,Dr. Anderson,Type 2 Diabetes,UTI,Aspirin,Furosemide,152.2,,44.4 ,162/93,-999,-999,100,N/A,3.99,5.7,Humana,9045.23,1,1,Former,Moderate,Deceased
95376,Timothy,Clark,1971-06-12,171,M,749-90-6486,000-000-0000,timothy.clark82@outlook.com,8085 Maple St,San Diego,MA,113XX,2018-03-05,2018-03-10,5,Emergency,Surgery,Dr. Perez,Depression,,Metoprolol,Sertraline,153.2 cm,,49.3,90/91,111,38.3,99,320,2.24,12.5,Humana,78606.07,0,0,N,N/A,AMA
89986,Barbara,Williams,1958-01-20,64,F,627-70-1931,843-922-3680,barbara.williams61@yahoo.com,6389 Park Ln,San Jose,IL,91453,2022-04-17,2022-04-25,8,Transfer,Oncology,Dr. Thomas,Parkinson's Disease,,Sertraline,Hydrochlorothiazide,154.3,-999,37.0,100/97,50,37.9,88 %,104 mg/dL,N/A,7.4,Kaiser Permanente,65703.65,2,0,Former,Moderate,Rehab Facility
10696,Kimberly,Martinez,1995/02/11,26,F,743-76-2156,3599836553,KIMBERLY.MARTINEZ72@GMAIL.COM,6422 Maple St,Milwaukee,NJ,34301,2021-03-28,2021-03-24,-4,Urgent,ICU,Dr. Lee,Sepsis,Coronary Artery Disease,Warfarin,,166.7,123.5,44.4,142/99,117,36.3,,118,2.0,12.7,BlueCross BlueShield,25623.49,0,0,N,Occasional,Discharged to SNF
47211,Elizabeth,martin,1960-02-13,63,M,248-64-2730,363-486-8562,elizabeth.martin58aol.com,4696 Lake St,Milwaukee,WI,84349,2023-07-13,2023-07-29,16,Emergency,Cardiology,Dr. Scott,UTI,Type 2 Diabetes,Warfarin,Amlodipine,157.6,,35.6,99/71,112,39.1,100,124,1.5,10.6,Kaiser Permanente,34442.8,1,0,N,Heavy,Transferred
PT-19117,Steven,  Johnson  ,1963-07-31,55,F,***-**-1496,609-580-4999,steven.johnson87aol.com,7737 Lake Ln,Louisville,OH,19457,2019-03-31,2019-04-12,12,Transfer,Pediatrics,Dr. White,Anxiety Disorder,Epilepsy,Omeprazole,Levothyroxine,,70.4,19.6,90/67,98,39.7,99,147,,5.7,KAISER PERMANENTE,55405.52,2,0,0,,Home
51381,Emily,Green,1997-05-22,26,M,817-33-9596,,,9658 Oak Way,Charlotte,CT,55857,2023-08-26,2023-08-29,3,Elective,Orthopedics,Dr. Anderson,Epilepsy,Chronic Kidney Disease,Furosemide,Pantoprazole,192.6,115.3,31.1,104/66,99,38.7,88,152,,9.5,Aetna,63061.62,1,0,N,Heavy,Deceased
62291,Patricia,White,1940-04-19,84,F,117-67-5790,754-936-1466,patricia.white20@outlook.com,2193 Park Ave,Las Vegas,TN,88454,2024-09-08,2024-09-21,13,Elective,General Medicine,Dr. Jackson,Hypertension,,Prednisone,Warfarin,188.2,80.5,22.7,99/90,70,38.5,89,215,6.12,8.2,Humana,33900.13,4,1,Y,N/A,Home
69570,Donald,Adams,1978-01-19,N/A,M,828-90-5654,997-816-9181,donald.adams27@aol.com,7600 Washington Blvd,Seattle,WA,69092,2023-01-26,2023-02-14,19,Transfer,Neurology,Dr. Green,UTI,Depression,Aspirin,,165.5,81.1,29.6 ,,N/A,39.1,94,180,4.96,4.8,Kaiser Permanente,82517.79,0,0,,N/A,AMA
72968,elizabeth,HARRIS,1985-03-30,35,M,729-67-3587,632-669-2975,elizabeth.harris48@outlook.com,4944 Park Way,El Paso,TX,866XX,2020-09-05,2020-09-12,7,Routine,ICU,Dr. Johnson,Hypertension,,Amoxicillin,Pantoprazole,159.0,93.0,36.8,112/79,114,39.0,88,92,3.73 ,-999,Humana,58446.06,1,1,1,N/A,Transferred
92805,Mark,Martin,2000-11-28,24,M,611-13-5597,941-639-7844,mark.martin68@outlook.com,9143 Oak Way,Los Angeles,KY,94150,2024-12-30,2025-01-28,29,Routine,Emergency,Dr. Allen,Coronary Artery Disease,Heart Failure,Amlodipine,,156.1,49.8,20.4,90/73,2 bpm,40.0,96 %,309,6.86,5.6,Aetna,12907.81,3,0,yes,Heavy,Rehab Facility
00047089,matthew,thomas,2002-08-19,19,F,312-49-6106,491-315-8652,matthew.thomas48@outlook.com,1464 Hill Dr,Columbus,OK,66261,2022-01-28,2022-01-29,1,Transfer,ICU,Dr. Garcia,COPD,,Metoprolol,Albuterol,,70.0,27.8,178/77,68,37.8,88,309,,,Kaiser Permanente,1335.69,0,1,Yes,Occasional,AMA
76923,Jessica,,1956-09-28,68,F,520-72-4042,390-481-2760,jessica.smith21@aol.com,388 Cedar Way,Jacksonville,UT,61062,2024-09-27,2024-10-25,28,Elective,Psychiatry,Dr. Lopez,Stroke,Type 2 Diabetes,Amlodipine,Prednisone,-999,,13.9,164/63,70,36.4,100,,7.08,7.2,UNKNOWN,53600.15,2,1,no,Moderate,Transferred
54231,Sarah,Thompson,1946-09-02,72,F,304-53-4669,730-935-6028,sarah.thompson57yahoo.com,975 Elm Dr,Philadelphia,NC,29602,2019-04-14,2019-05-07,23,Elective,Psychiatry,Dr. Hernandez,Type 2 Diabetes,Hypothyroidism,Furosemide,Furosemide,185.1,51.6,-999,157-100,102,39.8,96,71,,12.3,Kaiser Permanente,40905.98,4,0,,None,AMA
72264,ANTHONY,hernandez,2005-07-18,47,M,963-18-6398,453-292-2122,anthony.hernandez91aol.com,880 Park Way,Dallas,PA,87869,2021-04-12,2021-04-10,-2,Transfer,General Medicine,Dr. Jones,Hyperlipidemia,,Prednisone,,150.6,62.6,27.6,164/65,78 bpm,39.3,91,,6.56,12.1,Anthem,44396.22,0,1,yes,N/A,AMA
58902,Karen,Jones,1945-11-20,74,Unknown,361-15-3870,000-000-0000,karen.jones47@hotmail.com,8602 Hill Ave,Seattle,CA,18331,2020-02-10,2020-03-11,30,Urgent,Psychiatry,Dr. Ramirez,Appendicitis,Anemia,Amlodipine,Clopidogrel,182.2,98.3,29.6,158/103,65,37.4,92,157,-999,5.8,HUMANA,45743.9,5,0,no,N/A,Deceased
31750,Donald,Taylor,07/23/1953,65,F,148-90-5438,484-549-2900,donald.taylor77@outlook.com,2963 Cedar Rd,Nashville,OR,47827,2019-04-13,2019-05-03,20,Urgent,Emergency,Dr. Hernandez,Hypertension,Hypothyroidism,Atorvastatin,Amoxicillin,184.6,62.1,,178/65,94,36.3,92,128,5.85 ,4.2,Medicare,55697.39,0,0,no,Heavy,Discharged to SNF
97408,,Rivera,1972-05-31,46,F,772-73-8758,693-361-1877,robert.rivera40@yahoo.com,1979 Lake Ln,Milwaukee,TN,83747,2019-04-10,2019-04-18,8,Urgent,Orthopedics,Dr. Hill,Pneumonia,Heart Failure,Insulin Glargine,Hydrochlorothiazide,166.8,67.8,24.4,113/77,78,-999,97,324,4.64,11.1,Medicaid,27231.0,5,1,Former,,Transferred
82524,Richard,Torres,1988-07-11,34,M,851162248,,RICHARD.TORRES75@GMAIL.COM,7065 Pine St,Memphis,OR,41969,2023-06-28,2023-07-04,6,Routine,Orthopedics,Dr. Thompson,Epilepsy,Anxiety Disorder,Pantoprazole,,191.4,48.0,6.1,144/100,107,36.7,91,344,3.72,5.1,Anthem,69708.69,2,0,Yes,Occasional,AMA
29242,Michael,Davis,1996-07-29,27,M,988-90-7875,883-252-6453,michael.davis49yahoo.com,577 Hill Blvd,San Diego,CT,41877,2024-06-08,2024-06-30,22,Routine,Emergency,Dr. Allen,Anemia,Epilepsy,Insulin Glargine,,175.8,N/A,21.4,64/131,108 bpm,36.1,98,336,1.16,8.1,Kaiser Permanente,61857.28,4,1,Former,,Transferred
26481,Michael,Garcia,1993-03-13,28,F,605-14-5271,985-906-4861,michael.garcia82@outlook.com,7471 Elm St,Tucson,LA,35576,2021-03-26,2021-03-27,1,Urgent,ICU,Dr. Harris,Obesity,,Albuterol,Furosemide,N/A,N/A,N/A,103/94,87,37.5,94,,5.39,8.1,United Health,11148.79,1,0,Yes,None,AMA
53929,Christopher,Harris,1973-02-05,47,F,400-13-2466,(565) 226-8908,christopher.harris56@yahoo.com,4429 Maple St,Louisville,SC,87801,2021-01-14,2021-02-05,22,Elective,Surgery,Dr. Rodriguez,Chronic Kidney Disease,,Amlodipine,,-999,,29.5,98/70,52,36.3,99,,1.5,9.5,Centene,25897.28,1,0,no,None,Home
87636,Jessica,  Lee  ,1972-08-11,47,F,624477625,948-233-7982,jessica.lee34@gmail.com,2527 Elm Rd,Las Vegas,MI,49113,2019-10-30,2019-11-10,11,Urgent,Cardiology,Dr. King,Epilepsy,,Hydrochlorothiazide,Albuterol,177.8,73.9,23.4,103/78,56,38.2,90,216,2.26,12.9,Medicare,49000.79,3,0,0,None,Transferred
61954,Mary,Lopez,1948-10-08,75,F,136-29-2681,3262295404,mary.lopez45@hotmail.com,4714 Washington St,New York,IN,84787,2023-11-24,2023-12-02,8,Elective,Psychiatry,Dr. Davis,Rheumatoid Arthritis,Depression,Prednisone,,161.8,86.7,33.1,125/71,10,36.8,97,,3.36 ,,MEDICAID,73752.96,4,0,N,Heavy,Transferred
26300,george,Scott,1988-09-08,34,M,526-59-8042,721-876-9307,,5251 Main Ln,Charlotte,TX,35722,2023-06-27,2023-07-13,16,Emergency,Pediatrics,Dr. Brown,Pneumonia,,Pantoprazole,,192.6,108.0,29.1,161/98,116,38.3,,301,7.38,10.2,United Health,67127.41,1,0,Y,Moderate,Home
78315,John,Hernandez,1943-03-01,77,,197-90-9911,294-920-8642,john.hernandez87@outlook.com,6328 Washington Ave,San Antonio,MI,22017,2020-04-17,2020-04-23,6,Emergency,Surgery,Dr. Williams,Depression,Hypothyroidism,Aspirin,,182.4,56.5,17.0,141/63,112,37.4,99,N/A,3.23,4.4,HUMANA,53686.48,5,0,Yes,N/A,Home
57545,susan,Young,1976-10-15,,M,235-67-8572,584-228-7375,susan.young51@yahoo.com,6070 Park Ln,Nashville,MN,58921,2021-11-10,2021-11-23,13,Routine,Oncology,Dr. Young,Coronary Artery Disease,,Amlodipine,,158.6,N/A,28.3,99-99,,36.7,90,81,7.35,4.7,Humana,42857.41,5,1,no,N/A,Rehab Facility
84275,MARK,Hill,1961-02-16,62,F,626-30-5488,374-806-9956,mark.hill47yahoo.com,7305 Cedar Blvd,Austin,NY,75040,2023-12-16,2024-01-08,23,Urgent,Neurology,Dr. Thomas,Depression,Rheumatoid Arthritis,Losartan,Sertraline,165.8,122.8,44.7,165/89,77,36.2,96,314,,11.7,Medicare,22258.26,3,0,No,None,Deceased
40434,Elizabeth,Lee,1962-02-08,62,F,155-71-4080,258-723-2620,elizabeth.lee38@gmail.com,7192 Elm Dr,Dallas,PA,46359,2024-07-26,2024-08-06,11,Elective,Neurology,Dr. Clark,Obesity,Migraine,Gabapentin,Furosemide,185.8,75.7,5.2,141/94,57,N/A,100,179,6.73,6.5 %,Medicare,64693.01,5,0,Y,N/A,Home
66907,Elizabeth,Baker,1967/04/10,N/A,M,441-44-1171,228-731-6327,elizabeth.baker93@yahoo.com,223 Hill Blvd,Louisville,AL,77859,2023-06-05,2023-07-05,30,Transfer,Psychiatry,Dr. Wright,Parkinson's Disease,,Insulin Glargine,Hydrochlorothiazide,194.3,,27.5,115/66,90,37.1,92,120,4.6,4.1,Centene,50456.39,5,0,,Heavy,AMA
98540,Margaret,scott,1989-01-21,137,M,***-**-7536,7267996569,margaret.scott12@gmail.com,1494 Oak Dr,El Paso,MO,81200,2024-01-01,2024-01-12,11,Urgent,ICU,Dr. Clark,Migraine,Coronary Artery Disease,Pantoprazole,,194.7,115.5,30.5,156/83,88,36.3,93,217,7.5,4.8,BlueCross BlueShield,47777.41,2,1,1,Moderate,Deceased
93241,Charles,Thompson,01/28/1944,75,M,402-69-7430,252-481-1042,charles.thompson74@outlook.com,6923 Maple Ln,Tucson,AL,34113,2019-03-12,2019-03-26,14,Transfer,Emergency,Dr. Gonzalez,COPD,,Prednisone,Furosemide,157.6,68.0,27.4,,106,38.1,98,166,0.83,8.8,Medicaid,14708.76,1,0,Former,N/A,Deceased
00076402,Thomas,King,,48,M,539-37-8405,910-830-9569,thomas.king4gmail.com,7331 Maple St,Tucson,LA,45310,2024-04-15,2024-05-12,27,Routine,Surgery,Dr. Lewis,COPD,Stroke,Pantoprazole,Metoprolol,-999,49.4,13.5,178-86,88,38.9,100,113,7.33,,Medicare,48031.44,1,1,1,None,Home
54653,Susan,,1984-07-30,,M,125-80-3163,7058526867,susan.miller88@aol.com,6498 Lake Blvd,Portland,KY,81383,2018-04-09,2018-05-05,26,Elective,Orthopedics,Dr. Hernandez,Pneumonia,,Aspirin,,152.7,111.0,-999,148/66,119,38.6,88,239,6.1,6.8,Medicaid,55888.62,4,0,0,Heavy,Discharged to SNF
PT-29677,David,green,1946-04-18,76,,266-62-3967,(294) 585-5444,david.green61@yahoo.com,6221 Cedar St,New York,PA,12432,2022-11-09,2022-11-08,-1,Urgent,Emergency,Dr. Ramirez,Depression,,Lisinopril,Omeprazole,194.6,115.9,30.6,178/86,,36.4,97,,5.08,12.2,Humana,18613.4,0,0,0,N/A,Home
12271,Robert,Nelson,09/29/1971,51,F,779-58-6118,811-335-1163,robert.nelson64@gmail.com,3633 Hill Blvd,Louisville,IN,35121,2023-05-02,2023-05-05,3,Transfer,Oncology,Dr. Rodriguez,COPD,Alzheimer's Disease,Albuterol,Omeprazole,159.0,104.4,41.3,99/76,61,36.1,98,109,6.98,12.7,BlueCross BlueShield,35659.27,2,0,Y,N/A,Discharged to SNF
38600,matthew,Wilson,1948/01/28,71,M,607-58-7500,651-461-2520,matthew.wilson29@hotmail.com,9572 Pine St,Columbus,FL,76900,2019-07-26,2019-08-19,24,Urgent,Pediatrics,Dr. Hall,Atrial Fibrillation,,Omeprazole,,192.7,75.3,20.3,151/99,109,37.6,93,,2.6,N/A,Kaiser Permanente,17366.35,3,0,Unknown,Occasional,Rehab Facility
73081,PAUL,Wilson,12/22/1942,75,F,381-14-3060,942-915-5887,paul.wilson23yahoo.com,9191 Elm Ln,Boston,MN,15712,2018-05-29,2018-06-09,11,Transfer,Emergency,Dr. Torres,Anxiety Disorder,,Losartan,Amlodipine,N/A,87.3,,N/A,,37.1,93,127,2.07,,Kaiser Permanente,28968.15,1,0,Former,Moderate,Deceased
91569,Paul,Davis,1998-09-13,24,Female,658-42-6735,242-409-6939,paul.davis42@aol.com,7560 Cedar St,Tucson,WA,88491,2022-09-10,2022-09-21,11,Routine,ICU,Dr. Rodriguez,Atrial Fibrillation,Heart Failure,Amlodipine,,,70.0,18.9,160/91,98,,95,77,1.8,7.4,Humana,17220.31,0,0,,None,AMA
58794,Richard,Baker,1942-07-01,80,M,476-78-3325,544-535-5274,richard.baker66@yahoo.com,6156 Oak Ave,Denver,AZ,,2023-05-19,2023-05-29,10,Emergency,Psychiatry,Dr. Brown,Atrial Fibrillation,Migraine,Levothyroxine,Aspirin,159.5,104.0,40.9,169/77,106,38.0,98,71,3.86,7.1,,882.95,4,0,1,Occasional,Rehab Facility
20413,Richard,Flores,1972-03-03,52,M,491-11-5814,,richard.flores37@hotmail.com,306 Washington Blvd,Tucson,MA,70332,2024-10-25,2024-11-21,27,Urgent,Pediatrics,Dr. Rodriguez,Pneumonia,,Albuterol,,157.3,,33.5,109/110,115,37.4,94,N/A,-999,10.8,Centene,72042.14,4,0,yes,Moderate,Rehab Facility
75836,Amanda,Smith,1963-01-02,59,,720-92-7754,501-529-5663,amanda.smith67yahoo.com,9273 Elm Ln,Phoenix,TN,70372,2022-01-14,2022-01-28,14,Routine,Psychiatry,Dr. Miller,Asthma,Chronic Kidney Disease,Amoxicillin,Gabapentin,179.2,116.3,36.2,154-84,73,39.3,92,-999,1.35,9.7,Medicaid,25638.42,0,0,No,,Discharged to SNF
32362,Donna,Garcia,1985-06-27,32,M,533-39-7414,5503279252,donna.garcia28@outlook.com,692 Maple Ave,Indianapolis,MI,13093,2018-04-30,2018-05-09,9,Emergency,Emergency,Dr. Allen,Anemia,Appendicitis,Metoprolol,,189.0,96.7,27.1,110/66,-999,,98,227,6.58 ,12.4,United Health,9876.42,3,1,No,Occasional,Discharged to SNF
18309,Daniel,Hernandez,1986-01-03,37,M,429-47-9224,N/A,daniel.hernandez74@gmail.com,9228 Washington Dr,Seattle,WI,34355,2023-10-21,2023-11-01,11,Emergency,Neurology,Dr. Lewis,Hyperlipidemia,,Furosemide,Albuterol,177.5,86.0,6.1,,95,37.3,93,215,1.52,11.6,Medicaid,63568.53,3,0,No,,Home
47049,Emily,Ramirez,1959-01-27,63,M,439-79-6337,000-000-0000,emily.ramirez66outlook.com,7310 Maple Dr,Phoenix,AL,61153,2022-08-23,2022-09-05,13,Transfer,Surgery,Dr. Lewis,Obesity,Type 2 Diabetes,Metformin,,,83.7,26.4,148/81,83,,91,104,4.49,9.0,BlueCross BlueShield,64935.87,2,0,Yes,Occasional,Discharged to SNF
39982,Thomas,GREEN,1969-02-21,52,M,708544122,3132768104,thomas.green82@aol.com,2022 Elm Way,Boston,CO,52373,2021-09-07,2021-09-28,21,Routine,Orthopedics,Dr. Young,Heart Failure,,Losartan,,192.6,92.6,25.0,113-63,120,36.9,88,333,7.81,12.0,Centene,36211.65,0,1,N,Heavy,Home
PT-15335,Richard,,1958/02/18,65,M,180472703,341-624-9997,richard.lee73@yahoo.com,3591 Elm Rd,Denver,VA,60419,2023-10-16,2023-11-04,19,Transfer,Emergency,Dr. Carter,COPD,Pneumonia,Losartan,Amoxicillin,158.6,N/A,22.8,103/82,95,37.2,99,111,1.0,12.4,Anthem,-463.04,3,1,N,,Transferred
10648,,Campbell,1980-10-12,42,M,253-81-7912,213-276-2249,carol.campbell65@yahoo.com,1104 Main Ln,Baltimore,AZ,68271,2023-08-20,2023-08-29,9,Routine,Surgery,Dr. Adams,Asthma,Pneumonia,Amoxicillin,Albuterol,N/A,108.8,43.8,150/67,89,,98,,5.4,10.1,BlueCross BlueShield,10009.51,3,1,Unknown,Moderate,Home
27282,Jennifer,Martin,1951-11-29,66,F,555-31-3623,383-719-7040,jennifer.martin42outlook.com,3112 Oak Way,Boston,AL,859XX,2018-10-18,2018-11-01,14,Routine,Oncology,Dr. Robinson,Parkinson's Disease,,Albuterol,,189.5 cm,45.9,6.6,155/94,110,37.2,100,124,2.81,8.1,Aetna,61528.71,4,1,N,N/A,Discharged to SNF
55475,Margaret,Walker,1943-07-12,74 yrs,M,881-97-1526,531-882-6955,margaret.walker41@aol.com,7589 Main Blvd,Boston,CO,96282-0000,2018-03-23,2018-04-08,16,Urgent,Psychiatry,Dr. Sanchez,Heart Failure,Epilepsy,Insulin Glargine,Warfarin,170.6,97.9,N/A,156/94,63,38.0,89,94,3.79,11.7,Medicare,60939.83,4,0,N,None,Transferred
60603,PATRICIA,Adams,1960-07-13,60,F,994-40-3384,2728382263,patricia.adams86@yahoo.com,4554 Pine Ave,New York,AL,,2020-12-21,2020-12-27,6,Emergency,Pediatrics,Dr. Clark,Chronic Kidney Disease,Anxiety Disorder,Losartan,,174.4,107.8,35.4,140/60,101,N/A,,,7.79,9.5,Kaiser Permanente,35677.28,5,1,Former,Moderate,Transferred
67760,BETTY,Johnson,1943/07/05,79,F,619-74-1191,000-000-0000,betty.johnson20gmail.com,293 Lake Rd,Dallas,NJ,72570,2022-10-10,2022-11-05,26,Transfer,Surgery,Dr. Hall,Anemia,Heart Failure,Omeprazole,,184.1,,13.9,131/86,50,38.9,-999,,5.2,4.5,,79144.92,4,0,N,None,Transferred
22155,Brian,Rivera,1999/09/28,24,F,821624420,4597672475,brian.rivera30@gmail.com,3962 Washington Ave,Boston,MI,14653,2024-07-24,2024-08-07,14,Urgent,Neurology,Dr. Wright,Osteoarthritis,Rheumatoid Arthritis,Prednisone,,151.2,,22.2,159/101,,37.0,90,236,-999,10.3,Centene,73447.02,2,0,1,N/A,Deceased
35293,Dorothy,Jones,1966-10-26,55,F,946-59-2597,738-817-2303,dorothy.jones17@hotmail.com,2621 Oak Ave,Baltimore,NJ,18306,2021-12-31,2022-01-01,1,Routine,Orthopedics,Dr. Adams,Asthma,Appendicitis,Amoxicillin,,189.4,126.7,35.3,128/108,,36.7,89,-999,1.75,9.9,Medicare,17976.26,0,1,Former,,Home
45714,Jessica,johnson,1992-06-05,28,F,,351-559-6165,jessica.johnson68outlook.com,3110 Cedar St,San Diego,GA,,2021-05-09,2021-06-01,23,Routine,Psychiatry,Dr. Brown,Osteoarthritis,Appendicitis,Albuterol,,N/A,105.7,38.3,137/80,82,,93,106,2.44,12.0,Medicare,12302.9,0,0,0,Occasional,AMA
18286,Margaret,Johnson,1996-07-17,189,M,759-76-7908,000-000-0000,margaret.johnson48@aol.com,8893 Lake Way,Fort Worth,CA,83538,2024-10-23,2024-11-10,18,Urgent,Pediatrics,Dr. Moore,Anemia,UTI,Warfarin,Insulin Glargine,187.0,88.4,25.3,142/102,114,38.2,92,190,-999,6.9,UNKNOWN,48569.31,3,1,Former,Occasional,AMA
93947,Dorothy,Roberts,1967-01-07,56,M,954-44-9827,458-548-5541,dorothy.roberts42@yahoo.com,3085 Maple Dr,Nashville,MA,65231,2023-03-15,2023-03-28,13,Transfer,ICU,Dr. Garcia,Atrial Fibrillation,,Furosemide,Lisinopril,-999,102.2,40.6,132-99,115,38.7,99 %,124,2.55,11.0,Aetna,78362.09,4,0,no,Moderate,AMA
27919,Nancy,Johnson,1955/07/30,64,F,***-**-7597,735-333-8082,nancy.johnson84@yahoo.com,195 Main Ln,Portland,WI,66836,2019-12-30,2020-01-28,29,Routine,Orthopedics,Dr. Gonzalez,UTI,Hyperlipidemia,Lisinopril,,169.6,113.2,39.4,155/78,100,N/A,89,323,2.63,8.0,BlueCross BlueShield,39805.6,2,1,no,None,Transferred
65360,Timothy,Martinez,1971-12-15,48,F,***-**-6512,680-685-9426,timothy.martinez89@aol.com,525 Elm Way,Philadelphia,AZ,46873,2020-08-18,2020-09-11,24,Elective,Pediatrics,Dr. Williams,Depression,,Atorvastatin,,-999,,14.0,156/80,69,N/A,91,N/A,0.84,10.3 %,Anthem,15116.93,3,0,No,,Rehab Facility
28376,Mark,Campbell,1993-06-26,27,M,808674031,659-470-8459,mark.campbell77@yahoo.com,9832 Lake St,Portland,CT,26243,2020-12-13,2020-12-27,14,Urgent,Pediatrics,Dr. Carter,Anemia,,Albuterol,,181.2,89.9,27.4,115-80,110,39.4,92,240,3.96,6.8,Aetna,58272.54,3,1,Former,Occasional,Transferred
26724,Charles,Williams,1970-06-09,50,M,833-63-7396,903-652-4352,CHARLES.WILLIAMS75@AOL.COM,8807 Cedar Dr,Tucson,TN,34548,2020-12-01,2020-12-25,24,Transfer,Oncology,Dr. Johnson,Appendicitis,Parkinson's Disease,Aspirin,Amoxicillin,153.1,-999,,177/98,N/A,37.8,99,72,1.02,9.1,Medicare,62690.41,0,1,1,N/A,Rehab Facility
47474,Melissa,Perez,1957/05/04,62,M,107-13-3090,745-783-3444,melissa.perez29@hotmail.com,1542 Pine Way,Indianapolis,MN,38951,2019-12-31,2020-01-05,5,Elective,Pediatrics,Dr. Hill,COPD,Depression,Losartan,Clopidogrel,179.2,84.6,26.3,156/102,N/A,39.6,,-999,2.47,6.6,Cigna,77423.94,0,0,Former,,Rehab Facility
PT-81233,Barbara,Moore,1974/06/21,43,F,730-97-7700,000-000-0000,barbara.moore72@hotmail.com,7190 Hill Ave,New York,VA,52810,2018-01-23,2018-01-29,6,Urgent,Psychiatry,Dr. Davis,COPD,Parkinson's Disease,Metformin,,,99.5,38.7,100/75,74,N/A,88,100,3.41,6.8,United Health,56107.14,5,1,yes,None,Transferred
31635,Melissa,Hernandez,1942-04-15,77,M,240-22-5403,832-286-7431,melissa.hernandez12@gmail.com,9515 Elm Ave,Baltimore,WI,21061,2019-06-05,2019-06-13,8,Elective,Surgery,Dr. Garcia,Migraine,,Atorvastatin,,176.0,103.0,33.3,159/80,114,37.1,90,323,2.25,4.3,,54709.13,4,0,no,N/A,Rehab Facility
46222,Charles,Davis,1979-01-10,44,Male,126-88-9963,392-847-3890,charles.davis91@outlook.com,6031 Maple Rd,Memphis,AZ,34964,2023-01-01,2023-01-03,2,Routine,ICU,Dr. Hall,Epilepsy,Atrial Fibrillation,Amoxicillin,,193.3,,27.4,161/93,53,-999,94,144,5.36,4.3,BlueCross BlueShield,63306.86,1,0,1,,Transferred
69586,STEVEN,Walker,1975-07-13,48,F,194-64-7392,732-872-5189,steven.walker41@gmail.com,7075 Maple Ave,Louisville,NJ,23143,2024-03-27,2024-04-10,14,Transfer,Oncology,Dr. Rivera,Anxiety Disorder,Obesity,Clopidogrel,,-999,-999,40.5,176/68,68,37.4,88,207,0.6,7.6,BlueCross BlueShield,25040.3,0,0,1,,Deceased
12741,Linda,  Brown  ,1985-04-24,38,M,927-55-8161,565-951-6973,linda.brown11@aol.com,3993 Hill Way,San Jose,AL,71710,2023-09-20,2023-10-11,21,Urgent,Pediatrics,Dr. Hill,Osteoarthritis,Obesity,Sertraline,Sertraline,192.4,-999,23.7,95/101,83,38.1,91,202,2.42,7.1,United Health,-3177.05,5,1,No,Occasional,Transferred
88598,Carol,  Perez  ,1964-12-17,59,MALE,113-53-3634,5563043689,carol.perez14@gmail.com,4626 Washington Ave,Las Vegas,MD,76053,2024-11-24,2024-12-22,28,Elective,Cardiology,Dr. Baker,Hyperlipidemia,Asthma,Warfarin,Hydrochlorothiazide,185.6,70.9,20.6,173/103,86,37.7,96,156,4.3,12.3,Medicaid,19323.01,2,0,no,N/A,Home
29076,Timothy,WALKER,1995-03-24,27,F,492-55-6575,720-601-2876,timothy.walker58@gmail.com,9345 Washington Dr,Charlotte,NY,21040,2022-04-19,2022-05-15,26,Urgent,ICU,Dr. Hill,UTI,Hyperlipidemia,Amoxicillin,Metoprolol,,78.4,32.8,144/83,100,,,228,0.6,5.9,Medicaid,79016.48,2,1,Former,,Discharged to SNF
99583,Dorothy,hall,1970-01-13,48,M,491-48-9093,585-206-9569,dorothy.hall86@hotmail.com,5012 Washington Way,Columbus,CT,69219,2018-05-30,2018-06-06,7,Routine,Oncology,Dr. Young,Hypertension,,Hydrochlorothiazide,Losartan,,101.4,30.2,,119,38.6 C,98,271,1.32,11.6,Humana,11508.3,5,0,No,,Discharged to SNF
68495,Melissa,WALKER,1978-10-19,43,M,559-32-5369,905-468-2431,melissa.walker59outlook.com,3013 Washington St,Portland,MO,45505,2022-08-12,2022-08-24,12,Transfer,Orthopedics,Dr. King,Depression,Appendicitis,Atorvastatin,,151.3,58.3,25.5,174/107,75,39.7,99,200,,7.1,Medicare,43834.23,4,0,Unknown,None,Discharged to SNF
50315,Richard,Smith,1977-05-20,47 yrs,F,791-22-4296,203-606-4292,richard.smith42@hotmail.com,9395 Washington St,San Diego,VA,78966,2024-05-31,2024-06-03,3,Transfer,General Medicine,Dr. White,Appendicitis,Hypertension,Sertraline,Metformin,173.8,-999,20.9,93/76,87,36.4,94,108,3.47,9.7,Medicare,76109.08,0,0,0,N/A,Deceased
82524,JOSHUA,Lee,1958-02-22,N/A,M,,(285) 621-4201,joshua.lee57@aol.com,1463 Park Ave,Dallas,AZ,86727,2018-09-12,2018-09-16,4,Routine,Cardiology,Dr. Davis,Atrial Fibrillation,Atrial Fibrillation,Pantoprazole,Hydrochlorothiazide,-999,104.5,30.7,146/100,87,N/A,94,,3.76,4.4,Medicaid,48758.83,4,0,Y,N/A,Home
00019025,Deborah,RODRIGUEZ,1985-03-27,59,F,789-83-7318,N/A,DEBORAH.RODRIGUEZ60@HOTMAIL.COM,5291 Hill Way,El Paso,GA,445XX,2020-02-05,2020-02-22,17,Routine,Orthopedics,Dr. Harris,Hyperlipidemia,,Aspirin,Warfarin,166.7,71.3,25.7,119/67,56,38.6,99,98,4.08,4.1,KAISER PERMANENTE,74748.47,5,0,Yes,Heavy,Discharged to SNF
PT-45629,George,King,1953-01-29,70,M,419-41-7184,707-763-6671,george.king68@outlook.com,4332 Washington Dr,Louisville,OH,40632,2023-09-11,2023-10-05,24,Emergency,Surgery,Dr. Lewis,Coronary Artery Disease,Alzheimer's Disease,Hydrochlorothiazide,Amoxicillin,163.1,125.3,47.1,102/100,105,38.2,91,151,1.05,4.6,UNKNOWN,63016.33,1,0,1,Moderate,Discharged to SNF
16159,Kimberly,Adams,1971-04-02,49,F,325834757,875-920-6909,NA,6942 Main St,Memphis,LA,69170,2021-02-27,2021-03-21,22,Urgent,Surgery,Dr. Green,Parkinson's Disease,COPD,Aspirin,,176.6,64.8,20.8,,56,36.1,99,309,3.26,10.4,Centene,83339.22,4,0,,Moderate,Transferred
97196,William,NGUYEN,2001-06-21,20,,829-15-6678,733-692-7370,william.nguyen99@aol.com,4211 Washington St,Oklahoma City,KY,62402,2021-06-23,2021-07-02,9,Transfer,General Medicine,Dr. Carter,Pneumonia,Asthma,Hydrochlorothiazide,,,67.3,26.8,159/60,83,36.7,98,329,4.8,4.9,Humana,9264.12,3,0,no,N/A,Rehab Facility
64930,Michael,Davis,,77,M,***-**-7735,N/A,michael.davis62@outlook.com,8736 Hill Rd,Baltimore,KY,28497,2020-06-15,2020-07-15,30,Elective,Psychiatry,Dr. Allen,Type 2 Diabetes,Hyperlipidemia,Aspirin,,175.3,52.0,16.9,151-99,114,37.2,92,121,4.59,7.1,Medicaid,1451.51,2,1,Yes,Moderate,Rehab Facility
18472,Matthew,Gonzalez,,,M,167-82-3699,000-000-0000,matthew.gonzalez99@hotmail.com,7106 Main Rd,Philadelphia,OR,14805,2022-12-14,2022-12-29,15,Urgent,Pediatrics,Dr. Brown,Stroke,Hyperlipidemia,Levothyroxine,Pantoprazole,177.7,61.9,19.6,141/69,109,37.6,100,126,1.2,10.7,Medicare,24336.78,5,1,0,Moderate,Rehab Facility
87553,Elizabeth,Sanchez,1957-12-07,62,F,465-88-2788,785-330-2524,elizabeth.sanchez41@outlook.com,4214 Pine Rd,Charlotte,IN,97560,2020-04-10,2020-04-26,16,Routine,Cardiology,Dr. Davis,Stroke,COPD,Prednisone,Atorvastatin,173.4,96.1 kg,32.0,126/95,57,36.6,96,221,1.55,8.2,Kaiser Permanente,13022.87,1,0,,None,Home
44130,Richard,Lewis,03/06/1997,25,M,450-99-8423,768-461-4372,richard.lewis59@gmail.com,1176 Lake Blvd,El Paso,TN,23477,2022-09-19,2022-10-15,26,Transfer,Emergency,Dr. Scott,Epilepsy,Sepsis,Amlodipine,Aspirin,153.0,49.3,21.1,137/105,111 bpm,N/A,96,340,7.64,5.2,Anthem,47840.5,4,0,,None,Home
PT-84878,lisa,  Nguyen  ,10/27/1998,22,M,748-47-3840,(422) 682-9295,LISA.NGUYEN25@OUTLOOK.COM,3884 Oak Rd,Philadelphia,AZ,95046,2021-09-07,2021-10-06,29,Elective,Oncology,Dr. Sanchez,Obesity,Asthma,Omeprazole,,158.7,82.8,,143/64,88,36.8,89,N/A,1.56,11.7,Medicaid,76881.9,0,0,N,,Deceased
78251,Michelle,ramirez,1957-03-18,N/A,M,321-37-2973,703-352-4238,michelle.ramirez98@yahoo.com,3688 Hill Ave,San Antonio,IN,825XX,2021-12-01,2021-12-31,30,Urgent,Cardiology,Dr. Perez,Epilepsy,Anemia,Levothyroxine,,189.9,69.0,19.1,156/104,N/A,38.7,,336,N/A,5.0,Medicare,4686.89,1,1,no,Heavy,Transferred
84051,Deborah,LEE,2001-10-06,20,F,419-45-8803,,deborah.lee21@outlook.com,1198 Pine Rd,Tucson,NJ,87539,2022-04-17,2022-04-14,-3,Urgent,Surgery,Dr. White,Appendicitis,Hypothyroidism,Amoxicillin,,177.3,56.9,18.1,,76,37.6,99,246,2.01,5.3,,49492.38,0,0,yes,Moderate,Rehab Facility
39180,Andrew,Green,1975-09-05,43,M,379-87-1209,618-979-1994,andrew.green32@hotmail.com,2641 Park St,Louisville,CO,65027,2018-10-11,2018-10-12,1,Urgent,General Medicine,Dr. Martinez,Rheumatoid Arthritis,,Furosemide,,190.9,70.0,19.2,152/98,53,39.2,,237,6.38,7.0,Aetna,82745.97,0,0,0,None,Discharged to SNF
27092,Thomas,Miller,,36,F,802-34-1851,903-649-6586,thomas.miller89@hotmail.com,6666 Oak Dr,Denver,OR,,2018-01-07,2018-01-09,2,Emergency,Pediatrics,Dr. Sanchez,Anxiety Disorder,Obesity,Amlodipine,Losartan,156.2,91.9,37.7,152/106,62,40.0,96,305,6.67,9.7 %,Centene,17766.28,0,0,Former,None,AMA
88157,michael,green,1990-03-01,28,M,339-63-9703,309-330-4645,michael.green3@hotmail.com,5363 Maple Dr,Baltimore,IL,38860,2018-08-12,2018-08-20,8,Transfer,Cardiology,Dr. Jones,Type 2 Diabetes,,Atorvastatin,Amlodipine,N/A,,34.7,179/110,72,38.6,,246,,5.8,BlueCross BlueShield,41073.64,1,0,Unknown,Occasional,Rehab Facility
18760,Kenneth,Davis,1985-04-03,33,M,270-74-8464,996-983-6431,kenneth.davis8@aol.com,681 Cedar Ln,Indianapolis,WA,33816,2018-04-26,2018-05-13,17,Routine,Psychiatry,Dr. Garcia,Type 2 Diabetes,Hyperlipidemia,Pantoprazole,,,119.5,51.2,131/61,88,39.3,99,,0.95 ,4.7,Aetna,24519.1,4,1,Yes,Moderate,Home
64660,Elizabeth,Carter,1995-02-04,,Female,961-44-1574,845-846-7047,,1645 Lake Blvd,Houston,MO,76321,2024-12-04,2024-12-28,24,Elective,Neurology,Dr. Brown,Osteoarthritis,Asthma,Aspirin,Insulin Glargine,-999,101.1,27.3,133/60,58,,93,285,1.94,9.8,Medicare,36516.02,3,0,N,None,AMA
66213,CHRISTOPHER,Brown,1962-01-05,58,F,***-**-2569,799-913-9557,christopher.brown14yahoo.com,3822 Cedar Blvd,Tucson,CT,,2020-12-03,2020-12-26,23,Elective,General Medicine,Dr. Walker,Epilepsy,Appendicitis,Sertraline,Levothyroxine,N/A,67.0,22.2,120/108,85,38.4,94,274,1.81,10.9,Centene,63105.45,2,0,Unknown,Heavy,AMA
97285,Deborah,Lewis,1991-04-13,29,F,504-10-6476,N/A,deborah.lewis73@gmail.com,6057 Maple Way,Fort Worth,OR,33932,2020-09-16,2020-09-18,2,Urgent,Psychiatry,Dr. Johnson,Stroke,Parkinson's Disease,Amoxicillin,,164.4,,26.0,96/98,103,38.5,88,N/A,3.56,7.5,Humana,2659.47,1,1,Former,Moderate,Home
00079056,John,Hernandez,1987-05-23,34,M,***-**-1508,210-695-5204,john.hernandez72@aol.com,2441 Washington Ln,Seattle,CT,39045,2022-03-07,2022-03-31,24,Elective,General Medicine,Dr. Nelson,Heart Failure,Asthma,Omeprazole,,185.1,-999,,,112,37.4,94,253,0.89,11.4,Kaiser Permanente,68700.86,5,0,Unknown,Heavy,Home
86388,michael,davis,1999-02-09,21,M,889-62-7967,936-313-8929,michael.davis53@hotmail.com,8616 Lake Way,Houston,IN,76466,2020-05-12,2020-05-16,4,Emergency,Emergency,Dr. Wright,Hyperlipidemia,Rheumatoid Arthritis,Metformin,,194.8,92.4,24.3,155/72,79,37.8,97,100,4.93,5.8,United Health,80949.09,3,0,no,,AMA
21128,Jessica,LEE,1968-02-25,,F,436-47-4822,(655) 203-2729,jessica.lee16@yahoo.com,9587 Maple Ln,Oklahoma City,KY,615XX,2022-11-24,2022-12-07,13,Elective,Surgery,Dr. Young,Sepsis,Heart Failure,Omeprazole,,-999,115.4,32.7,158/87,-999,36.0,-999,174,N/A,,Aetna,81044.21,3,0,1,N/A,Transferred
63634,Charles,Lopez,,,M,665678087,855-508-2225,charles.lopez42hotmail.com,2232 Oak Rd,Milwaukee,OR,72153,2022-02-08,2022-02-26,18,Emergency,Surgery,Dr. Hernandez,Hyperlipidemia,Asthma,Amoxicillin,,,82.6,32.4,147/72,96,39.9,90,110,5.77,6.7,Anthem,78031.04,4,0,,Heavy,Discharged to SNF
72341,ANDREW,Perez,1966-01-02,N/A,F,597-21-7311,799-804-5696,andrew.perez35@hotmail.com,3083 Hill Dr,Denver,CO,34285,2021-09-20,2021-10-05,15,Urgent,Pediatrics,Dr. Walker,Atrial Fibrillation,COPD,Gabapentin,,184.2,82.0,24.2,110/89,55,39.7,90,348,1.2,8.5,United Health,49926.13,0,0,No,Occasional,Transferred
82218,Linda,Nguyen,1944-08-06,77,F,209-64-4518,752-471-9034,linda.nguyen31@aol.com,6494 Cedar Dr,Memphis,CA,19560,2022-01-25,2022-02-11,17,Routine,Pediatrics,Dr. Williams,Hypertension,Anemia,Metoprolol,,,115.2,,104/64,,38.9,94,301,N/A,N/A,Anthem,11291.95,2,0,Y,Moderate,Discharged to SNF
26144,William,nelson,1957-05-13,66,M,328-28-7335,(368) 749-5136,william.nelson28@yahoo.com,6299 Main Rd,San Francisco,MN,39318,2023-11-04,2023-11-20,16,Routine,Oncology,Dr. Hernandez,Appendicitis,Anxiety Disorder,Hydrochlorothiazide,,157.6,55.6,22.4,N/A,60,39.8,92,93,0.92,8.5,Humana,23605.55,1,1,N,Moderate,Discharged to SNF
99362,Steven,Hall,1959-08-24,58,M,***-**-7070,364-340-9400,steven.hall90@aol.com,3611 Hill Dr,Los Angeles,IL,39865,2018-04-14,2018-05-04,20,Routine,Emergency,Dr. Garcia,Parkinson's Disease,,Pantoprazole,,173.2,-999,17.4,180/69,68,39.2,90,293,7.86,7.2,United Health,52130.06,0,1,no,Moderate,Deceased
68640,JOSHUA,  Gonzalez  ,NULL,39,Male,***-**-8845,2955702422,joshua.gonzalez84@aol.com,3712 Cedar Blvd,Dallas,UT,39242,2024-01-27,2024-02-07,11,Emergency,Orthopedics,Dr. Campbell,Rheumatoid Arthritis,,Furosemide,,190.9,78.1,21.4,108/86,98,,95,250,6.79,4.3,Kaiser Permanente,64908.1,0,0,no,None,Rehab Facility
94231,Paul,Wright,1941-06-24,83,F,188-12-3108,,paul.wright75@yahoo.com,5241 Main Way,San Diego,OK,78946,2024-12-24,2025-01-07,14,Routine,Oncology,Dr. Brown,UTI,,Insulin Glargine,,191.5,108.7,29.6,147/80,62,38.5,100,N/A,,N/A,Medicaid,51758.03,1,1,No,Occasional,Discharged to SNF
48460,Richard,Flores,,44,F,113-77-9256,990-744-6014,richard.flores85@yahoo.com,4381 Hill Dr,San Diego,TX,83820,2021-09-26,2021-10-16,20,Emergency,Psychiatry,Dr. Rivera,Hyperlipidemia,,Metformin,Losartan,,95.6,26.0,N/A,-1,37.8,91,165,1.7,,Anthem,55032.73,4,1,Yes,Moderate,Discharged to SNF
93891,  Patricia  ,mitchell,1948-12-06,69,F,943-40-2680,000-000-0000,patricia.mitchell43@yahoo.com,4563 Maple Ave,Las Vegas,WI,20056,2018-01-24,2018-02-23,30,Urgent,General Medicine,Dr. Harris,Atrial Fibrillation,Alzheimer's Disease,Albuterol,,163.6,86.0,7.8,171/69,106,39.8,98,277,6.83,7.8,MEDICARE,66035.25,0,0,Former,Occasional,Home
19635,ASHLEY,,2003-10-29,18,F,729819933,304-206-3352,ashley.gonzalez73@hotmail.com,2073 Maple Rd,Seattle,MO,67888,2022-04-20,2022-04-28,8,Urgent,Oncology,Dr. Clark,Atrial Fibrillation,Hyperlipidemia,Levothyroxine,Omeprazole,187.8,100.9,28.6,159/76,101,36.5 C,88,122,6.67,11.1 %,UNITED HEALTH,55980.29,1,0,no,None,Discharged to SNF
50786,Mary,Thomas,1990-07-03,29,M,744-90-2683,656-634-7996,mary.thomas15@yahoo.com,6155 Lake Blvd,Louisville,TN,46743,2020-03-29,2020-04-21,23,Emergency,Surgery,Dr. Hernandez,Epilepsy,Rheumatoid Arthritis,Warfarin,,168.5,78.1,27.5,91/109,100 bpm,,95,219,6.07,7.1,United Health,78204.74,3,1,1,Heavy,Discharged to SNF
30870,Elizabeth,Carter,1961-01-15,62 yrs,,***-**-4160,244-248-3376,elizabeth.carter93gmail.com,3128 Cedar St,San Jose,NY,35207,2023-06-10,2023-06-15,5,Urgent,Psychiatry,Dr. Flores,Coronary Artery Disease,Hypertension,Metformin,Omeprazole,168.9,76.2,,130/70,113,39.9,100,313,1.51,11.2,Cigna,15751.43,0,0,Y,Moderate,Home
97193,BETTY,Lee,1945/08/19,76,F,***-**-1440,206-781-9678,betty.lee44@hotmail.com,9786 Cedar Way,Charlotte,NY,553XX,2022-06-23,2022-07-05,12,Urgent,Orthopedics,Dr. Adams,Anxiety Disorder,Rheumatoid Arthritis,Albuterol,Clopidogrel,187.9,86.0,24.4,173/64,,N/A,95,294,7.57,10.8,United Health,16906.04,5,0,yes,Heavy,Rehab Facility
00045200,Melissa,Jones,1970/03/15,51,F,255-63-3832,342-532-6510,NA,1759 Hill Blvd,Memphis,CT,49930,2021-10-05,2021-10-24,19,Urgent,Psychiatry,Dr. Adams,Alzheimer's Disease,Appendicitis,Lisinopril,Amoxicillin,158.5,68.3,27.2 ,,99,38.5,90,294,5.07,9.1,Medicaid,2615.52,0,0,No,N/A,Home
22494,STEVEN,Clark,1948/08/09,73,F,725-98-1478,633-216-9891,steven.clark13@yahoo.com,1017 Washington St,Milwaukee,MA,55087,2021-09-06,2021-10-05,29,Routine,Emergency,Dr. Hill,Heart Failure,Stroke,Metoprolol,Gabapentin,192.0,54.3,14.7,128/101,112,38.4,97,,3.79,10.2,,6155.51,4,1,N,Moderate,AMA
67202,robert,Ramirez,1971-02-11,47,M,452-25-4448,632-740-2207,robert.ramirez78@hotmail.com,4506 Pine Rd,El Paso,CA,80729,2018-09-21,2018-09-26,5,Emergency,Neurology,Dr. Moore,Rheumatoid Arthritis,,Levothyroxine,Lisinopril,178.3,59.9,18.8,125/71,117,38.7,95,N/A,3.38,8.4,Medicare,81163.81,0,0,No,None,AMA
28432,Michael,NGUYEN,12/21/1995,25,M,594-84-8407,845-946-1139,michael.nguyen33@aol.com,8740 Lake Rd,Nashville,MN,92058,2021-10-14,2021-11-12,29,Urgent,Oncology,Dr. Allen,Hyperlipidemia,,Metoprolol,,165.4,,20.6,117/67,89,39.4,89,110,3.22 ,12.8,Kaiser Permanente,70268.95,5,0,no,Moderate,Discharged to SNF
86671,Anthony,Green,1990-05-16,33,M,575-40-3814,,anthony.green47@gmail.com,1216 Lake Way,Philadelphia,TN,69588,2023-06-14,2023-06-16,2,Elective,Cardiology,Dr. Brown,Pneumonia,Hypertension,Warfarin,,175.7,114.2,37.0,104/84,115,36.4,94,346,6.46,N/A,Kaiser Permanente,36470.38,1,0,Former,Heavy,Transferred
32567,Mary,Jackson,1956-03-03,68,F,863-16-2532,220-787-3570,,7155 Washington Blvd,Denver,MA,40266,2024-05-09,2024-06-08,30,Elective,ICU,Dr. Lee,Osteoarthritis,Coronary Artery Disease,Amlodipine,Levothyroxine,157.1,94.5 kg,38.3,160/99,,37.6,89,129,-999,8.2,Centene,4119.05,3,0,No,Heavy,Deceased
PT-19737,Donna,Nguyen,1994-05-05,,M,187-17-2511,370-259-5157,donna.nguyen92@hotmail.com,8379 Park Ln,Dallas,MD,98112,2024-09-17,2024-10-07,20,Transfer,Psychiatry,Dr. Clark,Osteoarthritis,Rheumatoid Arthritis,Albuterol,Sertraline,186.7,89.4,25.6,102/73,18,37.3,96,83,3.91,11.8,Kaiser Permanente,61827.35,2,0,N,Occasional,Home
74883,Charles,Hall,1978-04-15,45,F,723-66-6076,(387) 685-6228,charles.hall57@gmail.com,1029 Maple Blvd,Oklahoma City,IN,45837,2023-11-27,2023-12-03,6,Urgent,Neurology,Dr. Nelson,Osteoarthritis,,Amlodipine,Furosemide,190.6,116.0,31.9,147/82,58,36.2,-999,,7.0,12.6,Medicare,48453.03,1,1,Y,,Home
86512,Michael,  Mitchell  ,1992-01-30,29,F,141-25-8239,694-944-5263,michael.mitchell80@gmail.com,8347 Cedar Ave,Tucson,PA,84356,2021-03-01,2021-03-08,7,Urgent,Neurology,Dr. Jones,Depression,Chronic Kidney Disease,Amlodipine,,154.8,57.6,24.0,121/96,89,38.7,N/A,98,0.96,9.1,UNKNOWN,3106.56,5,0,N,,Deceased
94926,  Betty  ,  Mitchell  ,1994-02-28,-999,F,199-21-2399,420-574-5724,betty.mitchell94aol.com,6269 Park Blvd,Denver,NJ,33637,2018-04-25,2018-05-18,23,Routine,Orthopedics,Dr. Clark,Anxiety Disorder,Depression,Sertraline,Amlodipine,167.7,60.1,21.4,121/79,,-999,93,332,6.89,,Anthem,9832.01,1,0,0,Occasional,Home
77339,Dorothy,Garcia,1983-10-17,41,F,971-40-4069,(236) 511-1928,dorothy.garcia51@yahoo.com,3178 Washington Ave,San Antonio,OR,31343,2024-10-13,2024-10-10,-3,Emergency,Orthopedics,Dr. Johnson,Appendicitis,Chronic Kidney Disease,Prednisone,Insulin Glargine,194.5,86.7,22.9,,70 bpm,38.8,N/A,174,7.76,7.8,Centene,79604.12,0,1,1,Occasional,Home
PT-57655,Linda,Rodriguez,1979-12-09,40,,211-64-8780,408-458-3453,linda.rodriguez71@hotmail.com,8513 Washington Rd,San Francisco,AZ,28943,2020-05-31,2020-06-30,30,Elective,ICU,Dr. Miller,Asthma,Stroke,Gabapentin,,182.7,57.0,17.1,105/109,106,39.8,97,276,6.16,8.1,Kaiser Permanente,78653.4,2,1,Former,N/A,Home
22857,Andrew,BAKER,1985-05-24,-999,M,107-85-2085,941-338-9641,andrew.baker92@yahoo.com,6186 Elm Ave,Jacksonville,TN,72810,2020-08-15,2020-08-22,7,Urgent,ICU,Dr. Nelson,Sepsis,Pneumonia,Losartan,Warfarin,189.9,101.6,28.2,154/86,84,37.3,89,138,5.8,7.5,Cigna,79745.96,5,0,N,Heavy,Discharged to SNF
PT-50315,Linda,Anderson,1968-04-16,54 yrs,M,520-10-1853,277-872-5267,linda.anderson67@gmail.com,960 Washington Rd,Houston,MO,62724,2022-04-22,2022-05-01,9,Elective,General Medicine,Dr. Lee,Anxiety Disorder,Alzheimer's Disease,Furosemide,Losartan,168.0,78.4,27.8,109/99,113,37.2,89,173,7.86,7.2,Cigna,58143.85,5,0,Yes,Moderate,Discharged to SNF
56729,John,Mitchell,1952-12-09,67,F,607995476,301-523-7058,john.mitchell3@outlook.com,4239 Pine Ln,Charlotte,TN,535XX,2020-05-25,2020-05-24,-1,Urgent,Pediatrics,Dr. Rivera,Rheumatoid Arthritis,Parkinson's Disease,Prednisone,,151.9 cm,-999,20.3,129/66,99,37.3,90,216,5.94 ,9.7,Anthem,67910.47,0,0,Yes,Moderate,Discharged to SNF
46441,Karen,King,1981-08-03,42,M,796-58-9819,,karen.king62@hotmail.com,2846 Lake Dr,Tucson,PA,21822,2024-02-03,2024-02-25,22,Emergency,Psychiatry,Dr. Brown,Hypothyroidism,Migraine,Gabapentin,,181.7,78.1,23.7,173/95,88,36.6,89,109,,6.0,Anthem,33205.26,3,0,no,None,Discharged to SNF
53907,Margaret,Clark,2004-07-20,16,F,411-18-2144,278-932-2949,margaret.clark82@yahoo.com,553 Maple Way,Fort Worth,TX,137XX,2021-03-26,2021-03-30,4,Urgent,Cardiology,Dr. Martin,Rheumatoid Arthritis,Anxiety Disorder,Furosemide,Gabapentin,193.0,48.9,13.1,131/85,,39.0,N/A,147,4.36,7.0,Medicare,57167.43,1,0,Y,Occasional,Home
60395,David,Wilson,1953-01-12,71,MALE,288626679,981-700-1623,david.wilson8hotmail.com,4747 Pine Way,Seattle,IL,63806,2024-04-09,2024-04-13,4,Routine,Psychiatry,Dr. Baker,Atrial Fibrillation,Heart Failure,Amoxicillin,Pantoprazole,175.1,79.5,25.9,144/92,-999,39.7,93,298,2.97,11.3,Medicaid,4166.39,0,0,yes,,Discharged to SNF
14769,Nancy,  White  ,2001/05/21,20,F,914-57-1112,793-544-2967,nancy.white78@aol.com,9774 Hill Way,Jacksonville,MD,13793,2021-09-05,2021-09-20,15,Emergency,Orthopedics,Dr. Johnson,Type 2 Diabetes,Hypertension,Losartan,Hydrochlorothiazide,194.8,61.0,16.1,153/86,102,38.8,,,6.76,8.1,KAISER PERMANENTE,62455.41,3,0,0,Heavy,Transferred
71583,  Deborah  ,King,1978-12-04,44,F,450-73-1668,5427464718,deborah.king84yahoo.com,9710 Pine Ave,Austin,KY,94897,2023-07-23,2023-07-29,6,Transfer,Oncology,Dr. Allen,Appendicitis,Coronary Artery Disease,Furosemide,,165.4,98.7,N/A,115/78,61,39.5,98,95,0.9,9.9,Anthem,81437.81,1,0,N,N/A,Rehab Facility
17993,Dorothy,lopez,12/17/1948,72,F,476-55-4145,639-702-4967,dorothy.lopez15@outlook.com,1082 Oak Blvd,Louisville,PA,48142,2021-02-04,2021-02-21,17,Routine,General Medicine,Dr. Gonzalez,Heart Failure,,Prednisone,Metoprolol,168.3,128.4,45.3,N/A,,36.6,100,107,1.19,8.3,Cigna,35975.47,3,1,,,Home
74154,Deborah,White,1952-04-06,69,Unknown,350-27-8812,931-478-2681,NA,2544 Elm Blvd,San Antonio,NC,,2022-02-12,2022-02-26,14,Emergency,Surgery,Dr. Harris,UTI,,Omeprazole,,192.9 cm,54.3,-999,169/65,66,,89,,2.99,6.5,BlueCross BlueShield,40241.02,4,0,Former,,Transferred
85966,Barbara,jones,1988-08-16,34,F,786-30-3081,N/A,barbara.jones39@aol.com,7246 Maple Blvd,Philadelphia,GA,34349,2023-01-14,2023-01-16,2,Urgent,Psychiatry,Dr. Lee,Appendicitis,Migraine,Furosemide,Albuterol,,67.5,22.3,149/108,-999,37.3,98,197,-999,,Cigna,26240.4,2,1,Former,N/A,Deceased
75960,George,Green,1984-11-14,36,Unknown,935-23-3026,971-271-4655,george.green7@aol.com,1344 Maple St,Las Vegas,IL,,2021-10-17,2021-11-05,19,Emergency,Cardiology,Dr. Martinez,Parkinson's Disease,Parkinson's Disease,Insulin Glargine,,162.1,84.0,32.0,125/107,94,39.9,93,178,,,Centene,38997.32,2,0,Unknown,N/A,Rehab Facility
48235,Matthew,clark,1989-11-22,28,F,***-**-8035,786-557-5382,matthew.clark73@hotmail.com,9226 Maple St,Fort Worth,UT,66484,2018-08-06,2018-08-08,2,Routine,Psychiatry,Dr. Baker,Osteoarthritis,Pneumonia,Clopidogrel,,193.0,51.6,-999,169/75,98,,91,,7.52,,United Health,31614.28,1,0,Yes,Heavy,Discharged to SNF
78011,Donna,Anderson,NULL,20,M,566-11-4087,692-844-4109,donna.anderson57aol.com,2320 Lake Way,San Francisco,UT,63069,2021-07-03,2021-07-20,17,Emergency,Oncology,Dr. Gonzalez,Type 2 Diabetes,,Insulin Glargine,Prednisone,189.5,87.9,24.5,174/90,56,36.9,94,315,7.93,7.6,Humana,58326.91,4,1,Y,Heavy,Home
93069,steven,Carter,1950-11-22,72,M,988-18-8795,563-563-3123,STEVEN.CARTER43@YAHOO.COM,2990 Elm Blvd,El Paso,TX,88739,2023-08-16,2023-09-03,18,Elective,General Medicine,Dr. Clark,Heart Failure,Hypertension,Metformin,Losartan,187.0,123.3,35.3,180/107,,37.8,94,215,2.69,8.7,Centene,58714.65,0,1,Yes,N/A,Rehab Facility
00045568,Jessica,Sanchez,03/15/1985,39,M,113-96-7386,(889) 839-6658,jessica.sanchez10@yahoo.com,4514 Maple Ln,Phoenix,MD,21044,2024-12-11,2024-12-28,17,Routine,ICU,Dr. Jones,Hypothyroidism,Atrial Fibrillation,Metformin,,180.9,54.7,16.7,130/60,55,37.2,95,-999,,8.6,Medicaid,63025.1,3,1,Yes,N/A,Transferred
94009,SUSAN,Wright,1977-05-02,42,MALE,188-35-1858,(700) 504-6360,susan.wright47@yahoo.com,132 Cedar Blvd,El Paso,NY,88563,2019-06-08,2019-06-16,8,Elective,Orthopedics,Dr. Campbell,Sepsis,Appendicitis,Metformin,Aspirin,172.4,-999,6.4,177/79,57,38.3,92,-999,5.94,12.8,Anthem,17096.92,5,0,Yes,Occasional,AMA
25384,Elizabeth,Baker,1944-08-14,79,MALE,,677-700-9943,elizabeth.baker13@yahoo.com,4021 Maple Ave,Dallas,MD,77212,2024-01-19,2024-02-11,23,Routine,Neurology,Dr. Campbell,Obesity,Obesity,Omeprazole,Losartan,190.2,,-999,92/70,N/A,,96,-999,6.56,,MEDICARE,57993.31,5,0,no,Occasional,Discharged to SNF
61082,thomas,Carter,1956-09-16,61,Unknown,582-87-9490,440-387-4653,thomas.carter22@yahoo.com,402 Hill Ln,Indianapolis,MA,59879,2018-01-27,2018-01-28,1,Urgent,Surgery,Dr. Garcia,UTI,Atrial Fibrillation,Sertraline,Furosemide,185.4,-999,,102-98,N/A,39.1,88,147,2.13,8.6,,10789.44,0,0,Unknown,Occasional,Deceased
